family,approach_side,distance,horizon,contributing_sessions,episodes,REJECTION_FIRST_n,CONTINUATION_FIRST_n,AMBIGUOUS_n,UNRESOLVED_n,CENSORED_n,REJECTION_FIRST_pct,CONTINUATION_FIRST_pct,AMBIGUOUS_pct,UNRESOLVED_pct,CENSORED_pct,horizon_censored_flag_n,median_mfe_lower_bound,median_mae_lower_bound,median_mfe_envelope_upper,median_mae_envelope_upper,reclaim_n,reclaim_pct_of_rejection_first,quick_reclaim_n,later_reclaim_n,median_time_to_reclaim_seconds
ALL,ABOVE,0.25,5,169,3193,614,298,2093,185,3,19.23,9.33,65.55,5.79,0.09,57,0.340000000000,0.340000000000,0.490000000000,0.360000000000,174,28.34,174,0,120
ALL,ABOVE,0.25,15,169,3193,694,381,2093,22,3,21.74,11.93,65.55,0.69,0.09,128,0.600000000000,0.599000000000,0.690000000000,0.610000000000,352,50.72,245,107,180
ALL,ABOVE,0.25,30,169,3193,702,389,2093,6,3,21.99,12.18,65.55,0.19,0.09,211,0.812500000000,0.800000000000,0.870000000000,0.810000000000,422,60.11,249,173,240
ALL,ABOVE,0.50,5,169,3193,700,586,934,951,22,21.92,18.35,29.25,29.78,0.69,57,0.340000000000,0.340000000000,0.490000000000,0.360000000000,87,12.43,87,0,120
ALL,ABOVE,0.50,15,169,3193,1013,923,935,291,31,31.73,28.91,29.28,9.11,0.97,128,0.600000000000,0.599000000000,0.690000000000,0.610000000000,356,35.14,242,114,240
ALL,ABOVE,0.50,30,169,3193,1114,1010,935,102,32,34.89,31.63,29.28,3.19,1.00,211,0.812500000000,0.800000000000,0.870000000000,0.810000000000,508,45.60,255,253,300
ALL,ABOVE,1.00,5,169,3193,298,324,179,2354,38,9.33,10.15,5.61,73.72,1.19,57,0.340000000000,0.340000000000,0.490000000000,0.360000000000,10,3.36,10,0,120
ALL,ABOVE,1.00,15,169,3193,793,889,179,1250,82,24.84,27.84,5.61,39.15,2.57,128,0.600000000000,0.599000000000,0.690000000000,0.610000000000,118,14.88,70,48,300
ALL,ABOVE,1.00,30,169,3193,1086,1164,179,662,102,34.01,36.45,5.61,20.73,3.19,211,0.812500000000,0.800000000000,0.870000000000,0.810000000000,246,22.65,90,156,420
ALL,BELOW,0.25,5,170,3173,671,334,1938,229,1,21.15,10.53,61.08,7.22,0.03,67,0.325000000000,0.300000000000,0.465000000000,0.315000000000,180,26.83,180,0,120
ALL,BELOW,0.25,15,170,3173,778,436,1938,20,1,24.52,13.74,61.08,0.63,0.03,172,0.560000000000,0.550000000000,0.650000000000,0.560000000000,408,52.44,280,128,180
ALL,BELOW,0.25,30,170,3173,791,440,1938,3,1,24.93,13.87,61.08,0.09,0.03,268,0.760000000000,0.750000000000,0.830000000000,0.750000000000,544,68.77,291,253,300
ALL,BELOW,0.50,5,170,3173,626,476,900,1145,26,19.73,15.00,28.36,36.09,0.82,67,0.325000000000,0.300000000000,0.465000000000,0.315000000000,84,13.42,84,0,120
ALL,BELOW,0.50,15,170,3173,980,856,901,392,44,30.89,26.98,28.40,12.35,1.39,172,0.560000000000,0.550000000000,0.650000000000,0.560000000000,334,34.08,219,115,240
ALL,BELOW,0.50,30,170,3173,1089,981,901,153,49,34.32,30.92,28.40,4.82,1.54,268,0.760000000000,0.750000000000,0.830000000000,0.750000000000,557,51.15,242,315,420
ALL,BELOW,1.00,5,170,3173,289,219,217,2393,55,9.11,6.90,6.84,75.42,1.73,67,0.325000000000,0.300000000000,0.465000000000,0.315000000000,20,6.92,20,0,120
ALL,BELOW,1.00,15,170,3173,771,681,217,1380,124,24.30,21.46,6.84,43.49,3.91,172,0.560000000000,0.550000000000,0.650000000000,0.560000000000,172,22.31,96,76,300
ALL,BELOW,1.00,30,170,3173,1068,937,217,799,152,33.66,29.53,6.84,25.18,4.79,268,0.760000000000,0.750000000000,0.830000000000,0.750000000000,347,32.49,113,234,480
ALL,UNKNOWN,0.25,5,4,4,0,0,4,0,0,0.00,0.00,100.00,0.00,0.00,0,,,,,0,,0,0,
ALL,UNKNOWN,0.25,15,4,4,0,0,4,0,0,0.00,0.00,100.00,0.00,0.00,0,,,,,0,,0,0,
ALL,UNKNOWN,0.25,30,4,4,0,0,4,0,0,0.00,0.00,100.00,0.00,0.00,0,,,,,0,,0,0,
ALL,UNKNOWN,0.50,5,4,4,0,0,4,0,0,0.00,0.00,100.00,0.00,0.00,0,,,,,0,,0,0,
ALL,UNKNOWN,0.50,15,4,4,0,0,4,0,0,0.00,0.00,100.00,0.00,0.00,0,,,,,0,,0,0,
ALL,UNKNOWN,0.50,30,4,4,0,0,4,0,0,0.00,0.00,100.00,0.00,0.00,0,,,,,0,,0,0,
ALL,UNKNOWN,1.00,5,4,4,0,0,4,0,0,0.00,0.00,100.00,0.00,0.00,0,,,,,0,,0,0,
ALL,UNKNOWN,1.00,15,4,4,0,0,4,0,0,0.00,0.00,100.00,0.00,0.00,0,,,,,0,,0,0,
ALL,UNKNOWN,1.00,30,4,4,0,0,4,0,0,0.00,0.00,100.00,0.00,0.00,0,,,,,0,,0,0,
PDH,ABOVE,0.25,5,64,125,22,12,76,14,1,17.60,9.60,60.80,11.20,0.80,2,0.290000000000,0.290000000000,0.440000000000,0.299600000000,6,27.27,6,0,120
PDH,ABOVE,0.25,15,64,125,28,17,76,3,1,22.40,13.60,60.80,2.40,0.80,4,0.490000000000,0.462500000000,0.550000000000,0.462500000000,10,35.71,6,4,180
PDH,ABOVE,0.25,30,64,125,29,18,76,1,1,23.20,14.40,60.80,0.80,0.80,7,0.650000000000,0.580000000000,0.729000000000,0.580000000000,12,41.38,7,5,210
PDH,ABOVE,0.50,5,64,125,31,21,31,40,2,24.80,16.80,24.80,32.00,1.60,2,0.290000000000,0.290000000000,0.440000000000,0.299600000000,5,16.13,5,0,60
PDH,ABOVE,0.50,15,64,125,39,31,31,22,2,31.20,24.80,24.80,17.60,1.60,4,0.490000000000,0.462500000000,0.550000000000,0.462500000000,11,28.21,9,2,180
PDH,ABOVE,0.50,30,64,125,48,36,31,8,2,38.40,28.80,24.80,6.40,1.60,7,0.650000000000,0.580000000000,0.729000000000,0.580000000000,17,35.42,10,7,300
PDH,ABOVE,1.00,5,64,125,9,11,9,94,2,7.20,8.80,7.20,75.20,1.60,2,0.290000000000,0.290000000000,0.440000000000,0.299600000000,1,11.11,1,0,60
PDH,ABOVE,1.00,15,64,125,25,25,9,63,3,20.00,20.00,7.20,50.40,2.40,4,0.490000000000,0.462500000000,0.550000000000,0.462500000000,3,12.00,3,0,180
PDH,ABOVE,1.00,30,64,125,38,37,9,38,3,30.40,29.60,7.20,30.40,2.40,7,0.650000000000,0.580000000000,0.729000000000,0.580000000000,3,7.89,3,0,180
PDH,BELOW,0.25,5,72,108,18,13,66,11,0,16.67,12.04,61.11,10.19,0.00,0,0.255000000000,0.380750000000,0.435000000000,0.380750000000,6,33.33,6,0,90
PDH,BELOW,0.25,15,72,108,22,19,66,1,0,20.37,17.59,61.11,0.93,0.00,5,0.365000000000,0.620000000000,0.515000000000,0.625000000000,14,63.64,10,4,180
PDH,BELOW,0.25,30,72,108,23,19,66,0,0,21.30,17.59,61.11,0.00,0.00,7,0.515000000000,0.775000000000,0.640000000000,0.777500000000,16,69.57,10,6,180
PDH,BELOW,0.50,5,72,108,16,15,34,43,0,14.81,13.89,31.48,39.81,0.00,0,0.255000000000,0.380750000000,0.435000000000,0.380750000000,3,18.75,3,0,120
PDH,BELOW,0.50,15,72,108,21,37,34,14,2,19.44,34.26,31.48,12.96,1.85,5,0.365000000000,0.620000000000,0.515000000000,0.625000000000,9,42.86,6,3,180
PDH,BELOW,0.50,30,72,108,26,40,34,6,2,24.07,37.04,31.48,5.56,1.85,7,0.515000000000,0.775000000000,0.640000000000,0.777500000000,12,46.15,6,6,270
PDH,BELOW,1.00,5,72,108,5,6,10,87,0,4.63,5.56,9.26,80.56,0.00,0,0.255000000000,0.380750000000,0.435000000000,0.380750000000,1,20.00,1,0,120
PDH,BELOW,1.00,15,72,108,17,26,10,50,5,15.74,24.07,9.26,46.30,4.63,5,0.365000000000,0.620000000000,0.515000000000,0.625000000000,7,41.18,3,4,360
PDH,BELOW,1.00,30,72,108,28,37,10,27,6,25.93,34.26,9.26,25.00,5.56,7,0.515000000000,0.775000000000,0.640000000000,0.777500000000,11,39.29,5,6,360
PDH,UNKNOWN,0.25,5,0,0,0,0,0,0,0,,,,,,0,,,,,0,,0,0,
PDH,UNKNOWN,0.25,15,0,0,0,0,0,0,0,,,,,,0,,,,,0,,0,0,
PDH,UNKNOWN,0.25,30,0,0,0,0,0,0,0,,,,,,0,,,,,0,,0,0,
PDH,UNKNOWN,0.50,5,0,0,0,0,0,0,0,,,,,,0,,,,,0,,0,0,
PDH,UNKNOWN,0.50,15,0,0,0,0,0,0,0,,,,,,0,,,,,0,,0,0,
PDH,UNKNOWN,0.50,30,0,0,0,0,0,0,0,,,,,,0,,,,,0,,0,0,
PDH,UNKNOWN,1.00,5,0,0,0,0,0,0,0,,,,,,0,,,,,0,,0,0,
PDH,UNKNOWN,1.00,15,0,0,0,0,0,0,0,,,,,,0,,,,,0,,0,0,
PDH,UNKNOWN,1.00,30,0,0,0,0,0,0,0,,,,,,0,,,,,0,,0,0,
PDL,ABOVE,0.25,5,56,123,26,15,80,2,0,21.14,12.20,65.04,1.63,0.00,2,0.330000000000,0.430000000000,0.480000000000,0.435000000000,4,15.38,4,0,90
PDL,ABOVE,0.25,15,56,123,27,16,80,0,0,21.95,13.01,65.04,0.00,0.00,4,0.590000000000,0.610000000000,0.710000000000,0.630000000000,14,51.85,8,6,270
PDL,ABOVE,0.25,30,56,123,27,16,80,0,0,21.95,13.01,65.04,0.00,0.00,7,0.800000000000,0.815000000000,0.870000000000,0.830000000000,15,55.56,8,7,300
PDL,ABOVE,0.50,5,56,123,30,33,32,28,0,24.39,26.83,26.02,22.76,0.00,2,0.330000000000,0.430000000000,0.480000000000,0.435000000000,2,6.67,2,0,180
PDL,ABOVE,0.50,15,56,123,46,39,32,6,0,37.40,31.71,26.02,4.88,0.00,4,0.590000000000,0.610000000000,0.710000000000,0.630000000000,9,19.57,4,5,360
PDL,ABOVE,0.50,30,56,123,47,42,32,2,0,38.21,34.15,26.02,1.63,0.00,7,0.800000000000,0.815000000000,0.870000000000,0.830000000000,15,31.91,5,10,600
PDL,ABOVE,1.00,5,56,123,12,15,7,89,0,9.76,12.20,5.69,72.36,0.00,2,0.330000000000,0.430000000000,0.480000000000,0.435000000000,1,8.33,1,0,120
PDL,ABOVE,1.00,15,56,123,29,36,7,49,2,23.58,29.27,5.69,39.84,1.63,4,0.590000000000,0.610000000000,0.710000000000,0.630000000000,3,10.34,1,2,420
PDL,ABOVE,1.00,30,56,123,42,51,7,21,2,34.15,41.46,5.69,17.07,1.63,7,0.800000000000,0.815000000000,0.870000000000,0.830000000000,5,11.90,1,4,420
PDL,BELOW,0.25,5,47,90,25,11,51,3,0,27.78,12.22,56.67,3.33,0.00,0,0.340050000000,0.345000000000,0.500000000000,0.355000000000,8,32.00,8,0,60
PDL,BELOW,0.25,15,47,90,26,12,51,1,0,28.89,13.33,56.67,1.11,0.00,6,0.535050000000,0.510000000000,0.665000000000,0.510000000000,18,69.23,11,7,180
PDL,BELOW,0.25,30,47,90,27,12,51,0,0,30.00,13.33,56.67,0.00,0.00,7,0.815000000000,0.765000000000,0.854500000000,0.765000000000,23,85.19,11,12,420
PDL,BELOW,0.50,5,47,90,16,20,29,25,0,17.78,22.22,32.22,27.78,0.00,0,0.340050000000,0.345000000000,0.500000000000,0.355000000000,1,6.25,1,0,60
PDL,BELOW,0.50,15,47,90,24,27,29,9,1,26.67,30.00,32.22,10.00,1.11,6,0.535050000000,0.510000000000,0.665000000000,0.510000000000,9,37.50,5,4,300
PDL,BELOW,0.50,30,47,90,28,30,29,2,1,31.11,33.33,32.22,2.22,1.11,7,0.815000000000,0.765000000000,0.854500000000,0.765000000000,18,64.29,6,12,510
PDL,BELOW,1.00,5,47,90,11,6,7,66,0,12.22,6.67,7.78,73.33,0.00,0,0.340050000000,0.345000000000,0.500000000000,0.355000000000,1,9.09,1,0,180
PDL,BELOW,1.00,15,47,90,22,15,7,40,6,24.44,16.67,7.78,44.44,6.67,6,0.535050000000,0.510000000000,0.665000000000,0.510000000000,7,31.82,5,2,180
PDL,BELOW,1.00,30,47,90,29,26,7,22,6,32.22,28.89,7.78,24.44,6.67,7,0.815000000000,0.765000000000,0.854500000000,0.765000000000,15,51.72,5,10,540
PDL,UNKNOWN,0.25,5,0,0,0,0,0,0,0,,,,,,0,,,,,0,,0,0,
PDL,UNKNOWN,0.25,15,0,0,0,0,0,0,0,,,,,,0,,,,,0,,0,0,
PDL,UNKNOWN,0.25,30,0,0,0,0,0,0,0,,,,,,0,,,,,0,,0,0,
PDL,UNKNOWN,0.50,5,0,0,0,0,0,0,0,,,,,,0,,,,,0,,0,0,
PDL,UNKNOWN,0.50,15,0,0,0,0,0,0,0,,,,,,0,,,,,0,,0,0,
PDL,UNKNOWN,0.50,30,0,0,0,0,0,0,0,,,,,,0,,,,,0,,0,0,
PDL,UNKNOWN,1.00,5,0,0,0,0,0,0,0,,,,,,0,,,,,0,,0,0,
PDL,UNKNOWN,1.00,15,0,0,0,0,0,0,0,,,,,,0,,,,,0,,0,0,
PDL,UNKNOWN,1.00,30,0,0,0,0,0,0,0,,,,,,0,,,,,0,,0,0,
PMH,ABOVE,0.25,5,1,1,0,0,1,0,0,0.00,0.00,100.00,0.00,0.00,0,0.200000000000,0.690000000000,0.260000000000,0.690000000000,0,,0,0,
PMH,ABOVE,0.25,15,1,1,0,0,1,0,0,0.00,0.00,100.00,0.00,0.00,0,0.200000000000,0.780000000000,0.260000000000,0.780000000000,0,,0,0,
PMH,ABOVE,0.25,30,1,1,0,0,1,0,0,0.00,0.00,100.00,0.00,0.00,0,2.660000000000,0.780000000000,2.660000000000,0.780000000000,0,,0,0,
PMH,ABOVE,0.50,5,1,1,0,1,0,0,0,0.00,100.00,0.00,0.00,0.00,0,0.200000000000,0.690000000000,0.260000000000,0.690000000000,0,,0,0,
PMH,ABOVE,0.50,15,1,1,0,1,0,0,0,0.00,100.00,0.00,0.00,0.00,0,0.200000000000,0.780000000000,0.260000000000,0.780000000000,0,,0,0,
PMH,ABOVE,0.50,30,1,1,0,1,0,0,0,0.00,100.00,0.00,0.00,0.00,0,2.660000000000,0.780000000000,2.660000000000,0.780000000000,0,,0,0,
PMH,ABOVE,1.00,5,1,1,0,0,0,1,0,0.00,0.00,0.00,100.00,0.00,0,0.200000000000,0.690000000000,0.260000000000,0.690000000000,0,,0,0,
PMH,ABOVE,1.00,15,1,1,0,0,0,1,0,0.00,0.00,0.00,100.00,0.00,0,0.200000000000,0.780000000000,0.260000000000,0.780000000000,0,,0,0,
PMH,ABOVE,1.00,30,1,1,1,0,0,0,0,100.00,0.00,0.00,0.00,0.00,0,2.660000000000,0.780000000000,2.660000000000,0.780000000000,0,0.00,0,0,
PMH,BELOW,0.25,5,1,2,1,0,1,0,0,50.00,0.00,50.00,0.00,0.00,0,0.925000000000,0.370000000000,0.925000000000,0.370000000000,0,0.00,0,0,
PMH,BELOW,0.25,15,1,2,1,0,1,0,0,50.00,0.00,50.00,0.00,0.00,0,1.310000000000,0.390000000000,1.310000000000,0.390000000000,0,0.00,0,0,
PMH,BELOW,0.25,30,1,2,1,0,1,0,0,50.00,0.00,50.00,0.00,0.00,0,1.680000000000,0.390000000000,1.680000000000,0.390000000000,0,0.00,0,0,
PMH,BELOW,0.50,5,1,2,2,0,0,0,0,100.00,0.00,0.00,0.00,0.00,0,0.925000000000,0.370000000000,0.925000000000,0.370000000000,1,50.00,1,0,60
PMH,BELOW,0.50,15,1,2,2,0,0,0,0,100.00,0.00,0.00,0.00,0.00,0,1.310000000000,0.390000000000,1.310000000000,0.390000000000,1,50.00,1,0,60
PMH,BELOW,0.50,30,1,2,2,0,0,0,0,100.00,0.00,0.00,0.00,0.00,0,1.680000000000,0.390000000000,1.680000000000,0.390000000000,1,50.00,1,0,60
PMH,BELOW,1.00,5,1,2,1,0,0,1,0,50.00,0.00,0.00,50.00,0.00,0,0.925000000000,0.370000000000,0.925000000000,0.370000000000,0,0.00,0,0,
PMH,BELOW,1.00,15,1,2,2,0,0,0,0,100.00,0.00,0.00,0.00,0.00,0,1.310000000000,0.390000000000,1.310000000000,0.390000000000,0,0.00,0,0,
PMH,BELOW,1.00,30,1,2,2,0,0,0,0,100.00,0.00,0.00,0.00,0.00,0,1.680000000000,0.390000000000,1.680000000000,0.390000000000,0,0.00,0,0,
PMH,UNKNOWN,0.25,5,0,0,0,0,0,0,0,,,,,,0,,,,,0,,0,0,
PMH,UNKNOWN,0.25,15,0,0,0,0,0,0,0,,,,,,0,,,,,0,,0,0,
PMH,UNKNOWN,0.25,30,0,0,0,0,0,0,0,,,,,,0,,,,,0,,0,0,
PMH,UNKNOWN,0.50,5,0,0,0,0,0,0,0,,,,,,0,,,,,0,,0,0,
PMH,UNKNOWN,0.50,15,0,0,0,0,0,0,0,,,,,,0,,,,,0,,0,0,
PMH,UNKNOWN,0.50,30,0,0,0,0,0,0,0,,,,,,0,,,,,0,,0,0,
PMH,UNKNOWN,1.00,5,0,0,0,0,0,0,0,,,,,,0,,,,,0,,0,0,
PMH,UNKNOWN,1.00,15,0,0,0,0,0,0,0,,,,,,0,,,,,0,,0,0,
PMH,UNKNOWN,1.00,30,0,0,0,0,0,0,0,,,,,,0,,,,,0,,0,0,
PML,ABOVE,0.25,5,2,5,1,0,4,0,0,20.00,0.00,80.00,0.00,0.00,0,0.370000000000,0.200000000000,0.950000000000,0.340000000000,0,0.00,0,0,
PML,ABOVE,0.25,15,2,5,1,0,4,0,0,20.00,0.00,80.00,0.00,0.00,0,0.520000000000,0.570000000000,0.950000000000,0.570000000000,0,0.00,0,0,
PML,ABOVE,0.25,30,2,5,1,0,4,0,0,20.00,0.00,80.00,0.00,0.00,0,1.260000000000,0.825000000000,1.260000000000,0.825000000000,0,0.00,0,0,
PML,ABOVE,0.50,5,2,5,0,1,3,1,0,0.00,20.00,60.00,20.00,0.00,0,0.370000000000,0.200000000000,0.950000000000,0.340000000000,0,,0,0,
PML,ABOVE,0.50,15,2,5,0,1,3,1,0,0.00,20.00,60.00,20.00,0.00,0,0.520000000000,0.570000000000,0.950000000000,0.570000000000,0,,0,0,
PML,ABOVE,0.50,30,2,5,1,1,3,0,0,20.00,20.00,60.00,0.00,0.00,0,1.260000000000,0.825000000000,1.260000000000,0.825000000000,0,0.00,0,0,
PML,ABOVE,1.00,5,2,5,2,0,0,3,0,40.00,0.00,0.00,60.00,0.00,0,0.370000000000,0.200000000000,0.950000000000,0.340000000000,0,0.00,0,0,
PML,ABOVE,1.00,15,2,5,2,1,0,2,0,40.00,20.00,0.00,40.00,0.00,0,0.520000000000,0.570000000000,0.950000000000,0.570000000000,1,50.00,1,0,240
PML,ABOVE,1.00,30,2,5,3,1,0,1,0,60.00,20.00,0.00,20.00,0.00,0,1.260000000000,0.825000000000,1.260000000000,0.825000000000,2,66.67,1,1,690
PML,BELOW,0.25,5,2,3,1,1,1,0,0,33.33,33.33,33.33,0.00,0.00,0,0.330000000000,0.290000000000,0.330000000000,0.290000000000,0,0.00,0,0,
PML,BELOW,0.25,15,2,3,1,1,1,0,0,33.33,33.33,33.33,0.00,0.00,0,0.532500000000,0.420000000000,0.532500000000,0.420000000000,0,0.00,0,0,
PML,BELOW,0.25,30,2,3,1,1,1,0,0,33.33,33.33,33.33,0.00,0.00,1,0.532500000000,1.390000000000,0.532500000000,1.390000000000,1,100.00,0,1,1620
PML,BELOW,0.50,5,2,3,0,0,1,2,0,0.00,0.00,33.33,66.67,0.00,0,0.330000000000,0.290000000000,0.330000000000,0.290000000000,0,,0,0,
PML,BELOW,0.50,15,2,3,1,1,1,0,0,33.33,33.33,33.33,0.00,0.00,0,0.532500000000,0.420000000000,0.532500000000,0.420000000000,1,100.00,1,0,180
PML,BELOW,0.50,30,2,3,1,1,1,0,0,33.33,33.33,33.33,0.00,0.00,1,0.532500000000,1.390000000000,0.532500000000,1.390000000000,1,100.00,1,0,180
PML,BELOW,1.00,5,2,3,0,0,1,2,0,0.00,0.00,33.33,66.67,0.00,0,0.330000000000,0.290000000000,0.330000000000,0.290000000000,0,,0,0,
PML,BELOW,1.00,15,2,3,0,0,1,2,0,0.00,0.00,33.33,66.67,0.00,0,0.532500000000,0.420000000000,0.532500000000,0.420000000000,0,,0,0,
PML,BELOW,1.00,30,2,3,0,1,1,1,0,0.00,33.33,33.33,33.33,0.00,1,0.532500000000,1.390000000000,0.532500000000,1.390000000000,0,,0,0,
PML,UNKNOWN,0.25,5,0,0,0,0,0,0,0,,,,,,0,,,,,0,,0,0,
PML,UNKNOWN,0.25,15,0,0,0,0,0,0,0,,,,,,0,,,,,0,,0,0,
PML,UNKNOWN,0.25,30,0,0,0,0,0,0,0,,,,,,0,,,,,0,,0,0,
PML,UNKNOWN,0.50,5,0,0,0,0,0,0,0,,,,,,0,,,,,0,,0,0,
PML,UNKNOWN,0.50,15,0,0,0,0,0,0,0,,,,,,0,,,,,0,,0,0,
PML,UNKNOWN,0.50,30,0,0,0,0,0,0,0,,,,,,0,,,,,0,,0,0,
PML,UNKNOWN,1.00,5,0,0,0,0,0,0,0,,,,,,0,,,,,0,,0,0,
PML,UNKNOWN,1.00,15,0,0,0,0,0,0,0,,,,,,0,,,,,0,,0,0,
PML,UNKNOWN,1.00,30,0,0,0,0,0,0,0,,,,,,0,,,,,0,,0,0,
ORH5,ABOVE,0.25,5,85,162,28,25,100,9,0,17.28,15.43,61.73,5.56,0.00,5,0.282500000000,0.283000000000,0.420000000000,0.290000000000,7,25.00,7,0,60
ORH5,ABOVE,0.25,15,85,162,33,28,100,1,0,20.37,17.28,61.73,0.62,0.00,10,0.511450000000,0.510000000000,0.625000000000,0.510000000000,14,42.42,10,4,120
ORH5,ABOVE,0.25,30,85,162,33,29,100,0,0,20.37,17.90,61.73,0.00,0.00,12,0.740000000000,0.600000000000,0.797500000000,0.610000000000,18,54.55,10,8,150
ORH5,ABOVE,0.50,5,85,162,38,30,30,63,1,23.46,18.52,18.52,38.89,0.62,5,0.282500000000,0.283000000000,0.420000000000,0.290000000000,1,2.63,1,0,180
ORH5,ABOVE,0.50,15,85,162,56,55,30,18,3,34.57,33.95,18.52,11.11,1.85,10,0.511450000000,0.510000000000,0.625000000000,0.510000000000,18,32.14,8,10,360
ORH5,ABOVE,0.50,30,85,162,61,61,30,7,3,37.65,37.65,18.52,4.32,1.85,12,0.740000000000,0.600000000000,0.797500000000,0.610000000000,28,45.90,8,20,510
ORH5,ABOVE,1.00,5,85,162,4,10,5,139,4,2.47,6.17,3.09,85.80,2.47,5,0.282500000000,0.283000000000,0.420000000000,0.290000000000,0,0.00,0,0,
ORH5,ABOVE,1.00,15,85,162,29,26,5,94,8,17.90,16.05,3.09,58.02,4.94,10,0.511450000000,0.510000000000,0.625000000000,0.510000000000,2,6.90,2,0,210
ORH5,ABOVE,1.00,30,85,162,55,44,5,49,9,33.95,27.16,3.09,30.25,5.56,12,0.740000000000,0.600000000000,0.797500000000,0.610000000000,10,18.18,5,5,330
ORH5,BELOW,0.25,5,152,275,57,28,170,20,0,20.73,10.18,61.82,7.27,0.00,3,0.320000000000,0.310000000000,0.450000000000,0.330000000000,17,29.82,17,0,120
ORH5,BELOW,0.25,15,152,275,67,37,170,1,0,24.36,13.45,61.82,0.36,0.00,5,0.570000000000,0.610000000000,0.665000000000,0.620000000000,39,58.21,24,15,180
ORH5,BELOW,0.25,30,152,275,68,37,170,0,0,24.73,13.45,61.82,0.00,0.00,8,0.835000000000,0.820000000000,0.860000000000,0.820000000000,51,75.00,25,26,360
ORH5,BELOW,0.50,5,152,275,56,53,68,97,1,20.36,19.27,24.73,35.27,0.36,3,0.320000000000,0.310000000000,0.450000000000,0.330000000000,10,17.86,10,0,60
ORH5,BELOW,0.50,15,152,275,89,89,68,27,2,32.36,32.36,24.73,9.82,0.73,5,0.570000000000,0.610000000000,0.665000000000,0.620000000000,37,41.57,24,13,240
ORH5,BELOW,0.50,30,152,275,95,102,68,7,3,34.55,37.09,24.73,2.55,1.09,8,0.835000000000,0.820000000000,0.860000000000,0.820000000000,61,64.21,25,36,480
ORH5,BELOW,1.00,5,152,275,37,24,9,203,2,13.45,8.73,3.27,73.82,0.73,3,0.320000000000,0.310000000000,0.450000000000,0.330000000000,1,2.70,1,0,60
ORH5,BELOW,1.00,15,152,275,75,69,9,119,3,27.27,25.09,3.27,43.27,1.09,5,0.570000000000,0.610000000000,0.665000000000,0.620000000000,19,25.33,6,13,420
ORH5,BELOW,1.00,30,152,275,99,99,9,62,6,36.00,36.00,3.27,22.55,2.18,8,0.835000000000,0.820000000000,0.860000000000,0.820000000000,41,41.41,9,32,540
ORH5,UNKNOWN,0.25,5,2,2,0,0,2,0,0,0.00,0.00,100.00,0.00,0.00,0,,,,,0,,0,0,
ORH5,UNKNOWN,0.25,15,2,2,0,0,2,0,0,0.00,0.00,100.00,0.00,0.00,0,,,,,0,,0,0,
ORH5,UNKNOWN,0.25,30,2,2,0,0,2,0,0,0.00,0.00,100.00,0.00,0.00,0,,,,,0,,0,0,
ORH5,UNKNOWN,0.50,5,2,2,0,0,2,0,0,0.00,0.00,100.00,0.00,0.00,0,,,,,0,,0,0,
ORH5,UNKNOWN,0.50,15,2,2,0,0,2,0,0,0.00,0.00,100.00,0.00,0.00,0,,,,,0,,0,0,
ORH5,UNKNOWN,0.50,30,2,2,0,0,2,0,0,0.00,0.00,100.00,0.00,0.00,0,,,,,0,,0,0,
ORH5,UNKNOWN,1.00,5,2,2,0,0,2,0,0,0.00,0.00,100.00,0.00,0.00,0,,,,,0,,0,0,
ORH5,UNKNOWN,1.00,15,2,2,0,0,2,0,0,0.00,0.00,100.00,0.00,0.00,0,,,,,0,,0,0,
ORH5,UNKNOWN,1.00,30,2,2,0,0,2,0,0,0.00,0.00,100.00,0.00,0.00,0,,,,,0,,0,0,
ORL5,ABOVE,0.25,5,145,302,61,20,203,18,0,20.20,6.62,67.22,5.96,0.00,3,0.400000000000,0.300000000000,0.507500000000,0.330000000000,18,29.51,18,0,120
ORL5,ABOVE,0.25,15,145,302,66,32,203,1,0,21.85,10.60,67.22,0.33,0.00,6,0.670000000000,0.640000000000,0.730050000000,0.643800000000,31,46.97,24,7,180
ORL5,ABOVE,0.25,30,145,302,67,32,203,0,0,22.19,10.60,67.22,0.00,0.00,7,0.845000000000,0.827500000000,0.875000000000,0.865000000000,38,56.72,24,14,240
ORL5,ABOVE,0.50,5,145,302,77,49,87,88,1,25.50,16.23,28.81,29.14,0.33,3,0.400000000000,0.300000000000,0.507500000000,0.330000000000,17,22.08,17,0,120
ORL5,ABOVE,0.50,15,145,302,105,89,88,19,1,34.77,29.47,29.14,6.29,0.33,6,0.670000000000,0.640000000000,0.730050000000,0.643800000000,41,39.05,32,9,180
ORL5,ABOVE,0.50,30,145,302,109,98,88,6,1,36.09,32.45,29.14,1.99,0.33,7,0.845000000000,0.827500000000,0.875000000000,0.865000000000,52,47.71,32,20,240
ORL5,ABOVE,1.00,5,145,302,31,29,16,224,2,10.26,9.60,5.30,74.17,0.66,3,0.400000000000,0.300000000000,0.507500000000,0.330000000000,4,12.90,4,0,150
ORL5,ABOVE,1.00,15,145,302,86,88,16,108,4,28.48,29.14,5.30,35.76,1.32,6,0.670000000000,0.640000000000,0.730050000000,0.643800000000,9,10.47,7,2,180
ORL5,ABOVE,1.00,30,145,302,106,110,16,65,5,35.10,36.42,5.30,21.52,1.66,7,0.845000000000,0.827500000000,0.875000000000,0.865000000000,24,22.64,10,14,390
ORL5,BELOW,0.25,5,66,120,33,9,65,13,0,27.50,7.50,54.17,10.83,0.00,2,0.337500000000,0.215000000000,0.422500000000,0.230000000000,9,27.27,9,0,120
ORL5,BELOW,0.25,15,66,120,37,17,65,1,0,30.83,14.17,54.17,0.83,0.00,5,0.581050000000,0.424950000000,0.660000000000,0.424950000000,20,54.05,13,7,180
ORL5,BELOW,0.25,30,66,120,37,17,65,1,0,30.83,14.17,54.17,0.83,0.00,11,0.675000000000,0.577500000000,0.710200000000,0.577500000000,23,62.16,13,10,240
ORL5,BELOW,0.50,5,66,120,23,10,25,60,2,19.17,8.33,20.83,50.00,1.67,2,0.337500000000,0.215000000000,0.422500000000,0.230000000000,3,13.04,3,0,120
ORL5,BELOW,0.50,15,66,120,44,25,25,23,3,36.67,20.83,20.83,19.17,2.50,5,0.581050000000,0.424950000000,0.660000000000,0.424950000000,14,31.82,7,7,360
ORL5,BELOW,0.50,30,66,120,51,33,25,8,3,42.50,27.50,20.83,6.67,2.50,11,0.675000000000,0.577500000000,0.710200000000,0.577500000000,23,45.10,10,13,420
ORL5,BELOW,1.00,5,66,120,7,5,7,99,2,5.83,4.17,5.83,82.50,1.67,2,0.337500000000,0.215000000000,0.422500000000,0.230000000000,0,0.00,0,0,
ORL5,BELOW,1.00,15,66,120,30,19,7,59,5,25.00,15.83,5.83,49.17,4.17,5,0.581050000000,0.424950000000,0.660000000000,0.424950000000,2,6.67,2,0,210
ORL5,BELOW,1.00,30,66,120,38,25,7,42,8,31.67,20.83,5.83,35.00,6.67,11,0.675000000000,0.577500000000,0.710200000000,0.577500000000,9,23.68,2,7,600
ORL5,UNKNOWN,0.25,5,0,0,0,0,0,0,0,,,,,,0,,,,,0,,0,0,
ORL5,UNKNOWN,0.25,15,0,0,0,0,0,0,0,,,,,,0,,,,,0,,0,0,
ORL5,UNKNOWN,0.25,30,0,0,0,0,0,0,0,,,,,,0,,,,,0,,0,0,
ORL5,UNKNOWN,0.50,5,0,0,0,0,0,0,0,,,,,,0,,,,,0,,0,0,
ORL5,UNKNOWN,0.50,15,0,0,0,0,0,0,0,,,,,,0,,,,,0,,0,0,
ORL5,UNKNOWN,0.50,30,0,0,0,0,0,0,0,,,,,,0,,,,,0,,0,0,
ORL5,UNKNOWN,1.00,5,0,0,0,0,0,0,0,,,,,,0,,,,,0,,0,0,
ORL5,UNKNOWN,1.00,15,0,0,0,0,0,0,0,,,,,,0,,,,,0,,0,0,
ORL5,UNKNOWN,1.00,30,0,0,0,0,0,0,0,,,,,,0,,,,,0,,0,0,
PWH,ABOVE,0.25,5,28,52,11,7,25,8,1,21.15,13.46,48.08,15.38,1.92,2,0.231500000000,0.208650000000,0.357500000000,0.227500000000,2,18.18,2,0,90
PWH,ABOVE,0.25,15,28,52,15,9,25,2,1,28.85,17.31,48.08,3.85,1.92,3,0.462450000000,0.435000000000,0.502500000000,0.435000000000,5,33.33,3,2,300
PWH,ABOVE,0.25,30,28,52,15,9,25,2,1,28.85,17.31,48.08,3.85,1.92,4,0.555000000000,0.570000000000,0.562500000000,0.570000000000,6,40.00,3,3,330
PWH,ABOVE,0.50,5,28,52,8,5,11,26,2,15.38,9.62,21.15,50.00,3.85,2,0.231500000000,0.208650000000,0.357500000000,0.227500000000,0,0.00,0,0,
PWH,ABOVE,0.50,15,28,52,15,13,11,11,2,28.85,25.00,21.15,21.15,3.85,3,0.462450000000,0.435000000000,0.502500000000,0.435000000000,4,26.67,2,2,330
PWH,ABOVE,0.50,30,28,52,17,16,11,6,2,32.69,30.77,21.15,11.54,3.85,4,0.555000000000,0.570000000000,0.562500000000,0.570000000000,6,35.29,2,4,570
PWH,ABOVE,1.00,5,28,52,2,3,3,42,2,3.85,5.77,5.77,80.77,3.85,2,0.231500000000,0.208650000000,0.357500000000,0.227500000000,0,0.00,0,0,
PWH,ABOVE,1.00,15,28,52,5,9,3,32,3,9.62,17.31,5.77,61.54,5.77,3,0.462450000000,0.435000000000,0.502500000000,0.435000000000,0,0.00,0,0,
PWH,ABOVE,1.00,30,28,52,11,12,3,23,3,21.15,23.08,5.77,44.23,5.77,4,0.555000000000,0.570000000000,0.562500000000,0.570000000000,2,18.18,1,1,480
PWH,BELOW,0.25,5,31,52,9,5,30,8,0,17.31,9.62,57.69,15.38,0.00,1,0.235000000000,0.230000000000,0.335000000000,0.247500000000,0,0.00,0,0,
PWH,BELOW,0.25,15,31,52,14,8,30,0,0,26.92,15.38,57.69,0.00,0.00,2,0.407500000000,0.390000000000,0.470000000000,0.390000000000,3,21.43,2,1,300
PWH,BELOW,0.25,30,31,52,14,8,30,0,0,26.92,15.38,57.69,0.00,0.00,6,0.515000000000,0.650000000000,0.620000000000,0.650000000000,8,57.14,2,6,750
PWH,BELOW,0.50,5,31,52,9,6,12,24,1,17.31,11.54,23.08,46.15,1.92,1,0.235000000000,0.230000000000,0.335000000000,0.247500000000,1,11.11,1,0,120
PWH,BELOW,0.50,15,31,52,13,12,12,14,1,25.00,23.08,23.08,26.92,1.92,2,0.407500000000,0.390000000000,0.470000000000,0.390000000000,1,7.69,1,0,120
PWH,BELOW,0.50,30,31,52,17,16,12,5,2,32.69,30.77,23.08,9.62,3.85,6,0.515000000000,0.650000000000,0.620000000000,0.650000000000,6,35.29,2,4,840
PWH,BELOW,1.00,5,31,52,1,3,3,44,1,1.92,5.77,5.77,84.62,1.92,1,0.235000000000,0.230000000000,0.335000000000,0.247500000000,0,0.00,0,0,
PWH,BELOW,1.00,15,31,52,9,11,3,27,2,17.31,21.15,5.77,51.92,3.85,2,0.407500000000,0.390000000000,0.470000000000,0.390000000000,1,11.11,0,1,360
PWH,BELOW,1.00,30,31,52,12,12,3,22,3,23.08,23.08,5.77,42.31,5.77,6,0.515000000000,0.650000000000,0.620000000000,0.650000000000,2,16.67,0,2,810
PWH,UNKNOWN,0.25,5,0,0,0,0,0,0,0,,,,,,0,,,,,0,,0,0,
PWH,UNKNOWN,0.25,15,0,0,0,0,0,0,0,,,,,,0,,,,,0,,0,0,
PWH,UNKNOWN,0.25,30,0,0,0,0,0,0,0,,,,,,0,,,,,0,,0,0,
PWH,UNKNOWN,0.50,5,0,0,0,0,0,0,0,,,,,,0,,,,,0,,0,0,
PWH,UNKNOWN,0.50,15,0,0,0,0,0,0,0,,,,,,0,,,,,0,,0,0,
PWH,UNKNOWN,0.50,30,0,0,0,0,0,0,0,,,,,,0,,,,,0,,0,0,
PWH,UNKNOWN,1.00,5,0,0,0,0,0,0,0,,,,,,0,,,,,0,,0,0,
PWH,UNKNOWN,1.00,15,0,0,0,0,0,0,0,,,,,,0,,,,,0,,0,0,
PWH,UNKNOWN,1.00,30,0,0,0,0,0,0,0,,,,,,0,,,,,0,,0,0,
PWL,ABOVE,0.25,5,27,50,8,4,36,2,0,16.00,8.00,72.00,4.00,0.00,1,0.347500000000,0.495000000000,0.502500000000,0.495000000000,2,25.00,2,0,180
PWL,ABOVE,0.25,15,27,50,10,4,36,0,0,20.00,8.00,72.00,0.00,0.00,2,0.710000000000,0.650000000000,0.730000000000,0.650000000000,7,70.00,4,3,240
PWL,ABOVE,0.25,30,27,50,10,4,36,0,0,20.00,8.00,72.00,0.00,0.00,4,0.957500000000,0.822500000000,0.957500000000,0.822500000000,7,70.00,4,3,240
PWL,ABOVE,0.50,5,27,50,8,8,19,14,1,16.00,16.00,38.00,28.00,2.00,1,0.347500000000,0.495000000000,0.502500000000,0.495000000000,1,12.50,1,0,120
PWL,ABOVE,0.50,15,27,50,16,12,19,2,1,32.00,24.00,38.00,4.00,2.00,2,0.710000000000,0.650000000000,0.730000000000,0.650000000000,5,31.25,3,2,180
PWL,ABOVE,0.50,30,27,50,17,13,19,0,1,34.00,26.00,38.00,0.00,2.00,4,0.957500000000,0.822500000000,0.957500000000,0.822500000000,8,47.06,4,4,300
PWL,ABOVE,1.00,5,27,50,2,6,4,37,1,4.00,12.00,8.00,74.00,2.00,1,0.347500000000,0.495000000000,0.502500000000,0.495000000000,0,0.00,0,0,
PWL,ABOVE,1.00,15,27,50,13,15,4,16,2,26.00,30.00,8.00,32.00,4.00,2,0.710000000000,0.650000000000,0.730000000000,0.650000000000,2,15.38,1,1,270
PWL,ABOVE,1.00,30,27,50,16,19,4,8,3,32.00,38.00,8.00,16.00,6.00,4,0.957500000000,0.822500000000,0.957500000000,0.822500000000,4,25.00,2,2,330
PWL,BELOW,0.25,5,23,40,6,4,30,0,0,15.00,10.00,75.00,0.00,0.00,0,0.599000000000,0.416000000000,0.665000000000,0.425000000000,1,16.67,1,0,120
PWL,BELOW,0.25,15,23,40,6,4,30,0,0,15.00,10.00,75.00,0.00,0.00,1,1.107500000000,0.649950000000,1.107500000000,0.649950000000,2,33.33,2,0,150
PWL,BELOW,0.25,30,23,40,6,4,30,0,0,15.00,10.00,75.00,0.00,0.00,1,1.305000000000,0.910000000000,1.305000000000,0.910000000000,2,33.33,2,0,150
PWL,BELOW,0.50,5,23,40,10,6,19,5,0,25.00,15.00,47.50,12.50,0.00,0,0.599000000000,0.416000000000,0.665000000000,0.425000000000,0,0.00,0,0,
PWL,BELOW,0.50,15,23,40,13,8,19,0,0,32.50,20.00,47.50,0.00,0.00,1,1.107500000000,0.649950000000,1.107500000000,0.649950000000,2,15.38,1,1,360
PWL,BELOW,0.50,30,23,40,13,8,19,0,0,32.50,20.00,47.50,0.00,0.00,1,1.305000000000,0.910000000000,1.305000000000,0.910000000000,5,38.46,1,4,540
PWL,BELOW,1.00,5,23,40,7,4,2,27,0,17.50,10.00,5.00,67.50,0.00,0,0.599000000000,0.416000000000,0.665000000000,0.425000000000,0,0.00,0,0,
PWL,BELOW,1.00,15,23,40,18,13,2,7,0,45.00,32.50,5.00,17.50,0.00,1,1.107500000000,0.649950000000,1.107500000000,0.649950000000,3,16.67,1,2,420
PWL,BELOW,1.00,30,23,40,19,16,2,3,0,47.50,40.00,5.00,7.50,0.00,1,1.305000000000,0.910000000000,1.305000000000,0.910000000000,7,36.84,2,5,480
PWL,UNKNOWN,0.25,5,0,0,0,0,0,0,0,,,,,,0,,,,,0,,0,0,
PWL,UNKNOWN,0.25,15,0,0,0,0,0,0,0,,,,,,0,,,,,0,,0,0,
PWL,UNKNOWN,0.25,30,0,0,0,0,0,0,0,,,,,,0,,,,,0,,0,0,
PWL,UNKNOWN,0.50,5,0,0,0,0,0,0,0,,,,,,0,,,,,0,,0,0,
PWL,UNKNOWN,0.50,15,0,0,0,0,0,0,0,,,,,,0,,,,,0,,0,0,
PWL,UNKNOWN,0.50,30,0,0,0,0,0,0,0,,,,,,0,,,,,0,,0,0,
PWL,UNKNOWN,1.00,5,0,0,0,0,0,0,0,,,,,,0,,,,,0,,0,0,
PWL,UNKNOWN,1.00,15,0,0,0,0,0,0,0,,,,,,0,,,,,0,,0,0,
PWL,UNKNOWN,1.00,30,0,0,0,0,0,0,0,,,,,,0,,,,,0,,0,0,
1H_HIGH,ABOVE,0.25,5,130,1127,226,97,714,89,1,20.05,8.61,63.35,7.90,0.09,18,0.330000000000,0.320000000000,0.469100000000,0.340000000000,62,27.43,62,0,120
1H_HIGH,ABOVE,0.25,15,130,1127,263,139,714,10,1,23.34,12.33,63.35,0.89,0.09,39,0.590000000000,0.570000000000,0.679900000000,0.590000000000,133,50.57,90,43,180
1H_HIGH,ABOVE,0.25,30,130,1127,267,143,714,2,1,23.69,12.69,63.35,0.18,0.09,80,0.800000000000,0.780000000000,0.840000000000,0.790000000000,165,61.80,92,73,240
1H_HIGH,ABOVE,0.50,5,130,1127,224,202,325,369,7,19.88,17.92,28.84,32.74,0.62,18,0.330000000000,0.320000000000,0.469100000000,0.340000000000,23,10.27,23,0,120
1H_HIGH,ABOVE,0.50,15,130,1127,349,327,325,116,10,30.97,29.02,28.84,10.29,0.89,39,0.590000000000,0.570000000000,0.679900000000,0.590000000000,112,32.09,76,36,240
1H_HIGH,ABOVE,0.50,30,130,1127,390,361,325,40,11,34.61,32.03,28.84,3.55,0.98,80,0.800000000000,0.780000000000,0.840000000000,0.790000000000,173,44.36,82,91,360
1H_HIGH,ABOVE,1.00,5,130,1127,109,109,58,836,15,9.67,9.67,5.15,74.18,1.33,18,0.330000000000,0.320000000000,0.469100000000,0.340000000000,1,0.92,1,0,120
1H_HIGH,ABOVE,1.00,15,130,1127,267,300,58,476,26,23.69,26.62,5.15,42.24,2.31,39,0.590000000000,0.570000000000,0.679900000000,0.590000000000,42,15.73,23,19,300
1H_HIGH,ABOVE,1.00,30,130,1127,376,400,58,254,39,33.36,35.49,5.15,22.54,3.46,80,0.800000000000,0.780000000000,0.840000000000,0.790000000000,85,22.61,27,58,480
1H_HIGH,BELOW,0.25,5,129,1170,274,135,644,116,1,23.42,11.54,55.04,9.91,0.09,30,0.290000000000,0.265000000000,0.430000000000,0.280000000000,66,24.09,66,0,120
1H_HIGH,BELOW,0.25,15,129,1170,332,182,644,11,1,28.38,15.56,55.04,0.94,0.09,73,0.515000000000,0.480000000000,0.595000000000,0.500000000000,159,47.89,111,48,180
1H_HIGH,BELOW,0.25,30,129,1170,339,185,644,1,1,28.97,15.81,55.04,0.09,0.09,113,0.670000000000,0.650000000000,0.745000000000,0.660000000000,227,66.96,117,110,300
1H_HIGH,BELOW,0.50,5,129,1170,219,156,296,487,12,18.72,13.33,25.30,41.62,1.03,30,0.290000000000,0.265000000000,0.430000000000,0.280000000000,27,12.33,27,0,120
1H_HIGH,BELOW,0.50,15,129,1170,366,307,296,182,19,31.28,26.24,25.30,15.56,1.62,73,0.515000000000,0.480000000000,0.595000000000,0.500000000000,111,30.33,72,39,240
1H_HIGH,BELOW,0.50,30,129,1170,407,361,296,85,21,34.79,30.85,25.30,7.26,1.79,113,0.670000000000,0.650000000000,0.745000000000,0.660000000000,197,48.40,82,115,420
1H_HIGH,BELOW,1.00,5,129,1170,92,73,70,909,26,7.86,6.24,5.98,77.69,2.22,30,0.290000000000,0.265000000000,0.430000000000,0.280000000000,9,9.78,9,0,120
1H_HIGH,BELOW,1.00,15,129,1170,267,228,70,552,53,22.82,19.49,5.98,47.18,4.53,73,0.515000000000,0.480000000000,0.595000000000,0.500000000000,56,20.97,32,24,300
1H_HIGH,BELOW,1.00,30,129,1170,370,305,70,359,66,31.62,26.07,5.98,30.68,5.64,113,0.670000000000,0.650000000000,0.745000000000,0.660000000000,110,29.73,34,76,480
1H_HIGH,UNKNOWN,0.25,5,1,1,0,0,1,0,0,0.00,0.00,100.00,0.00,0.00,0,,,,,0,,0,0,
1H_HIGH,UNKNOWN,0.25,15,1,1,0,0,1,0,0,0.00,0.00,100.00,0.00,0.00,0,,,,,0,,0,0,
1H_HIGH,UNKNOWN,0.25,30,1,1,0,0,1,0,0,0.00,0.00,100.00,0.00,0.00,0,,,,,0,,0,0,
1H_HIGH,UNKNOWN,0.50,5,1,1,0,0,1,0,0,0.00,0.00,100.00,0.00,0.00,0,,,,,0,,0,0,
1H_HIGH,UNKNOWN,0.50,15,1,1,0,0,1,0,0,0.00,0.00,100.00,0.00,0.00,0,,,,,0,,0,0,
1H_HIGH,UNKNOWN,0.50,30,1,1,0,0,1,0,0,0.00,0.00,100.00,0.00,0.00,0,,,,,0,,0,0,
1H_HIGH,UNKNOWN,1.00,5,1,1,0,0,1,0,0,0.00,0.00,100.00,0.00,0.00,0,,,,,0,,0,0,
1H_HIGH,UNKNOWN,1.00,15,1,1,0,0,1,0,0,0.00,0.00,100.00,0.00,0.00,0,,,,,0,,0,0,
1H_HIGH,UNKNOWN,1.00,30,1,1,0,0,1,0,0,0.00,0.00,100.00,0.00,0.00,0,,,,,0,,0,0,
1H_LOW,ABOVE,0.25,5,129,1246,231,118,854,43,0,18.54,9.47,68.54,3.45,0.00,24,0.367500000000,0.380000000000,0.520000000000,0.390050000000,73,31.60,73,0,120
1H_LOW,ABOVE,0.25,15,129,1246,251,136,854,5,0,20.14,10.91,68.54,0.40,0.00,60,0.630000000000,0.670000000000,0.720000000000,0.687500000000,138,54.98,100,38,180
1H_LOW,ABOVE,0.25,30,129,1246,253,138,854,1,0,20.30,11.08,68.54,0.08,0.00,90,0.840000000000,0.890000000000,0.930000000000,0.895000000000,161,63.64,101,60,240
1H_LOW,ABOVE,0.50,5,129,1246,284,236,396,322,8,22.79,18.94,31.78,25.84,0.64,24,0.367500000000,0.380000000000,0.520000000000,0.390050000000,38,13.38,38,0,60
1H_LOW,ABOVE,0.50,15,129,1246,387,355,396,96,12,31.06,28.49,31.78,7.70,0.96,60,0.630000000000,0.670000000000,0.720000000000,0.687500000000,156,40.31,108,48,240
1H_LOW,ABOVE,0.50,30,129,1246,424,381,396,33,12,34.03,30.58,31.78,2.65,0.96,90,0.840000000000,0.890000000000,0.930000000000,0.895000000000,209,49.29,112,97,300
1H_LOW,ABOVE,1.00,5,129,1246,127,141,77,889,12,10.19,11.32,6.18,71.35,0.96,24,0.367500000000,0.380000000000,0.520000000000,0.390050000000,3,2.36,3,0,180
1H_LOW,ABOVE,1.00,15,129,1246,337,389,77,409,34,27.05,31.22,6.18,32.83,2.73,60,0.630000000000,0.670000000000,0.720000000000,0.687500000000,56,16.62,32,24,300
1H_LOW,ABOVE,1.00,30,129,1246,438,490,77,203,38,35.15,39.33,6.18,16.29,3.05,90,0.840000000000,0.890000000000,0.930000000000,0.895000000000,111,25.34,40,71,420
1H_LOW,BELOW,0.25,5,123,1313,247,128,880,58,0,18.81,9.75,67.02,4.42,0.00,31,0.360000000000,0.330000000000,0.500300000000,0.350000000000,73,29.55,73,0,120
1H_LOW,BELOW,0.25,15,123,1313,272,156,880,5,0,20.72,11.88,67.02,0.38,0.00,75,0.600000000000,0.625000000000,0.700000000000,0.630000000000,153,56.25,107,46,180
1H_LOW,BELOW,0.25,30,123,1313,275,157,880,1,0,20.94,11.96,67.02,0.08,0.00,114,0.870000000000,0.840000000000,0.925000000000,0.840000000000,193,70.18,111,82,240
1H_LOW,BELOW,0.50,5,123,1313,275,210,416,402,10,20.94,15.99,31.68,30.62,0.76,31,0.360000000000,0.330000000000,0.500300000000,0.350000000000,38,13.82,38,0,120
1H_LOW,BELOW,0.50,15,123,1313,407,350,417,123,16,31.00,26.66,31.76,9.37,1.22,75,0.600000000000,0.625000000000,0.700000000000,0.630000000000,149,36.61,101,48,240
1H_LOW,BELOW,0.50,30,123,1313,449,390,417,40,17,34.20,29.70,31.76,3.05,1.29,114,0.870000000000,0.840000000000,0.925000000000,0.840000000000,233,51.89,108,125,360
1H_LOW,BELOW,1.00,5,123,1313,128,98,108,955,24,9.75,7.46,8.23,72.73,1.83,31,0.360000000000,0.330000000000,0.500300000000,0.350000000000,8,6.25,8,0,120
1H_LOW,BELOW,1.00,15,123,1313,331,300,108,524,50,25.21,22.85,8.23,39.91,3.81,75,0.600000000000,0.625000000000,0.700000000000,0.630000000000,77,23.26,47,30,300
1H_LOW,BELOW,1.00,30,123,1313,471,416,108,261,57,35.87,31.68,8.23,19.88,4.34,114,0.870000000000,0.840000000000,0.925000000000,0.840000000000,152,32.27,56,96,450
1H_LOW,UNKNOWN,0.25,5,1,1,0,0,1,0,0,0.00,0.00,100.00,0.00,0.00,0,,,,,0,,0,0,
1H_LOW,UNKNOWN,0.25,15,1,1,0,0,1,0,0,0.00,0.00,100.00,0.00,0.00,0,,,,,0,,0,0,
1H_LOW,UNKNOWN,0.25,30,1,1,0,0,1,0,0,0.00,0.00,100.00,0.00,0.00,0,,,,,0,,0,0,
1H_LOW,UNKNOWN,0.50,5,1,1,0,0,1,0,0,0.00,0.00,100.00,0.00,0.00,0,,,,,0,,0,0,
1H_LOW,UNKNOWN,0.50,15,1,1,0,0,1,0,0,0.00,0.00,100.00,0.00,0.00,0,,,,,0,,0,0,
1H_LOW,UNKNOWN,0.50,30,1,1,0,0,1,0,0,0.00,0.00,100.00,0.00,0.00,0,,,,,0,,0,0,
1H_LOW,UNKNOWN,1.00,5,1,1,0,0,1,0,0,0.00,0.00,100.00,0.00,0.00,0,,,,,0,,0,0,
1H_LOW,UNKNOWN,1.00,15,1,1,0,0,1,0,0,0.00,0.00,100.00,0.00,0.00,0,,,,,0,,0,0,
1H_LOW,UNKNOWN,1.00,30,1,1,0,0,1,0,0,0.00,0.00,100.00,0.00,0.00,0,,,,,0,,0,0,
