family,breach_history,distance,horizon,contributing_sessions,episodes,REJECTION_FIRST_n,CONTINUATION_FIRST_n,AMBIGUOUS_n,UNRESOLVED_n,CENSORED_n,REJECTION_FIRST_pct,CONTINUATION_FIRST_pct,AMBIGUOUS_pct,UNRESOLVED_pct,CENSORED_pct,horizon_censored_flag_n,median_mfe_lower_bound,median_mae_lower_bound,median_mfe_envelope_upper,median_mae_envelope_upper,reclaim_n,reclaim_pct_of_rejection_first,quick_reclaim_n,later_reclaim_n,median_time_to_reclaim_seconds
ALL,NEVER_BREACHED,0.25,5,170,637,101,40,466,30,0,15.86,6.28,73.16,4.71,0.00,10,0.370000000000,0.370000000000,0.540000000000,0.400000000000,29,28.71,29,0,120
ALL,NEVER_BREACHED,0.25,15,170,637,118,50,466,3,0,18.52,7.85,73.16,0.47,0.00,20,0.660000000000,0.690000000000,0.770000000000,0.730000000000,57,48.31,40,17,180
ALL,NEVER_BREACHED,0.25,30,170,637,119,52,466,0,0,18.68,8.16,73.16,0.00,0.00,28,0.870000000000,0.875000000000,1.030000000000,0.890000000000,73,61.34,41,32,240
ALL,NEVER_BREACHED,0.50,5,170,637,143,108,224,160,2,22.45,16.95,35.16,25.12,0.31,10,0.370000000000,0.370000000000,0.540000000000,0.400000000000,27,18.88,27,0,120
ALL,NEVER_BREACHED,0.50,15,170,637,190,168,225,48,6,29.83,26.37,35.32,7.54,0.94,20,0.660000000000,0.690000000000,0.770000000000,0.730000000000,66,34.74,50,16,180
ALL,NEVER_BREACHED,0.50,30,170,637,201,184,225,21,6,31.55,28.89,35.32,3.30,0.94,28,0.870000000000,0.875000000000,1.030000000000,0.890000000000,98,48.76,51,47,300
ALL,NEVER_BREACHED,1.00,5,170,637,79,61,59,435,3,12.40,9.58,9.26,68.29,0.47,10,0.370000000000,0.370000000000,0.540000000000,0.400000000000,10,12.66,10,0,120
ALL,NEVER_BREACHED,1.00,15,170,637,186,180,59,202,10,29.20,28.26,9.26,31.71,1.57,20,0.660000000000,0.690000000000,0.770000000000,0.730000000000,42,22.58,21,21,330
ALL,NEVER_BREACHED,1.00,30,170,637,228,229,59,110,11,35.79,35.95,9.26,17.27,1.73,28,0.870000000000,0.875000000000,1.030000000000,0.890000000000,70,30.70,26,44,390
ALL,PENETRATED_NO_CLOSE_THROUGH,0.25,5,37,48,11,7,30,0,0,22.92,14.58,62.50,0.00,0.00,1,0.314950000000,0.412500000000,0.560000000000,0.427500000000,5,45.45,5,0,120
ALL,PENETRATED_NO_CLOSE_THROUGH,0.25,15,37,48,11,7,30,0,0,22.92,14.58,62.50,0.00,0.00,2,0.620000000000,0.640000000000,0.780000000000,0.650050000000,6,54.55,5,1,120
ALL,PENETRATED_NO_CLOSE_THROUGH,0.25,30,37,48,11,7,30,0,0,22.92,14.58,62.50,0.00,0.00,3,0.900000000000,0.727850000000,0.929000000000,0.735000000000,6,54.55,5,1,120
ALL,PENETRATED_NO_CLOSE_THROUGH,0.50,5,37,48,9,2,21,16,0,18.75,4.17,43.75,33.33,0.00,1,0.314950000000,0.412500000000,0.560000000000,0.427500000000,2,22.22,2,0,90
ALL,PENETRATED_NO_CLOSE_THROUGH,0.50,15,37,48,14,7,21,6,0,29.17,14.58,43.75,12.50,0.00,2,0.620000000000,0.640000000000,0.780000000000,0.650050000000,3,21.43,2,1,120
ALL,PENETRATED_NO_CLOSE_THROUGH,0.50,30,37,48,14,13,21,0,0,29.17,27.08,43.75,0.00,0.00,3,0.900000000000,0.727850000000,0.929000000000,0.735000000000,3,21.43,2,1,120
ALL,PENETRATED_NO_CLOSE_THROUGH,1.00,5,37,48,4,5,1,37,1,8.33,10.42,2.08,77.08,2.08,1,0.314950000000,0.412500000000,0.560000000000,0.427500000000,0,0.00,0,0,
ALL,PENETRATED_NO_CLOSE_THROUGH,1.00,15,37,48,16,12,1,18,1,33.33,25.00,2.08,37.50,2.08,2,0.620000000000,0.640000000000,0.780000000000,0.650050000000,2,12.50,2,0,150
ALL,PENETRATED_NO_CLOSE_THROUGH,1.00,30,37,48,18,16,1,12,1,37.50,33.33,2.08,25.00,2.08,3,0.900000000000,0.727850000000,0.929000000000,0.735000000000,3,16.67,2,1,180
ALL,COMPLETED_CLOSE_THROUGH,0.25,5,168,5685,1173,585,3539,384,4,20.63,10.29,62.25,6.75,0.07,113,0.330000000000,0.310000000000,0.470000000000,0.330000000000,320,27.28,320,0,120
ALL,COMPLETED_CLOSE_THROUGH,0.25,15,168,5685,1343,760,3539,39,4,23.62,13.37,62.25,0.69,0.07,278,0.570000000000,0.560000000000,0.660000000000,0.570000000000,697,51.90,480,217,180
ALL,COMPLETED_CLOSE_THROUGH,0.25,30,168,5685,1363,770,3539,9,4,23.98,13.54,62.25,0.16,0.07,448,0.780000000000,0.760000000000,0.835000000000,0.770000000000,887,65.08,494,393,300
ALL,COMPLETED_CLOSE_THROUGH,0.50,5,168,5685,1174,952,1593,1920,46,20.65,16.75,28.02,33.77,0.81,113,0.330000000000,0.310000000000,0.470000000000,0.330000000000,142,12.10,142,0,120
ALL,COMPLETED_CLOSE_THROUGH,0.50,15,168,5685,1789,1604,1594,629,69,31.47,28.21,28.04,11.06,1.21,278,0.570000000000,0.560000000000,0.660000000000,0.570000000000,621,34.71,409,212,240
ALL,COMPLETED_CLOSE_THROUGH,0.50,30,168,5685,1988,1794,1594,234,75,34.97,31.56,28.04,4.12,1.32,448,0.780000000000,0.760000000000,0.835000000000,0.770000000000,964,48.49,444,520,360
ALL,COMPLETED_CLOSE_THROUGH,1.00,5,168,5685,504,477,340,4275,89,8.87,8.39,5.98,75.20,1.57,113,0.330000000000,0.310000000000,0.470000000000,0.330000000000,20,3.97,20,0,120
ALL,COMPLETED_CLOSE_THROUGH,1.00,15,168,5685,1362,1378,340,2410,195,23.96,24.24,5.98,42.39,3.43,278,0.570000000000,0.560000000000,0.660000000000,0.570000000000,246,18.06,143,103,300
ALL,COMPLETED_CLOSE_THROUGH,1.00,30,168,5685,1908,1856,340,1339,242,33.56,32.65,5.98,23.55,4.26,448,0.780000000000,0.760000000000,0.835000000000,0.770000000000,520,27.25,175,345,480
ALL,UNKNOWN,0.25,5,0,0,0,0,0,0,0,,,,,,0,,,,,0,,0,0,
ALL,UNKNOWN,0.25,15,0,0,0,0,0,0,0,,,,,,0,,,,,0,,0,0,
ALL,UNKNOWN,0.25,30,0,0,0,0,0,0,0,,,,,,0,,,,,0,,0,0,
ALL,UNKNOWN,0.50,5,0,0,0,0,0,0,0,,,,,,0,,,,,0,,0,0,
ALL,UNKNOWN,0.50,15,0,0,0,0,0,0,0,,,,,,0,,,,,0,,0,0,
ALL,UNKNOWN,0.50,30,0,0,0,0,0,0,0,,,,,,0,,,,,0,,0,0,
ALL,UNKNOWN,1.00,5,0,0,0,0,0,0,0,,,,,,0,,,,,0,,0,0,
ALL,UNKNOWN,1.00,15,0,0,0,0,0,0,0,,,,,,0,,,,,0,,0,0,
ALL,UNKNOWN,1.00,30,0,0,0,0,0,0,0,,,,,,0,,,,,0,,0,0,
PDH,NEVER_BREACHED,0.25,5,64,64,9,7,44,4,0,14.06,10.94,68.75,6.25,0.00,0,0.250000000000,0.470000000000,0.540000000000,0.502500000000,4,44.44,4,0,150
PDH,NEVER_BREACHED,0.25,15,64,64,12,8,44,0,0,18.75,12.50,68.75,0.00,0.00,1,0.372500000000,0.745000000000,0.640000000000,0.750000000000,5,41.67,4,1,180
PDH,NEVER_BREACHED,0.25,30,64,64,12,8,44,0,0,18.75,12.50,68.75,0.00,0.00,1,0.675000000000,1.035000000000,0.922500000000,1.035000000000,7,58.33,4,3,180
PDH,NEVER_BREACHED,0.50,5,64,64,11,8,27,18,0,17.19,12.50,42.19,28.12,0.00,0,0.250000000000,0.470000000000,0.540000000000,0.502500000000,2,18.18,2,0,150
PDH,NEVER_BREACHED,0.50,15,64,64,13,17,27,6,1,20.31,26.56,42.19,9.38,1.56,1,0.372500000000,0.745000000000,0.640000000000,0.750000000000,4,30.77,2,2,270
PDH,NEVER_BREACHED,0.50,30,64,64,16,18,27,2,1,25.00,28.12,42.19,3.12,1.56,1,0.675000000000,1.035000000000,0.922500000000,1.035000000000,6,37.50,2,4,390
PDH,NEVER_BREACHED,1.00,5,64,64,5,6,10,43,0,7.81,9.38,15.62,67.19,0.00,0,0.250000000000,0.470000000000,0.540000000000,0.502500000000,1,20.00,1,0,120
PDH,NEVER_BREACHED,1.00,15,64,64,13,17,10,23,1,20.31,26.56,15.62,35.94,1.56,1,0.372500000000,0.745000000000,0.640000000000,0.750000000000,5,38.46,2,3,360
PDH,NEVER_BREACHED,1.00,30,64,64,19,23,10,11,1,29.69,35.94,15.62,17.19,1.56,1,0.675000000000,1.035000000000,0.922500000000,1.035000000000,7,36.84,3,4,360
PDH,PENETRATED_NO_CLOSE_THROUGH,0.25,5,1,1,0,0,1,0,0,0.00,0.00,100.00,0.00,0.00,0,0.260000000000,0.540000000000,0.780000000000,0.540000000000,0,,0,0,
PDH,PENETRATED_NO_CLOSE_THROUGH,0.25,15,1,1,0,0,1,0,0,0.00,0.00,100.00,0.00,0.00,0,1.210000000000,1.150000000000,1.210000000000,1.150000000000,0,,0,0,
PDH,PENETRATED_NO_CLOSE_THROUGH,0.25,30,1,1,0,0,1,0,0,0.00,0.00,100.00,0.00,0.00,0,1.210000000000,1.200000000000,1.210000000000,1.200000000000,0,,0,0,
PDH,PENETRATED_NO_CLOSE_THROUGH,0.50,5,1,1,0,0,1,0,0,0.00,0.00,100.00,0.00,0.00,0,0.260000000000,0.540000000000,0.780000000000,0.540000000000,0,,0,0,
PDH,PENETRATED_NO_CLOSE_THROUGH,0.50,15,1,1,0,0,1,0,0,0.00,0.00,100.00,0.00,0.00,0,1.210000000000,1.150000000000,1.210000000000,1.150000000000,0,,0,0,
PDH,PENETRATED_NO_CLOSE_THROUGH,0.50,30,1,1,0,0,1,0,0,0.00,0.00,100.00,0.00,0.00,0,1.210000000000,1.200000000000,1.210000000000,1.200000000000,0,,0,0,
PDH,PENETRATED_NO_CLOSE_THROUGH,1.00,5,1,1,0,0,0,1,0,0.00,0.00,0.00,100.00,0.00,0,0.260000000000,0.540000000000,0.780000000000,0.540000000000,0,,0,0,
PDH,PENETRATED_NO_CLOSE_THROUGH,1.00,15,1,1,1,0,0,0,0,100.00,0.00,0.00,0.00,0.00,0,1.210000000000,1.150000000000,1.210000000000,1.150000000000,1,100.00,1,0,180
PDH,PENETRATED_NO_CLOSE_THROUGH,1.00,30,1,1,1,0,0,0,0,100.00,0.00,0.00,0.00,0.00,0,1.210000000000,1.200000000000,1.210000000000,1.200000000000,1,100.00,1,0,180
PDH,COMPLETED_CLOSE_THROUGH,0.25,5,63,168,31,18,97,21,1,18.45,10.71,57.74,12.50,0.60,2,0.277500000000,0.294800000000,0.412500000000,0.299800000000,8,25.81,8,0,90
PDH,COMPLETED_CLOSE_THROUGH,0.25,15,63,168,38,28,97,4,1,22.62,16.67,57.74,2.38,0.60,8,0.422500000000,0.495000000000,0.510000000000,0.495000000000,19,50.00,12,7,180
PDH,COMPLETED_CLOSE_THROUGH,0.25,30,63,168,40,29,97,1,1,23.81,17.26,57.74,0.60,0.60,13,0.565000000000,0.605000000000,0.617500000000,0.605000000000,21,52.50,13,8,180
PDH,COMPLETED_CLOSE_THROUGH,0.50,5,63,168,36,28,37,65,2,21.43,16.67,22.02,38.69,1.19,2,0.277500000000,0.294800000000,0.412500000000,0.299800000000,6,16.67,6,0,60
PDH,COMPLETED_CLOSE_THROUGH,0.50,15,63,168,47,51,37,30,3,27.98,30.36,22.02,17.86,1.79,8,0.422500000000,0.495000000000,0.510000000000,0.495000000000,16,34.04,13,3,180
PDH,COMPLETED_CLOSE_THROUGH,0.50,30,63,168,58,58,37,12,3,34.52,34.52,22.02,7.14,1.79,13,0.565000000000,0.605000000000,0.617500000000,0.605000000000,23,39.66,14,9,240
PDH,COMPLETED_CLOSE_THROUGH,1.00,5,63,168,9,11,9,137,2,5.36,6.55,5.36,81.55,1.19,2,0.277500000000,0.294800000000,0.412500000000,0.299800000000,1,11.11,1,0,60
PDH,COMPLETED_CLOSE_THROUGH,1.00,15,63,168,28,34,9,90,7,16.67,20.24,5.36,53.57,4.17,8,0.422500000000,0.495000000000,0.510000000000,0.495000000000,4,14.29,3,1,240
PDH,COMPLETED_CLOSE_THROUGH,1.00,30,63,168,46,51,9,54,8,27.38,30.36,5.36,32.14,4.76,13,0.565000000000,0.605000000000,0.617500000000,0.605000000000,6,13.04,4,2,270
PDH,UNKNOWN,0.25,5,0,0,0,0,0,0,0,,,,,,0,,,,,0,,0,0,
PDH,UNKNOWN,0.25,15,0,0,0,0,0,0,0,,,,,,0,,,,,0,,0,0,
PDH,UNKNOWN,0.25,30,0,0,0,0,0,0,0,,,,,,0,,,,,0,,0,0,
PDH,UNKNOWN,0.50,5,0,0,0,0,0,0,0,,,,,,0,,,,,0,,0,0,
PDH,UNKNOWN,0.50,15,0,0,0,0,0,0,0,,,,,,0,,,,,0,,0,0,
PDH,UNKNOWN,0.50,30,0,0,0,0,0,0,0,,,,,,0,,,,,0,,0,0,
PDH,UNKNOWN,1.00,5,0,0,0,0,0,0,0,,,,,,0,,,,,0,,0,0,
PDH,UNKNOWN,1.00,15,0,0,0,0,0,0,0,,,,,,0,,,,,0,,0,0,
PDH,UNKNOWN,1.00,30,0,0,0,0,0,0,0,,,,,,0,,,,,0,,0,0,
PDL,NEVER_BREACHED,0.25,5,47,48,4,0,44,0,0,8.33,0.00,91.67,0.00,0.00,0,0.415000000000,0.471200000000,0.709950000000,0.507500000000,0,0.00,0,0,
PDL,NEVER_BREACHED,0.25,15,47,48,4,0,44,0,0,8.33,0.00,91.67,0.00,0.00,0,0.962500000000,0.730000000000,1.025000000000,0.730000000000,2,50.00,1,1,450
PDL,NEVER_BREACHED,0.25,30,47,48,4,0,44,0,0,8.33,0.00,91.67,0.00,0.00,1,1.407500000000,1.070000000000,1.407500000000,1.070000000000,2,50.00,1,1,450
PDL,NEVER_BREACHED,0.50,5,47,48,13,9,22,4,0,27.08,18.75,45.83,8.33,0.00,0,0.415000000000,0.471200000000,0.709950000000,0.507500000000,2,15.38,2,0,180
PDL,NEVER_BREACHED,0.50,15,47,48,16,9,22,1,0,33.33,18.75,45.83,2.08,0.00,0,0.962500000000,0.730000000000,1.025000000000,0.730000000000,2,12.50,2,0,180
PDL,NEVER_BREACHED,0.50,30,47,48,16,9,22,1,0,33.33,18.75,45.83,2.08,0.00,1,1.407500000000,1.070000000000,1.407500000000,1.070000000000,5,31.25,2,3,600
PDL,NEVER_BREACHED,1.00,5,47,48,7,7,5,29,0,14.58,14.58,10.42,60.42,0.00,0,0.415000000000,0.471200000000,0.709950000000,0.507500000000,2,28.57,2,0,150
PDL,NEVER_BREACHED,1.00,15,47,48,17,18,5,8,0,35.42,37.50,10.42,16.67,0.00,0,0.962500000000,0.730000000000,1.025000000000,0.730000000000,2,11.76,2,0,150
PDL,NEVER_BREACHED,1.00,30,47,48,18,22,5,3,0,37.50,45.83,10.42,6.25,0.00,1,1.407500000000,1.070000000000,1.407500000000,1.070000000000,4,22.22,2,2,270
PDL,PENETRATED_NO_CLOSE_THROUGH,0.25,5,6,6,2,2,2,0,0,33.33,33.33,33.33,0.00,0.00,0,0.247450000000,0.410000000000,0.460000000000,0.410000000000,2,100.00,2,0,90
PDL,PENETRATED_NO_CLOSE_THROUGH,0.25,15,6,6,2,2,2,0,0,33.33,33.33,33.33,0.00,0.00,0,0.615000000000,0.410000000000,0.705000000000,0.410000000000,2,100.00,2,0,90
PDL,PENETRATED_NO_CLOSE_THROUGH,0.25,30,6,6,2,2,2,0,0,33.33,33.33,33.33,0.00,0.00,0,0.860000000000,0.815000000000,0.875000000000,0.815000000000,2,100.00,2,0,90
PDL,PENETRATED_NO_CLOSE_THROUGH,0.50,5,6,6,1,0,2,3,0,16.67,0.00,33.33,50.00,0.00,0,0.247450000000,0.410000000000,0.460000000000,0.410000000000,0,0.00,0,0,
PDL,PENETRATED_NO_CLOSE_THROUGH,0.50,15,6,6,3,0,2,1,0,50.00,0.00,33.33,16.67,0.00,0,0.615000000000,0.410000000000,0.705000000000,0.410000000000,0,0.00,0,0,
PDL,PENETRATED_NO_CLOSE_THROUGH,0.50,30,6,6,3,1,2,0,0,50.00,16.67,33.33,0.00,0.00,0,0.860000000000,0.815000000000,0.875000000000,0.815000000000,0,0.00,0,0,
PDL,PENETRATED_NO_CLOSE_THROUGH,1.00,5,6,6,1,1,0,4,0,16.67,16.67,0.00,66.67,0.00,0,0.247450000000,0.410000000000,0.460000000000,0.410000000000,0,0.00,0,0,
PDL,PENETRATED_NO_CLOSE_THROUGH,1.00,15,6,6,1,2,0,3,0,16.67,33.33,0.00,50.00,0.00,0,0.615000000000,0.410000000000,0.705000000000,0.410000000000,0,0.00,0,0,
PDL,PENETRATED_NO_CLOSE_THROUGH,1.00,30,6,6,1,3,0,2,0,16.67,50.00,0.00,33.33,0.00,0,0.860000000000,0.815000000000,0.875000000000,0.815000000000,0,0.00,0,0,
PDL,COMPLETED_CLOSE_THROUGH,0.25,5,52,159,45,24,85,5,0,28.30,15.09,53.46,3.14,0.00,2,0.310000000000,0.340000000000,0.450000000000,0.360000000000,10,22.22,10,0,60
PDL,COMPLETED_CLOSE_THROUGH,0.25,15,52,159,47,26,85,1,0,29.56,16.35,53.46,0.63,0.00,10,0.530000000000,0.525000000000,0.610000000000,0.530000000000,28,59.57,16,12,270
PDL,COMPLETED_CLOSE_THROUGH,0.25,30,52,159,48,26,85,0,0,30.19,16.35,53.46,0.00,0.00,13,0.750000000000,0.770000000000,0.800000000000,0.790000000000,34,70.83,16,18,390
PDL,COMPLETED_CLOSE_THROUGH,0.50,5,52,159,32,44,37,46,0,20.13,27.67,23.27,28.93,0.00,2,0.310000000000,0.340000000000,0.450000000000,0.360000000000,1,3.12,1,0,60
PDL,COMPLETED_CLOSE_THROUGH,0.50,15,52,159,51,57,37,13,1,32.08,35.85,23.27,8.18,0.63,10,0.530000000000,0.525000000000,0.610000000000,0.530000000000,16,31.37,7,9,390
PDL,COMPLETED_CLOSE_THROUGH,0.50,30,52,159,56,62,37,3,1,35.22,38.99,23.27,1.89,0.63,13,0.750000000000,0.770000000000,0.800000000000,0.790000000000,28,50.00,9,19,510
PDL,COMPLETED_CLOSE_THROUGH,1.00,5,52,159,15,13,9,122,0,9.43,8.18,5.66,76.73,0.00,2,0.310000000000,0.340000000000,0.450000000000,0.360000000000,0,0.00,0,0,
PDL,COMPLETED_CLOSE_THROUGH,1.00,15,52,159,33,31,9,78,8,20.75,19.50,5.66,49.06,5.03,10,0.530000000000,0.525000000000,0.610000000000,0.530000000000,8,24.24,4,4,330
PDL,COMPLETED_CLOSE_THROUGH,1.00,30,52,159,52,52,9,38,8,32.70,32.70,5.66,23.90,5.03,13,0.750000000000,0.770000000000,0.800000000000,0.790000000000,16,30.77,4,12,600
PDL,UNKNOWN,0.25,5,0,0,0,0,0,0,0,,,,,,0,,,,,0,,0,0,
PDL,UNKNOWN,0.25,15,0,0,0,0,0,0,0,,,,,,0,,,,,0,,0,0,
PDL,UNKNOWN,0.25,30,0,0,0,0,0,0,0,,,,,,0,,,,,0,,0,0,
PDL,UNKNOWN,0.50,5,0,0,0,0,0,0,0,,,,,,0,,,,,0,,0,0,
PDL,UNKNOWN,0.50,15,0,0,0,0,0,0,0,,,,,,0,,,,,0,,0,0,
PDL,UNKNOWN,0.50,30,0,0,0,0,0,0,0,,,,,,0,,,,,0,,0,0,
PDL,UNKNOWN,1.00,5,0,0,0,0,0,0,0,,,,,,0,,,,,0,,0,0,
PDL,UNKNOWN,1.00,15,0,0,0,0,0,0,0,,,,,,0,,,,,0,,0,0,
PDL,UNKNOWN,1.00,30,0,0,0,0,0,0,0,,,,,,0,,,,,0,,0,0,
PMH,NEVER_BREACHED,0.25,5,1,1,1,0,0,0,0,100.00,0.00,0.00,0.00,0.00,0,1.220000000000,0,1.220000000000,0,0,0.00,0,0,
PMH,NEVER_BREACHED,0.25,15,1,1,1,0,0,0,0,100.00,0.00,0.00,0.00,0.00,0,1.420000000000,0.040000000000,1.420000000000,0.040000000000,0,0.00,0,0,
PMH,NEVER_BREACHED,0.25,30,1,1,1,0,0,0,0,100.00,0.00,0.00,0.00,0.00,0,2.160000000000,0.040000000000,2.160000000000,0.040000000000,0,0.00,0,0,
PMH,NEVER_BREACHED,0.50,5,1,1,1,0,0,0,0,100.00,0.00,0.00,0.00,0.00,0,1.220000000000,0,1.220000000000,0,0,0.00,0,0,
PMH,NEVER_BREACHED,0.50,15,1,1,1,0,0,0,0,100.00,0.00,0.00,0.00,0.00,0,1.420000000000,0.040000000000,1.420000000000,0.040000000000,0,0.00,0,0,
PMH,NEVER_BREACHED,0.50,30,1,1,1,0,0,0,0,100.00,0.00,0.00,0.00,0.00,0,2.160000000000,0.040000000000,2.160000000000,0.040000000000,0,0.00,0,0,
PMH,NEVER_BREACHED,1.00,5,1,1,1,0,0,0,0,100.00,0.00,0.00,0.00,0.00,0,1.220000000000,0,1.220000000000,0,0,0.00,0,0,
PMH,NEVER_BREACHED,1.00,15,1,1,1,0,0,0,0,100.00,0.00,0.00,0.00,0.00,0,1.420000000000,0.040000000000,1.420000000000,0.040000000000,0,0.00,0,0,
PMH,NEVER_BREACHED,1.00,30,1,1,1,0,0,0,0,100.00,0.00,0.00,0.00,0.00,0,2.160000000000,0.040000000000,2.160000000000,0.040000000000,0,0.00,0,0,
PMH,PENETRATED_NO_CLOSE_THROUGH,0.25,5,1,1,0,0,1,0,0,0.00,0.00,100.00,0.00,0.00,0,0.630000000000,0.740000000000,0.630000000000,0.740000000000,0,,0,0,
PMH,PENETRATED_NO_CLOSE_THROUGH,0.25,15,1,1,0,0,1,0,0,0.00,0.00,100.00,0.00,0.00,0,1.200000000000,0.740000000000,1.200000000000,0.740000000000,0,,0,0,
PMH,PENETRATED_NO_CLOSE_THROUGH,0.25,30,1,1,0,0,1,0,0,0.00,0.00,100.00,0.00,0.00,0,1.200000000000,0.740000000000,1.200000000000,0.740000000000,0,,0,0,
PMH,PENETRATED_NO_CLOSE_THROUGH,0.50,5,1,1,1,0,0,0,0,100.00,0.00,0.00,0.00,0.00,0,0.630000000000,0.740000000000,0.630000000000,0.740000000000,1,100.00,1,0,60
PMH,PENETRATED_NO_CLOSE_THROUGH,0.50,15,1,1,1,0,0,0,0,100.00,0.00,0.00,0.00,0.00,0,1.200000000000,0.740000000000,1.200000000000,0.740000000000,1,100.00,1,0,60
PMH,PENETRATED_NO_CLOSE_THROUGH,0.50,30,1,1,1,0,0,0,0,100.00,0.00,0.00,0.00,0.00,0,1.200000000000,0.740000000000,1.200000000000,0.740000000000,1,100.00,1,0,60
PMH,PENETRATED_NO_CLOSE_THROUGH,1.00,5,1,1,0,0,0,1,0,0.00,0.00,0.00,100.00,0.00,0,0.630000000000,0.740000000000,0.630000000000,0.740000000000,0,,0,0,
PMH,PENETRATED_NO_CLOSE_THROUGH,1.00,15,1,1,1,0,0,0,0,100.00,0.00,0.00,0.00,0.00,0,1.200000000000,0.740000000000,1.200000000000,0.740000000000,0,0.00,0,0,
PMH,PENETRATED_NO_CLOSE_THROUGH,1.00,30,1,1,1,0,0,0,0,100.00,0.00,0.00,0.00,0.00,0,1.200000000000,0.740000000000,1.200000000000,0.740000000000,0,0.00,0,0,
PMH,COMPLETED_CLOSE_THROUGH,0.25,5,1,1,0,0,1,0,0,0.00,0.00,100.00,0.00,0.00,0,0.200000000000,0.690000000000,0.260000000000,0.690000000000,0,,0,0,
PMH,COMPLETED_CLOSE_THROUGH,0.25,15,1,1,0,0,1,0,0,0.00,0.00,100.00,0.00,0.00,0,0.200000000000,0.780000000000,0.260000000000,0.780000000000,0,,0,0,
PMH,COMPLETED_CLOSE_THROUGH,0.25,30,1,1,0,0,1,0,0,0.00,0.00,100.00,0.00,0.00,0,2.660000000000,0.780000000000,2.660000000000,0.780000000000,0,,0,0,
PMH,COMPLETED_CLOSE_THROUGH,0.50,5,1,1,0,1,0,0,0,0.00,100.00,0.00,0.00,0.00,0,0.200000000000,0.690000000000,0.260000000000,0.690000000000,0,,0,0,
PMH,COMPLETED_CLOSE_THROUGH,0.50,15,1,1,0,1,0,0,0,0.00,100.00,0.00,0.00,0.00,0,0.200000000000,0.780000000000,0.260000000000,0.780000000000,0,,0,0,
PMH,COMPLETED_CLOSE_THROUGH,0.50,30,1,1,0,1,0,0,0,0.00,100.00,0.00,0.00,0.00,0,2.660000000000,0.780000000000,2.660000000000,0.780000000000,0,,0,0,
PMH,COMPLETED_CLOSE_THROUGH,1.00,5,1,1,0,0,0,1,0,0.00,0.00,0.00,100.00,0.00,0,0.200000000000,0.690000000000,0.260000000000,0.690000000000,0,,0,0,
PMH,COMPLETED_CLOSE_THROUGH,1.00,15,1,1,0,0,0,1,0,0.00,0.00,0.00,100.00,0.00,0,0.200000000000,0.780000000000,0.260000000000,0.780000000000,0,,0,0,
PMH,COMPLETED_CLOSE_THROUGH,1.00,30,1,1,1,0,0,0,0,100.00,0.00,0.00,0.00,0.00,0,2.660000000000,0.780000000000,2.660000000000,0.780000000000,0,0.00,0,0,
PMH,UNKNOWN,0.25,5,0,0,0,0,0,0,0,,,,,,0,,,,,0,,0,0,
PMH,UNKNOWN,0.25,15,0,0,0,0,0,0,0,,,,,,0,,,,,0,,0,0,
PMH,UNKNOWN,0.25,30,0,0,0,0,0,0,0,,,,,,0,,,,,0,,0,0,
PMH,UNKNOWN,0.50,5,0,0,0,0,0,0,0,,,,,,0,,,,,0,,0,0,
PMH,UNKNOWN,0.50,15,0,0,0,0,0,0,0,,,,,,0,,,,,0,,0,0,
PMH,UNKNOWN,0.50,30,0,0,0,0,0,0,0,,,,,,0,,,,,0,,0,0,
PMH,UNKNOWN,1.00,5,0,0,0,0,0,0,0,,,,,,0,,,,,0,,0,0,
PMH,UNKNOWN,1.00,15,0,0,0,0,0,0,0,,,,,,0,,,,,0,,0,0,
PMH,UNKNOWN,1.00,30,0,0,0,0,0,0,0,,,,,,0,,,,,0,,0,0,
PML,NEVER_BREACHED,0.25,5,2,2,0,0,2,0,0,0.00,0.00,100.00,0.00,0.00,0,0.955000000000,0.445000000000,1.340000000000,0.480000000000,0,,0,0,
PML,NEVER_BREACHED,0.25,15,2,2,0,0,2,0,0,0.00,0.00,100.00,0.00,0.00,0,1.125000000000,0.640000000000,1.340000000000,0.640000000000,0,,0,0,
PML,NEVER_BREACHED,0.25,30,2,2,0,0,2,0,0,0.00,0.00,100.00,0.00,0.00,0,1.160000000000,1.625000000000,1.340000000000,1.625000000000,0,,0,0,
PML,NEVER_BREACHED,0.50,5,2,2,0,0,2,0,0,0.00,0.00,100.00,0.00,0.00,0,0.955000000000,0.445000000000,1.340000000000,0.480000000000,0,,0,0,
PML,NEVER_BREACHED,0.50,15,2,2,0,0,2,0,0,0.00,0.00,100.00,0.00,0.00,0,1.125000000000,0.640000000000,1.340000000000,0.640000000000,0,,0,0,
PML,NEVER_BREACHED,0.50,30,2,2,0,0,2,0,0,0.00,0.00,100.00,0.00,0.00,0,1.160000000000,1.625000000000,1.340000000000,1.625000000000,0,,0,0,
PML,NEVER_BREACHED,1.00,5,2,2,1,0,0,1,0,50.00,0.00,0.00,50.00,0.00,0,0.955000000000,0.445000000000,1.340000000000,0.480000000000,0,0.00,0,0,
PML,NEVER_BREACHED,1.00,15,2,2,1,0,0,1,0,50.00,0.00,0.00,50.00,0.00,0,1.125000000000,0.640000000000,1.340000000000,0.640000000000,1,100.00,1,0,240
PML,NEVER_BREACHED,1.00,30,2,2,1,0,0,1,0,50.00,0.00,0.00,50.00,0.00,0,1.160000000000,1.625000000000,1.340000000000,1.625000000000,1,100.00,1,0,240
PML,PENETRATED_NO_CLOSE_THROUGH,0.25,5,0,0,0,0,0,0,0,,,,,,0,,,,,0,,0,0,
PML,PENETRATED_NO_CLOSE_THROUGH,0.25,15,0,0,0,0,0,0,0,,,,,,0,,,,,0,,0,0,
PML,PENETRATED_NO_CLOSE_THROUGH,0.25,30,0,0,0,0,0,0,0,,,,,,0,,,,,0,,0,0,
PML,PENETRATED_NO_CLOSE_THROUGH,0.50,5,0,0,0,0,0,0,0,,,,,,0,,,,,0,,0,0,
PML,PENETRATED_NO_CLOSE_THROUGH,0.50,15,0,0,0,0,0,0,0,,,,,,0,,,,,0,,0,0,
PML,PENETRATED_NO_CLOSE_THROUGH,0.50,30,0,0,0,0,0,0,0,,,,,,0,,,,,0,,0,0,
PML,PENETRATED_NO_CLOSE_THROUGH,1.00,5,0,0,0,0,0,0,0,,,,,,0,,,,,0,,0,0,
PML,PENETRATED_NO_CLOSE_THROUGH,1.00,15,0,0,0,0,0,0,0,,,,,,0,,,,,0,,0,0,
PML,PENETRATED_NO_CLOSE_THROUGH,1.00,30,0,0,0,0,0,0,0,,,,,,0,,,,,0,,0,0,
PML,COMPLETED_CLOSE_THROUGH,0.25,5,2,6,2,1,3,0,0,33.33,16.67,50.00,0.00,0.00,0,0.350000000000,0.280000000000,0.350000000000,0.315000000000,0,0.00,0,0,
PML,COMPLETED_CLOSE_THROUGH,0.25,15,2,6,2,1,3,0,0,33.33,16.67,50.00,0.00,0.00,0,0.496250000000,0.360000000000,0.496250000000,0.380000000000,0,0.00,0,0,
PML,COMPLETED_CLOSE_THROUGH,0.25,30,2,6,2,1,3,0,0,33.33,16.67,50.00,0.00,0.00,1,0.896250000000,1.192500000000,0.896250000000,1.192500000000,1,50.00,0,1,1620
PML,COMPLETED_CLOSE_THROUGH,0.50,5,2,6,0,1,2,3,0,0.00,16.67,33.33,50.00,0.00,0,0.350000000000,0.280000000000,0.350000000000,0.315000000000,0,,0,0,
PML,COMPLETED_CLOSE_THROUGH,0.50,15,2,6,1,2,2,1,0,16.67,33.33,33.33,16.67,0.00,0,0.496250000000,0.360000000000,0.496250000000,0.380000000000,1,100.00,1,0,180
PML,COMPLETED_CLOSE_THROUGH,0.50,30,2,6,2,2,2,0,0,33.33,33.33,33.33,0.00,0.00,1,0.896250000000,1.192500000000,0.896250000000,1.192500000000,1,50.00,1,0,180
PML,COMPLETED_CLOSE_THROUGH,1.00,5,2,6,1,0,1,4,0,16.67,0.00,16.67,66.67,0.00,0,0.350000000000,0.280000000000,0.350000000000,0.315000000000,0,0.00,0,0,
PML,COMPLETED_CLOSE_THROUGH,1.00,15,2,6,1,1,1,3,0,16.67,16.67,16.67,50.00,0.00,0,0.496250000000,0.360000000000,0.496250000000,0.380000000000,0,0.00,0,0,
PML,COMPLETED_CLOSE_THROUGH,1.00,30,2,6,2,2,1,1,0,33.33,33.33,16.67,16.67,0.00,1,0.896250000000,1.192500000000,0.896250000000,1.192500000000,1,50.00,0,1,1140
PML,UNKNOWN,0.25,5,0,0,0,0,0,0,0,,,,,,0,,,,,0,,0,0,
PML,UNKNOWN,0.25,15,0,0,0,0,0,0,0,,,,,,0,,,,,0,,0,0,
PML,UNKNOWN,0.25,30,0,0,0,0,0,0,0,,,,,,0,,,,,0,,0,0,
PML,UNKNOWN,0.50,5,0,0,0,0,0,0,0,,,,,,0,,,,,0,,0,0,
PML,UNKNOWN,0.50,15,0,0,0,0,0,0,0,,,,,,0,,,,,0,,0,0,
PML,UNKNOWN,0.50,30,0,0,0,0,0,0,0,,,,,,0,,,,,0,,0,0,
PML,UNKNOWN,1.00,5,0,0,0,0,0,0,0,,,,,,0,,,,,0,,0,0,
PML,UNKNOWN,1.00,15,0,0,0,0,0,0,0,,,,,,0,,,,,0,,0,0,
PML,UNKNOWN,1.00,30,0,0,0,0,0,0,0,,,,,,0,,,,,0,,0,0,
ORH5,NEVER_BREACHED,0.25,5,154,154,29,13,108,4,0,18.83,8.44,70.13,2.60,0.00,1,0.380000000000,0.360000000000,0.522500000000,0.385000000000,9,31.03,9,0,120
ORH5,NEVER_BREACHED,0.25,15,154,154,31,15,108,0,0,20.13,9.74,70.13,0.00,0.00,2,0.730000000000,0.660000000000,0.745000000000,0.670000000000,19,61.29,11,8,120
ORH5,NEVER_BREACHED,0.25,30,154,154,31,15,108,0,0,20.13,9.74,70.13,0.00,0.00,2,1.050000000000,0.882500000000,1.090500000000,0.882500000000,22,70.97,11,11,300
ORH5,NEVER_BREACHED,0.50,5,154,154,38,34,43,39,0,24.68,22.08,27.92,25.32,0.00,1,0.380000000000,0.360000000000,0.522500000000,0.385000000000,7,18.42,7,0,60
ORH5,NEVER_BREACHED,0.50,15,154,154,53,50,43,8,0,34.42,32.47,27.92,5.19,0.00,2,0.730000000000,0.660000000000,0.745000000000,0.670000000000,25,47.17,15,10,180
ORH5,NEVER_BREACHED,0.50,30,154,154,55,55,43,1,0,35.71,35.71,27.92,0.65,0.00,2,1.050000000000,0.882500000000,1.090500000000,0.882500000000,38,69.09,16,22,510
ORH5,NEVER_BREACHED,1.00,5,154,154,25,14,7,108,0,16.23,9.09,4.55,70.13,0.00,1,0.380000000000,0.360000000000,0.522500000000,0.385000000000,1,4.00,1,0,60
ORH5,NEVER_BREACHED,1.00,15,154,154,53,41,7,53,0,34.42,26.62,4.55,34.42,0.00,2,0.730000000000,0.660000000000,0.745000000000,0.670000000000,14,26.42,5,9,420
ORH5,NEVER_BREACHED,1.00,30,154,154,65,58,7,24,0,42.21,37.66,4.55,15.58,0.00,2,1.050000000000,0.882500000000,1.090500000000,0.882500000000,28,43.08,7,21,510
ORH5,PENETRATED_NO_CLOSE_THROUGH,0.25,5,4,4,2,0,2,0,0,50.00,0.00,50.00,0.00,0.00,0,0.422500000000,0.575350000000,0.570000000000,0.575350000000,1,50.00,1,0,120
ORH5,PENETRATED_NO_CLOSE_THROUGH,0.25,15,4,4,2,0,2,0,0,50.00,0.00,50.00,0.00,0.00,0,1.272500000000,0.705350000000,1.357500000000,0.705350000000,1,50.00,1,0,120
ORH5,PENETRATED_NO_CLOSE_THROUGH,0.25,30,4,4,2,0,2,0,0,50.00,0.00,50.00,0.00,0.00,0,1.272500000000,0.705350000000,1.732500000000,0.705350000000,1,50.00,1,0,120
ORH5,PENETRATED_NO_CLOSE_THROUGH,0.50,5,4,4,2,0,1,1,0,50.00,0.00,25.00,25.00,0.00,0,0.422500000000,0.575350000000,0.570000000000,0.575350000000,1,50.00,1,0,120
ORH5,PENETRATED_NO_CLOSE_THROUGH,0.50,15,4,4,2,1,1,0,0,50.00,25.00,25.00,0.00,0.00,0,1.272500000000,0.705350000000,1.357500000000,0.705350000000,1,50.00,1,0,120
ORH5,PENETRATED_NO_CLOSE_THROUGH,0.50,30,4,4,2,1,1,0,0,50.00,25.00,25.00,0.00,0.00,0,1.272500000000,0.705350000000,1.732500000000,0.705350000000,1,50.00,1,0,120
ORH5,PENETRATED_NO_CLOSE_THROUGH,1.00,5,4,4,0,0,1,3,0,0.00,0.00,25.00,75.00,0.00,0,0.422500000000,0.575350000000,0.570000000000,0.575350000000,0,,0,0,
ORH5,PENETRATED_NO_CLOSE_THROUGH,1.00,15,4,4,2,0,1,1,0,50.00,0.00,25.00,25.00,0.00,0,1.272500000000,0.705350000000,1.357500000000,0.705350000000,0,0.00,0,0,
ORH5,PENETRATED_NO_CLOSE_THROUGH,1.00,30,4,4,2,0,1,1,0,50.00,0.00,25.00,25.00,0.00,0,1.272500000000,0.705350000000,1.732500000000,0.705350000000,1,50.00,0,1,840
ORH5,COMPLETED_CLOSE_THROUGH,0.25,5,102,281,54,40,162,25,0,19.22,14.23,57.65,8.90,0.00,7,0.270000000000,0.270000000000,0.390000000000,0.290000000000,14,25.93,14,0,120
ORH5,COMPLETED_CLOSE_THROUGH,0.25,15,102,281,67,50,162,2,0,23.84,17.79,57.65,0.71,0.00,13,0.499500000000,0.510000000000,0.600000000000,0.510000000000,33,49.25,22,11,180
ORH5,COMPLETED_CLOSE_THROUGH,0.25,30,102,281,68,51,162,0,0,24.20,18.15,57.65,0.00,0.00,18,0.705000000000,0.660000000000,0.760000000000,0.660000000000,46,67.65,23,23,300
ORH5,COMPLETED_CLOSE_THROUGH,0.50,5,102,281,54,49,56,120,2,19.22,17.44,19.93,42.70,0.71,7,0.270000000000,0.270000000000,0.390000000000,0.290000000000,3,5.56,3,0,120
ORH5,COMPLETED_CLOSE_THROUGH,0.50,15,102,281,90,93,56,37,5,32.03,33.10,19.93,13.17,1.78,13,0.499500000000,0.510000000000,0.600000000000,0.510000000000,29,32.22,16,13,300
ORH5,COMPLETED_CLOSE_THROUGH,0.50,30,102,281,99,107,56,13,6,35.23,38.08,19.93,4.63,2.14,18,0.705000000000,0.660000000000,0.760000000000,0.660000000000,50,50.51,16,34,480
ORH5,COMPLETED_CLOSE_THROUGH,1.00,5,102,281,16,20,8,231,6,5.69,7.12,2.85,82.21,2.14,7,0.270000000000,0.270000000000,0.390000000000,0.290000000000,0,0.00,0,0,
ORH5,COMPLETED_CLOSE_THROUGH,1.00,15,102,281,49,54,8,159,11,17.44,19.22,2.85,56.58,3.91,13,0.499500000000,0.510000000000,0.600000000000,0.510000000000,7,14.29,3,4,360
ORH5,COMPLETED_CLOSE_THROUGH,1.00,30,102,281,87,85,8,86,15,30.96,30.25,2.85,30.60,5.34,18,0.705000000000,0.660000000000,0.760000000000,0.660000000000,22,25.29,7,15,480
ORH5,UNKNOWN,0.25,5,0,0,0,0,0,0,0,,,,,,0,,,,,0,,0,0,
ORH5,UNKNOWN,0.25,15,0,0,0,0,0,0,0,,,,,,0,,,,,0,,0,0,
ORH5,UNKNOWN,0.25,30,0,0,0,0,0,0,0,,,,,,0,,,,,0,,0,0,
ORH5,UNKNOWN,0.50,5,0,0,0,0,0,0,0,,,,,,0,,,,,0,,0,0,
ORH5,UNKNOWN,0.50,15,0,0,0,0,0,0,0,,,,,,0,,,,,0,,0,0,
ORH5,UNKNOWN,0.50,30,0,0,0,0,0,0,0,,,,,,0,,,,,0,,0,0,
ORH5,UNKNOWN,1.00,5,0,0,0,0,0,0,0,,,,,,0,,,,,0,,0,0,
ORH5,UNKNOWN,1.00,15,0,0,0,0,0,0,0,,,,,,0,,,,,0,,0,0,
ORH5,UNKNOWN,1.00,30,0,0,0,0,0,0,0,,,,,,0,,,,,0,,0,0,
ORL5,NEVER_BREACHED,0.25,5,145,145,27,7,110,1,0,18.62,4.83,75.86,0.69,0.00,2,0.430000000000,0.380000000000,0.570000000000,0.406300000000,9,33.33,9,0,180
ORL5,NEVER_BREACHED,0.25,15,145,145,27,8,110,0,0,18.62,5.52,75.86,0.00,0.00,2,0.789900000000,0.732500000000,0.830000000000,0.755000000000,13,48.15,9,4,180
ORL5,NEVER_BREACHED,0.25,30,145,145,27,8,110,0,0,18.62,5.52,75.86,0.00,0.00,2,1.220000000000,0.940000000000,1.260000000000,0.990000000000,16,59.26,9,7,180
ORL5,NEVER_BREACHED,0.50,5,145,145,46,26,47,25,1,31.72,17.93,32.41,17.24,0.69,2,0.430000000000,0.380000000000,0.570000000000,0.406300000000,13,28.26,13,0,120
ORL5,NEVER_BREACHED,0.50,15,145,145,58,36,48,2,1,40.00,24.83,33.10,1.38,0.69,2,0.789900000000,0.732500000000,0.830000000000,0.755000000000,27,46.55,23,4,180
ORL5,NEVER_BREACHED,0.50,30,145,145,59,37,48,0,1,40.69,25.52,33.10,0.00,0.69,2,1.220000000000,0.940000000000,1.260000000000,0.990000000000,30,50.85,23,7,180
ORL5,NEVER_BREACHED,1.00,5,145,145,22,18,7,97,1,15.17,12.41,4.83,66.90,0.69,2,0.430000000000,0.380000000000,0.570000000000,0.406300000000,4,18.18,4,0,150
ORL5,NEVER_BREACHED,1.00,15,145,145,52,49,7,36,1,35.86,33.79,4.83,24.83,0.69,2,0.789900000000,0.732500000000,0.830000000000,0.755000000000,7,13.46,5,2,180
ORL5,NEVER_BREACHED,1.00,30,145,145,61,58,7,18,1,42.07,40.00,4.83,12.41,0.69,2,1.220000000000,0.940000000000,1.260000000000,0.990000000000,13,21.31,6,7,360
ORL5,PENETRATED_NO_CLOSE_THROUGH,0.25,5,12,13,3,1,9,0,0,23.08,7.69,69.23,0.00,0.00,0,0.385000000000,0.440000000000,0.560000000000,0.440000000000,1,33.33,1,0,120
ORL5,PENETRATED_NO_CLOSE_THROUGH,0.25,15,12,13,3,1,9,0,0,23.08,7.69,69.23,0.00,0.00,0,0.390000000000,0.660000000000,0.560000000000,0.884300000000,2,66.67,1,1,420
ORL5,PENETRATED_NO_CLOSE_THROUGH,0.25,30,12,13,3,1,9,0,0,23.08,7.69,69.23,0.00,0.00,0,0.790000000000,0.884300000000,0.938000000000,0.930000000000,2,66.67,1,1,420
ORL5,PENETRATED_NO_CLOSE_THROUGH,0.50,5,12,13,0,2,8,3,0,0.00,15.38,61.54,23.08,0.00,0,0.385000000000,0.440000000000,0.560000000000,0.440000000000,0,,0,0,
ORL5,PENETRATED_NO_CLOSE_THROUGH,0.50,15,12,13,0,3,8,2,0,0.00,23.08,61.54,15.38,0.00,0,0.390000000000,0.660000000000,0.560000000000,0.884300000000,0,,0,0,
ORL5,PENETRATED_NO_CLOSE_THROUGH,0.50,30,12,13,0,5,8,0,0,0.00,38.46,61.54,0.00,0.00,0,0.790000000000,0.884300000000,0.938000000000,0.930000000000,0,,0,0,
ORL5,PENETRATED_NO_CLOSE_THROUGH,1.00,5,12,13,1,2,0,10,0,7.69,15.38,0.00,76.92,0.00,0,0.385000000000,0.440000000000,0.560000000000,0.440000000000,0,0.00,0,0,
ORL5,PENETRATED_NO_CLOSE_THROUGH,1.00,15,12,13,4,5,0,4,0,30.77,38.46,0.00,30.77,0.00,0,0.390000000000,0.660000000000,0.560000000000,0.884300000000,0,0.00,0,0,
ORL5,PENETRATED_NO_CLOSE_THROUGH,1.00,30,12,13,5,6,0,2,0,38.46,46.15,0.00,15.38,0.00,0,0.790000000000,0.884300000000,0.938000000000,0.930000000000,0,0.00,0,0,
ORL5,COMPLETED_CLOSE_THROUGH,0.25,5,95,264,64,21,149,30,0,24.24,7.95,56.44,11.36,0.00,3,0.349950000000,0.223950000000,0.437500000000,0.239000000000,17,26.56,17,0,120
ORL5,COMPLETED_CLOSE_THROUGH,0.25,15,95,264,73,40,149,2,0,27.65,15.15,56.44,0.76,0.00,9,0.565000000000,0.450000000000,0.650000000000,0.455000000000,36,49.32,27,9,180
ORL5,COMPLETED_CLOSE_THROUGH,0.25,30,95,264,74,40,149,1,0,28.03,15.15,56.44,0.38,0.00,16,0.705000000000,0.670050000000,0.760000000000,0.671250000000,43,58.11,27,16,240
ORL5,COMPLETED_CLOSE_THROUGH,0.50,5,95,264,54,31,57,120,2,20.45,11.74,21.59,45.45,0.76,3,0.349950000000,0.223950000000,0.437500000000,0.239000000000,7,12.96,7,0,120
ORL5,COMPLETED_CLOSE_THROUGH,0.50,15,95,264,91,75,57,38,3,34.47,28.41,21.59,14.39,1.14,9,0.565000000000,0.450000000000,0.650000000000,0.455000000000,28,30.77,16,12,300
ORL5,COMPLETED_CLOSE_THROUGH,0.50,30,95,264,101,89,57,14,3,38.26,33.71,21.59,5.30,1.14,16,0.705000000000,0.670050000000,0.760000000000,0.671250000000,45,44.55,19,26,420
ORL5,COMPLETED_CLOSE_THROUGH,1.00,5,95,264,15,14,16,216,3,5.68,5.30,6.06,81.82,1.14,3,0.349950000000,0.223950000000,0.437500000000,0.239000000000,0,0.00,0,0,
ORL5,COMPLETED_CLOSE_THROUGH,1.00,15,95,264,60,53,16,127,8,22.73,20.08,6.06,48.11,3.03,9,0.565000000000,0.450000000000,0.650000000000,0.455000000000,4,6.67,4,0,150
ORL5,COMPLETED_CLOSE_THROUGH,1.00,30,95,264,78,71,16,87,12,29.55,26.89,6.06,32.95,4.55,16,0.705000000000,0.670050000000,0.760000000000,0.671250000000,20,25.64,6,14,570
ORL5,UNKNOWN,0.25,5,0,0,0,0,0,0,0,,,,,,0,,,,,0,,0,0,
ORL5,UNKNOWN,0.25,15,0,0,0,0,0,0,0,,,,,,0,,,,,0,,0,0,
ORL5,UNKNOWN,0.25,30,0,0,0,0,0,0,0,,,,,,0,,,,,0,,0,0,
ORL5,UNKNOWN,0.50,5,0,0,0,0,0,0,0,,,,,,0,,,,,0,,0,0,
ORL5,UNKNOWN,0.50,15,0,0,0,0,0,0,0,,,,,,0,,,,,0,,0,0,
ORL5,UNKNOWN,0.50,30,0,0,0,0,0,0,0,,,,,,0,,,,,0,,0,0,
ORL5,UNKNOWN,1.00,5,0,0,0,0,0,0,0,,,,,,0,,,,,0,,0,0,
ORL5,UNKNOWN,1.00,15,0,0,0,0,0,0,0,,,,,,0,,,,,0,,0,0,
ORL5,UNKNOWN,1.00,30,0,0,0,0,0,0,0,,,,,,0,,,,,0,,0,0,
PWH,NEVER_BREACHED,0.25,5,16,16,1,1,10,4,0,6.25,6.25,62.50,25.00,0.00,0,0.215000000000,0.195000000000,0.610000000000,0.225000000000,0,0.00,0,0,
PWH,NEVER_BREACHED,0.25,15,16,16,5,1,10,0,0,31.25,6.25,62.50,0.00,0.00,0,0.382500000000,0.540000000000,0.610000000000,0.540000000000,1,20.00,1,0,240
PWH,NEVER_BREACHED,0.25,30,16,16,5,1,10,0,0,31.25,6.25,62.50,0.00,0.00,0,0.525000000000,0.770000000000,0.675000000000,0.770000000000,2,40.00,1,1,570
PWH,NEVER_BREACHED,0.50,5,16,16,2,1,7,6,0,12.50,6.25,43.75,37.50,0.00,0,0.215000000000,0.195000000000,0.610000000000,0.225000000000,0,0.00,0,0,
PWH,NEVER_BREACHED,0.50,15,16,16,2,3,7,4,0,12.50,18.75,43.75,25.00,0.00,0,0.382500000000,0.540000000000,0.610000000000,0.540000000000,0,0.00,0,0,
PWH,NEVER_BREACHED,0.50,30,16,16,4,3,7,2,0,25.00,18.75,43.75,12.50,0.00,0,0.525000000000,0.770000000000,0.675000000000,0.770000000000,0,0.00,0,0,
PWH,NEVER_BREACHED,1.00,5,16,16,0,1,2,13,0,0.00,6.25,12.50,81.25,0.00,0,0.215000000000,0.195000000000,0.610000000000,0.225000000000,0,,0,0,
PWH,NEVER_BREACHED,1.00,15,16,16,3,6,2,5,0,18.75,37.50,12.50,31.25,0.00,0,0.382500000000,0.540000000000,0.610000000000,0.540000000000,1,33.33,0,1,360
PWH,NEVER_BREACHED,1.00,30,16,16,4,6,2,4,0,25.00,37.50,12.50,25.00,0.00,0,0.525000000000,0.770000000000,0.675000000000,0.770000000000,1,25.00,0,1,360
PWH,PENETRATED_NO_CLOSE_THROUGH,0.25,5,1,1,1,0,0,0,0,100.00,0.00,0.00,0.00,0.00,0,0.829500000000,0.140000000000,0.829500000000,0.140000000000,0,0.00,0,0,
PWH,PENETRATED_NO_CLOSE_THROUGH,0.25,15,1,1,1,0,0,0,0,100.00,0.00,0.00,0.00,0.00,0,2.070000000000,0.140000000000,2.070000000000,0.140000000000,0,0.00,0,0,
PWH,PENETRATED_NO_CLOSE_THROUGH,0.25,30,1,1,1,0,0,0,0,100.00,0.00,0.00,0.00,0.00,0,2.600000000000,0.140000000000,2.600000000000,0.140000000000,0,0.00,0,0,
PWH,PENETRATED_NO_CLOSE_THROUGH,0.50,5,1,1,1,0,0,0,0,100.00,0.00,0.00,0.00,0.00,0,0.829500000000,0.140000000000,0.829500000000,0.140000000000,0,0.00,0,0,
PWH,PENETRATED_NO_CLOSE_THROUGH,0.50,15,1,1,1,0,0,0,0,100.00,0.00,0.00,0.00,0.00,0,2.070000000000,0.140000000000,2.070000000000,0.140000000000,0,0.00,0,0,
PWH,PENETRATED_NO_CLOSE_THROUGH,0.50,30,1,1,1,0,0,0,0,100.00,0.00,0.00,0.00,0.00,0,2.600000000000,0.140000000000,2.600000000000,0.140000000000,0,0.00,0,0,
PWH,PENETRATED_NO_CLOSE_THROUGH,1.00,5,1,1,0,0,0,1,0,0.00,0.00,0.00,100.00,0.00,0,0.829500000000,0.140000000000,0.829500000000,0.140000000000,0,,0,0,
PWH,PENETRATED_NO_CLOSE_THROUGH,1.00,15,1,1,1,0,0,0,0,100.00,0.00,0.00,0.00,0.00,0,2.070000000000,0.140000000000,2.070000000000,0.140000000000,0,0.00,0,0,
PWH,PENETRATED_NO_CLOSE_THROUGH,1.00,30,1,1,1,0,0,0,0,100.00,0.00,0.00,0.00,0.00,0,2.600000000000,0.140000000000,2.600000000000,0.140000000000,0,0.00,0,0,
PWH,COMPLETED_CLOSE_THROUGH,0.25,5,31,87,18,11,45,12,1,20.69,12.64,51.72,13.79,1.15,3,0.228000000000,0.240000000000,0.330000000000,0.250000000000,2,11.11,2,0,90
PWH,COMPLETED_CLOSE_THROUGH,0.25,15,31,87,23,16,45,2,1,26.44,18.39,51.72,2.30,1.15,5,0.435000000000,0.410000000000,0.480000000000,0.410000000000,7,30.43,4,3,300
PWH,COMPLETED_CLOSE_THROUGH,0.25,30,31,87,23,16,45,2,1,26.44,18.39,51.72,2.30,1.15,10,0.540000000000,0.580000000000,0.555000000000,0.580000000000,12,52.17,4,8,570
PWH,COMPLETED_CLOSE_THROUGH,0.50,5,31,87,14,10,16,44,3,16.09,11.49,18.39,50.57,3.45,3,0.228000000000,0.240000000000,0.330000000000,0.250000000000,1,7.14,1,0,120
PWH,COMPLETED_CLOSE_THROUGH,0.50,15,31,87,25,22,16,21,3,28.74,25.29,18.39,24.14,3.45,5,0.435000000000,0.410000000000,0.480000000000,0.410000000000,5,20.00,3,2,300
PWH,COMPLETED_CLOSE_THROUGH,0.50,30,31,87,29,29,16,9,4,33.33,33.33,18.39,10.34,4.60,10,0.540000000000,0.580000000000,0.555000000000,0.580000000000,12,41.38,4,8,720
PWH,COMPLETED_CLOSE_THROUGH,1.00,5,31,87,3,5,4,72,3,3.45,5.75,4.60,82.76,3.45,3,0.228000000000,0.240000000000,0.330000000000,0.250000000000,0,0.00,0,0,
PWH,COMPLETED_CLOSE_THROUGH,1.00,15,31,87,10,14,4,54,5,11.49,16.09,4.60,62.07,5.75,5,0.435000000000,0.410000000000,0.480000000000,0.410000000000,0,0.00,0,0,
PWH,COMPLETED_CLOSE_THROUGH,1.00,30,31,87,18,18,4,41,6,20.69,20.69,4.60,47.13,6.90,10,0.540000000000,0.580000000000,0.555000000000,0.580000000000,3,16.67,1,2,780
PWH,UNKNOWN,0.25,5,0,0,0,0,0,0,0,,,,,,0,,,,,0,,0,0,
PWH,UNKNOWN,0.25,15,0,0,0,0,0,0,0,,,,,,0,,,,,0,,0,0,
PWH,UNKNOWN,0.25,30,0,0,0,0,0,0,0,,,,,,0,,,,,0,,0,0,
PWH,UNKNOWN,0.50,5,0,0,0,0,0,0,0,,,,,,0,,,,,0,,0,0,
PWH,UNKNOWN,0.50,15,0,0,0,0,0,0,0,,,,,,0,,,,,0,,0,0,
PWH,UNKNOWN,0.50,30,0,0,0,0,0,0,0,,,,,,0,,,,,0,,0,0,
PWH,UNKNOWN,1.00,5,0,0,0,0,0,0,0,,,,,,0,,,,,0,,0,0,
PWH,UNKNOWN,1.00,15,0,0,0,0,0,0,0,,,,,,0,,,,,0,,0,0,
PWH,UNKNOWN,1.00,30,0,0,0,0,0,0,0,,,,,,0,,,,,0,,0,0,
PWL,NEVER_BREACHED,0.25,5,9,9,1,0,8,0,0,11.11,0.00,88.89,0.00,0.00,1,0.390000000000,0.245000000000,0.395000000000,0.245000000000,0,0.00,0,0,
PWL,NEVER_BREACHED,0.25,15,9,9,1,0,8,0,0,11.11,0.00,88.89,0.00,0.00,1,1.245000000000,0.680000000000,1.245000000000,0.680000000000,1,100.00,1,0,240
PWL,NEVER_BREACHED,0.25,30,9,9,1,0,8,0,0,11.11,0.00,88.89,0.00,0.00,1,1.525000000000,0.800000000000,1.525000000000,0.800000000000,1,100.00,1,0,240
PWL,NEVER_BREACHED,0.50,5,9,9,2,2,2,2,1,22.22,22.22,22.22,22.22,11.11,1,0.390000000000,0.245000000000,0.395000000000,0.245000000000,0,0.00,0,0,
PWL,NEVER_BREACHED,0.50,15,9,9,4,2,2,0,1,44.44,22.22,22.22,0.00,11.11,1,1.245000000000,0.680000000000,1.245000000000,0.680000000000,1,25.00,1,0,60
PWL,NEVER_BREACHED,0.50,30,9,9,4,2,2,0,1,44.44,22.22,22.22,0.00,11.11,1,1.525000000000,0.800000000000,1.525000000000,0.800000000000,1,25.00,1,0,60
PWL,NEVER_BREACHED,1.00,5,9,9,0,1,1,6,1,0.00,11.11,11.11,66.67,11.11,1,0.390000000000,0.245000000000,0.395000000000,0.245000000000,0,,0,0,
PWL,NEVER_BREACHED,1.00,15,9,9,4,1,1,2,1,44.44,11.11,11.11,22.22,11.11,1,1.245000000000,0.680000000000,1.245000000000,0.680000000000,1,25.00,0,1,420
PWL,NEVER_BREACHED,1.00,30,9,9,4,2,1,1,1,44.44,22.22,11.11,11.11,11.11,1,1.525000000000,0.800000000000,1.525000000000,0.800000000000,1,25.00,0,1,420
PWL,PENETRATED_NO_CLOSE_THROUGH,0.25,5,0,0,0,0,0,0,0,,,,,,0,,,,,0,,0,0,
PWL,PENETRATED_NO_CLOSE_THROUGH,0.25,15,0,0,0,0,0,0,0,,,,,,0,,,,,0,,0,0,
PWL,PENETRATED_NO_CLOSE_THROUGH,0.25,30,0,0,0,0,0,0,0,,,,,,0,,,,,0,,0,0,
PWL,PENETRATED_NO_CLOSE_THROUGH,0.50,5,0,0,0,0,0,0,0,,,,,,0,,,,,0,,0,0,
PWL,PENETRATED_NO_CLOSE_THROUGH,0.50,15,0,0,0,0,0,0,0,,,,,,0,,,,,0,,0,0,
PWL,PENETRATED_NO_CLOSE_THROUGH,0.50,30,0,0,0,0,0,0,0,,,,,,0,,,,,0,,0,0,
PWL,PENETRATED_NO_CLOSE_THROUGH,1.00,5,0,0,0,0,0,0,0,,,,,,0,,,,,0,,0,0,
PWL,PENETRATED_NO_CLOSE_THROUGH,1.00,15,0,0,0,0,0,0,0,,,,,,0,,,,,0,,0,0,
PWL,PENETRATED_NO_CLOSE_THROUGH,1.00,30,0,0,0,0,0,0,0,,,,,,0,,,,,0,,0,0,
PWL,COMPLETED_CLOSE_THROUGH,0.25,5,31,81,13,8,58,2,0,16.05,9.88,71.60,2.47,0.00,0,0.440000000000,0.460000000000,0.570000000000,0.495000000000,3,23.08,3,0,120
PWL,COMPLETED_CLOSE_THROUGH,0.25,15,31,81,15,8,58,0,0,18.52,9.88,71.60,0.00,0.00,2,0.860000000000,0.649900000000,0.888000000000,0.649900000000,8,53.33,5,3,240
PWL,COMPLETED_CLOSE_THROUGH,0.25,30,31,81,15,8,58,0,0,18.52,9.88,71.60,0.00,0.00,4,1.060000000000,0.845000000000,1.060000000000,0.845000000000,8,53.33,5,3,240
PWL,COMPLETED_CLOSE_THROUGH,0.50,5,31,81,16,12,36,17,0,19.75,14.81,44.44,20.99,0.00,0,0.440000000000,0.460000000000,0.570000000000,0.495000000000,1,6.25,1,0,120
PWL,COMPLETED_CLOSE_THROUGH,0.50,15,31,81,25,18,36,2,0,30.86,22.22,44.44,2.47,0.00,2,0.860000000000,0.649900000000,0.888000000000,0.649900000000,6,24.00,3,3,300
PWL,COMPLETED_CLOSE_THROUGH,0.50,30,31,81,26,19,36,0,0,32.10,23.46,44.44,0.00,0.00,4,1.060000000000,0.845000000000,1.060000000000,0.845000000000,12,46.15,4,8,510
PWL,COMPLETED_CLOSE_THROUGH,1.00,5,31,81,9,9,5,58,0,11.11,11.11,6.17,71.60,0.00,0,0.440000000000,0.460000000000,0.570000000000,0.495000000000,0,0.00,0,0,
PWL,COMPLETED_CLOSE_THROUGH,1.00,15,31,81,27,27,5,21,1,33.33,33.33,6.17,25.93,1.23,2,0.860000000000,0.649900000000,0.888000000000,0.649900000000,4,14.81,2,2,270
PWL,COMPLETED_CLOSE_THROUGH,1.00,30,31,81,31,33,5,10,2,38.27,40.74,6.17,12.35,2.47,4,1.060000000000,0.845000000000,1.060000000000,0.845000000000,10,32.26,4,6,450
PWL,UNKNOWN,0.25,5,0,0,0,0,0,0,0,,,,,,0,,,,,0,,0,0,
PWL,UNKNOWN,0.25,15,0,0,0,0,0,0,0,,,,,,0,,,,,0,,0,0,
PWL,UNKNOWN,0.25,30,0,0,0,0,0,0,0,,,,,,0,,,,,0,,0,0,
PWL,UNKNOWN,0.50,5,0,0,0,0,0,0,0,,,,,,0,,,,,0,,0,0,
PWL,UNKNOWN,0.50,15,0,0,0,0,0,0,0,,,,,,0,,,,,0,,0,0,
PWL,UNKNOWN,0.50,30,0,0,0,0,0,0,0,,,,,,0,,,,,0,,0,0,
PWL,UNKNOWN,1.00,5,0,0,0,0,0,0,0,,,,,,0,,,,,0,,0,0,
PWL,UNKNOWN,1.00,15,0,0,0,0,0,0,0,,,,,,0,,,,,0,,0,0,
PWL,UNKNOWN,1.00,30,0,0,0,0,0,0,0,,,,,,0,,,,,0,,0,0,
1H_HIGH,NEVER_BREACHED,0.25,5,67,110,16,8,71,15,0,14.55,7.27,64.55,13.64,0.00,2,0.250000000000,0.315000000000,0.423200000000,0.349950000000,5,31.25,5,0,120
1H_HIGH,NEVER_BREACHED,0.25,15,67,110,24,12,71,3,0,21.82,10.91,64.55,2.73,0.00,7,0.430000000000,0.537500000000,0.585000000000,0.585050000000,10,41.67,8,2,210
1H_HIGH,NEVER_BREACHED,0.25,30,67,110,25,14,71,0,0,22.73,12.73,64.55,0.00,0.00,8,0.525000000000,0.775000000000,0.727500000000,0.775000000000,16,64.00,9,7,300
1H_HIGH,NEVER_BREACHED,0.50,5,67,110,12,8,40,50,0,10.91,7.27,36.36,45.45,0.00,2,0.250000000000,0.315000000000,0.423200000000,0.349950000000,2,16.67,2,0,180
1H_HIGH,NEVER_BREACHED,0.50,15,67,110,23,22,40,23,2,20.91,20.00,36.36,20.91,1.82,7,0.430000000000,0.537500000000,0.585000000000,0.585050000000,3,13.04,3,0,180
1H_HIGH,NEVER_BREACHED,0.50,30,67,110,25,29,40,14,2,22.73,26.36,36.36,12.73,1.82,8,0.525000000000,0.775000000000,0.727500000000,0.775000000000,10,40.00,3,7,660
1H_HIGH,NEVER_BREACHED,1.00,5,67,110,9,6,16,78,1,8.18,5.45,14.55,70.91,0.91,2,0.250000000000,0.315000000000,0.423200000000,0.349950000000,2,22.22,2,0,150
1H_HIGH,NEVER_BREACHED,1.00,15,67,110,18,23,16,47,6,16.36,20.91,14.55,42.73,5.45,7,0.430000000000,0.537500000000,0.585000000000,0.585050000000,6,33.33,4,2,180
1H_HIGH,NEVER_BREACHED,1.00,30,67,110,25,27,16,36,6,22.73,24.55,14.55,32.73,5.45,8,0.525000000000,0.775000000000,0.727500000000,0.775000000000,7,28.00,4,3,180
1H_HIGH,PENETRATED_NO_CLOSE_THROUGH,0.25,5,8,11,1,2,8,0,0,9.09,18.18,72.73,0.00,0.00,1,0.279900000000,0.250000000000,0.650000000000,0.250000000000,0,0.00,0,0,
1H_HIGH,PENETRATED_NO_CLOSE_THROUGH,0.25,15,8,11,1,2,8,0,0,9.09,18.18,72.73,0.00,0.00,1,0.879900000000,0.335000000000,0.879900000000,0.440000000000,0,0.00,0,0,
1H_HIGH,PENETRATED_NO_CLOSE_THROUGH,0.25,30,8,11,1,2,8,0,0,9.09,18.18,72.73,0.00,0.00,1,0.880000000000,0.335000000000,0.880000000000,0.499000000000,0,0.00,0,0,
1H_HIGH,PENETRATED_NO_CLOSE_THROUGH,0.50,5,8,11,3,0,5,3,0,27.27,0.00,45.45,27.27,0.00,1,0.279900000000,0.250000000000,0.650000000000,0.250000000000,0,0.00,0,0,
1H_HIGH,PENETRATED_NO_CLOSE_THROUGH,0.50,15,8,11,4,1,5,1,0,36.36,9.09,45.45,9.09,0.00,1,0.879900000000,0.335000000000,0.879900000000,0.440000000000,0,0.00,0,0,
1H_HIGH,PENETRATED_NO_CLOSE_THROUGH,0.50,30,8,11,4,2,5,0,0,36.36,18.18,45.45,0.00,0.00,1,0.880000000000,0.335000000000,0.880000000000,0.499000000000,0,0.00,0,0,
1H_HIGH,PENETRATED_NO_CLOSE_THROUGH,1.00,5,8,11,0,1,0,9,1,0.00,9.09,0.00,81.82,9.09,1,0.279900000000,0.250000000000,0.650000000000,0.250000000000,0,,0,0,
1H_HIGH,PENETRATED_NO_CLOSE_THROUGH,1.00,15,8,11,4,1,0,5,1,36.36,9.09,0.00,45.45,9.09,1,0.879900000000,0.335000000000,0.879900000000,0.440000000000,0,0.00,0,0,
1H_HIGH,PENETRATED_NO_CLOSE_THROUGH,1.00,30,8,11,5,1,0,4,1,45.45,9.09,0.00,36.36,9.09,1,0.880000000000,0.335000000000,0.880000000000,0.499000000000,0,0.00,0,0,
1H_HIGH,COMPLETED_CLOSE_THROUGH,0.25,5,134,2177,483,222,1280,190,2,22.19,10.20,58.80,8.73,0.09,45,0.313350000000,0.290000000000,0.450000000000,0.305000000000,123,25.47,123,0,120
1H_HIGH,COMPLETED_CLOSE_THROUGH,0.25,15,134,2177,570,307,1280,18,2,26.18,14.10,58.80,0.83,0.09,104,0.550000000000,0.530000000000,0.630000000000,0.540000000000,282,49.47,193,89,180
1H_HIGH,COMPLETED_CLOSE_THROUGH,0.25,30,134,2177,580,312,1280,3,2,26.64,14.33,58.80,0.14,0.09,184,0.745650000000,0.710000000000,0.800000000000,0.730000000000,376,64.83,200,176,300
1H_HIGH,COMPLETED_CLOSE_THROUGH,0.50,5,134,2177,428,350,577,803,19,19.66,16.08,26.50,36.89,0.87,45,0.313350000000,0.290000000000,0.450000000000,0.305000000000,48,11.21,48,0,120
1H_HIGH,COMPLETED_CLOSE_THROUGH,0.50,15,134,2177,688,611,577,274,27,31.60,28.07,26.50,12.59,1.24,104,0.550000000000,0.530000000000,0.630000000000,0.540000000000,220,31.98,145,75,240
1H_HIGH,COMPLETED_CLOSE_THROUGH,0.50,30,134,2177,768,691,577,111,30,35.28,31.74,26.50,5.10,1.38,184,0.745650000000,0.710000000000,0.800000000000,0.730000000000,360,46.88,161,199,360
1H_HIGH,COMPLETED_CLOSE_THROUGH,1.00,5,134,2177,192,175,113,1658,39,8.82,8.04,5.19,76.16,1.79,45,0.313350000000,0.290000000000,0.450000000000,0.305000000000,8,4.17,8,0,90
1H_HIGH,COMPLETED_CLOSE_THROUGH,1.00,15,134,2177,512,504,113,976,72,23.52,23.15,5.19,44.83,3.31,104,0.550000000000,0.530000000000,0.630000000000,0.540000000000,92,17.97,51,41,300
1H_HIGH,COMPLETED_CLOSE_THROUGH,1.00,30,134,2177,716,677,113,573,98,32.89,31.10,5.19,26.32,4.50,184,0.745650000000,0.710000000000,0.800000000000,0.730000000000,188,26.26,57,131,480
1H_HIGH,UNKNOWN,0.25,5,0,0,0,0,0,0,0,,,,,,0,,,,,0,,0,0,
1H_HIGH,UNKNOWN,0.25,15,0,0,0,0,0,0,0,,,,,,0,,,,,0,,0,0,
1H_HIGH,UNKNOWN,0.25,30,0,0,0,0,0,0,0,,,,,,0,,,,,0,,0,0,
1H_HIGH,UNKNOWN,0.50,5,0,0,0,0,0,0,0,,,,,,0,,,,,0,,0,0,
1H_HIGH,UNKNOWN,0.50,15,0,0,0,0,0,0,0,,,,,,0,,,,,0,,0,0,
1H_HIGH,UNKNOWN,0.50,30,0,0,0,0,0,0,0,,,,,,0,,,,,0,,0,0,
1H_HIGH,UNKNOWN,1.00,5,0,0,0,0,0,0,0,,,,,,0,,,,,0,,0,0,
1H_HIGH,UNKNOWN,1.00,15,0,0,0,0,0,0,0,,,,,,0,,,,,0,,0,0,
1H_HIGH,UNKNOWN,1.00,30,0,0,0,0,0,0,0,,,,,,0,,,,,0,,0,0,
1H_LOW,NEVER_BREACHED,0.25,5,51,88,13,4,69,2,0,14.77,4.55,78.41,2.27,0.00,4,0.405000000000,0.405000000000,0.535000000000,0.475000000000,2,15.38,2,0,90
1H_LOW,NEVER_BREACHED,0.25,15,51,88,13,6,69,0,0,14.77,6.82,78.41,0.00,0.00,7,0.750000000000,0.780000000000,0.875000000000,0.800000000000,6,46.15,5,1,240
1H_LOW,NEVER_BREACHED,0.25,30,51,88,13,6,69,0,0,14.77,6.82,78.41,0.00,0.00,13,0.935000000000,1.005000000000,1.050000000000,1.148250000000,7,53.85,5,2,240
1H_LOW,NEVER_BREACHED,0.50,5,51,88,18,20,34,16,0,20.45,22.73,38.64,18.18,0.00,4,0.405000000000,0.405000000000,0.535000000000,0.475000000000,1,5.56,1,0,180
1H_LOW,NEVER_BREACHED,0.50,15,51,88,20,29,34,4,1,22.73,32.95,38.64,4.55,1.14,7,0.750000000000,0.780000000000,0.875000000000,0.800000000000,4,20.00,4,0,210
1H_LOW,NEVER_BREACHED,0.50,30,51,88,21,31,34,1,1,23.86,35.23,38.64,1.14,1.14,13,0.935000000000,1.005000000000,1.050000000000,1.148250000000,8,38.10,4,4,390
1H_LOW,NEVER_BREACHED,1.00,5,51,88,9,8,11,60,0,10.23,9.09,12.50,68.18,0.00,4,0.405000000000,0.405000000000,0.535000000000,0.475000000000,0,0.00,0,0,
1H_LOW,NEVER_BREACHED,1.00,15,51,88,24,25,11,27,1,27.27,28.41,12.50,30.68,1.14,7,0.750000000000,0.780000000000,0.875000000000,0.800000000000,5,20.83,2,3,420
1H_LOW,NEVER_BREACHED,1.00,30,51,88,30,33,11,12,2,34.09,37.50,12.50,13.64,2.27,13,0.935000000000,1.005000000000,1.050000000000,1.148250000000,8,26.67,3,5,390
1H_LOW,PENETRATED_NO_CLOSE_THROUGH,0.25,5,11,11,2,2,7,0,0,18.18,18.18,63.64,0.00,0.00,0,0.290000000000,0.430000000000,0.380000000000,0.430000000000,1,50.00,1,0,60
1H_LOW,PENETRATED_NO_CLOSE_THROUGH,0.25,15,11,11,2,2,7,0,0,18.18,18.18,63.64,0.00,0.00,1,0.610000000000,0.852400000000,0.610000000000,0.852400000000,1,50.00,1,0,60
1H_LOW,PENETRATED_NO_CLOSE_THROUGH,0.25,30,11,11,2,2,7,0,0,18.18,18.18,63.64,0.00,0.00,2,0.610000000000,1.030000000000,0.610000000000,1.030000000000,1,50.00,1,0,60
1H_LOW,PENETRATED_NO_CLOSE_THROUGH,0.50,5,11,11,1,0,4,6,0,9.09,0.00,36.36,54.55,0.00,0,0.290000000000,0.430000000000,0.380000000000,0.430000000000,0,0.00,0,0,
1H_LOW,PENETRATED_NO_CLOSE_THROUGH,0.50,15,11,11,3,2,4,2,0,27.27,18.18,36.36,18.18,0.00,1,0.610000000000,0.852400000000,0.610000000000,0.852400000000,1,33.33,0,1,420
1H_LOW,PENETRATED_NO_CLOSE_THROUGH,0.50,30,11,11,3,4,4,0,0,27.27,36.36,36.36,0.00,0.00,2,0.610000000000,1.030000000000,0.610000000000,1.030000000000,1,33.33,0,1,420
1H_LOW,PENETRATED_NO_CLOSE_THROUGH,1.00,5,11,11,2,1,0,8,0,18.18,9.09,0.00,72.73,0.00,0,0.290000000000,0.430000000000,0.380000000000,0.430000000000,0,0.00,0,0,
1H_LOW,PENETRATED_NO_CLOSE_THROUGH,1.00,15,11,11,2,4,0,5,0,18.18,36.36,0.00,45.45,0.00,1,0.610000000000,0.852400000000,0.610000000000,0.852400000000,1,50.00,1,0,120
1H_LOW,PENETRATED_NO_CLOSE_THROUGH,1.00,30,11,11,2,6,0,3,0,18.18,54.55,0.00,27.27,0.00,2,0.610000000000,1.030000000000,0.610000000000,1.030000000000,1,50.00,1,0,120
1H_LOW,COMPLETED_CLOSE_THROUGH,0.25,5,136,2461,463,240,1659,99,0,18.81,9.75,67.41,4.02,0.00,51,0.360000000000,0.350000000000,0.510000000000,0.370000000000,143,30.89,143,0,120
1H_LOW,COMPLETED_CLOSE_THROUGH,0.25,15,136,2461,508,284,1659,10,0,20.64,11.54,67.41,0.41,0.00,127,0.620000000000,0.640000000000,0.710000000000,0.640000000000,284,55.91,201,83,180
1H_LOW,COMPLETED_CLOSE_THROUGH,0.25,30,136,2461,513,287,1659,2,0,20.85,11.66,67.41,0.08,0.00,189,0.860000000000,0.853700000000,0.925000000000,0.860000000000,346,67.45,206,140,240
1H_LOW,COMPLETED_CLOSE_THROUGH,0.50,5,136,2461,540,426,775,702,18,21.94,17.31,31.49,28.52,0.73,51,0.360000000000,0.350000000000,0.510000000000,0.370000000000,75,13.89,75,0,60
1H_LOW,COMPLETED_CLOSE_THROUGH,0.50,15,136,2461,771,674,776,213,27,31.33,27.39,31.53,8.66,1.10,127,0.620000000000,0.640000000000,0.710000000000,0.640000000000,300,38.91,205,95,240
1H_LOW,COMPLETED_CLOSE_THROUGH,0.50,30,136,2461,849,736,776,72,28,34.50,29.91,31.53,2.93,1.14,189,0.860000000000,0.853700000000,0.925000000000,0.860000000000,433,51.00,216,217,360
1H_LOW,COMPLETED_CLOSE_THROUGH,1.00,5,136,2461,244,230,175,1776,36,9.91,9.35,7.11,72.17,1.46,51,0.360000000000,0.350000000000,0.510000000000,0.370000000000,11,4.51,11,0,120
1H_LOW,COMPLETED_CLOSE_THROUGH,1.00,15,136,2461,642,660,175,901,83,26.09,26.82,7.11,36.61,3.37,127,0.620000000000,0.640000000000,0.710000000000,0.640000000000,127,19.78,76,51,300
1H_LOW,COMPLETED_CLOSE_THROUGH,1.00,30,136,2461,877,867,175,449,93,35.64,35.23,7.11,18.24,3.78,189,0.860000000000,0.853700000000,0.925000000000,0.860000000000,254,28.96,92,162,420
1H_LOW,UNKNOWN,0.25,5,0,0,0,0,0,0,0,,,,,,0,,,,,0,,0,0,
1H_LOW,UNKNOWN,0.25,15,0,0,0,0,0,0,0,,,,,,0,,,,,0,,0,0,
1H_LOW,UNKNOWN,0.25,30,0,0,0,0,0,0,0,,,,,,0,,,,,0,,0,0,
1H_LOW,UNKNOWN,0.50,5,0,0,0,0,0,0,0,,,,,,0,,,,,0,,0,0,
1H_LOW,UNKNOWN,0.50,15,0,0,0,0,0,0,0,,,,,,0,,,,,0,,0,0,
1H_LOW,UNKNOWN,0.50,30,0,0,0,0,0,0,0,,,,,,0,,,,,0,,0,0,
1H_LOW,UNKNOWN,1.00,5,0,0,0,0,0,0,0,,,,,,0,,,,,0,,0,0,
1H_LOW,UNKNOWN,1.00,15,0,0,0,0,0,0,0,,,,,,0,,,,,0,,0,0,
1H_LOW,UNKNOWN,1.00,30,0,0,0,0,0,0,0,,,,,,0,,,,,0,,0,0,
