family,confluence,distance,horizon,contributing_sessions,episodes,REJECTION_FIRST_n,CONTINUATION_FIRST_n,AMBIGUOUS_n,UNRESOLVED_n,CENSORED_n,REJECTION_FIRST_pct,CONTINUATION_FIRST_pct,AMBIGUOUS_pct,UNRESOLVED_pct,CENSORED_pct,horizon_censored_flag_n,median_mfe_lower_bound,median_mae_lower_bound,median_mfe_envelope_upper,median_mae_envelope_upper,reclaim_n,reclaim_pct_of_rejection_first,quick_reclaim_n,later_reclaim_n,median_time_to_reclaim_seconds
ALL,1,0.25,5,170,5594,1144,554,3549,346,1,20.45,9.90,63.44,6.19,0.02,110,0.340000000000,0.310000000000,0.480000000000,0.335000000000,322,28.15,322,0,120
ALL,1,0.25,15,170,5594,1297,716,3549,31,1,23.19,12.80,63.44,0.55,0.02,269,0.585000000000,0.570000000000,0.670000000000,0.580000000000,676,52.12,471,205,180
ALL,1,0.25,30,170,5594,1314,726,3549,4,1,23.49,12.98,63.44,0.07,0.02,422,0.790000000000,0.770500000000,0.859900000000,0.780000000000,851,64.76,484,367,240
ALL,1,0.50,5,170,5594,1183,921,1598,1852,40,21.15,16.46,28.57,33.11,0.72,110,0.340000000000,0.310000000000,0.480000000000,0.335000000000,159,13.44,159,0,120
ALL,1,0.50,15,170,5594,1775,1574,1600,580,65,31.73,28.14,28.60,10.37,1.16,269,0.585000000000,0.570000000000,0.670000000000,0.580000000000,637,35.89,429,208,240
ALL,1,0.50,30,170,5594,1957,1760,1600,208,69,34.98,31.46,28.60,3.72,1.23,422,0.790000000000,0.770500000000,0.859900000000,0.780000000000,964,49.26,459,505,360
ALL,1,1.00,5,170,5594,535,468,341,4165,85,9.56,8.37,6.10,74.45,1.52,110,0.340000000000,0.310000000000,0.480000000000,0.335000000000,28,5.23,28,0,120
ALL,1,1.00,15,170,5594,1406,1361,341,2301,185,25.13,24.33,6.10,41.13,3.31,269,0.585000000000,0.570000000000,0.670000000000,0.580000000000,262,18.63,149,113,300
ALL,1,1.00,30,170,5594,1923,1826,341,1277,227,34.38,32.64,6.10,22.83,4.06,422,0.790000000000,0.770500000000,0.859900000000,0.780000000000,535,27.82,184,351,420
ALL,2,0.25,5,99,731,138,78,465,50,0,18.88,10.67,63.61,6.84,0.00,8,0.325000000000,0.340000000000,0.480000000000,0.360000000000,32,23.19,32,0,120
ALL,2,0.25,15,99,731,160,98,465,8,0,21.89,13.41,63.61,1.09,0.00,22,0.555000000000,0.570000000000,0.650000000000,0.585000000000,84,52.50,54,30,240
ALL,2,0.25,30,99,731,164,100,465,2,0,22.44,13.68,63.61,0.27,0.00,48,0.800000000000,0.790000000000,0.830000000000,0.790000000000,112,68.29,56,56,330
ALL,2,0.50,5,99,731,143,138,228,220,2,19.56,18.88,31.19,30.10,0.27,8,0.325000000000,0.340000000000,0.480000000000,0.360000000000,12,8.39,12,0,120
ALL,2,0.50,15,99,731,215,196,228,88,4,29.41,26.81,31.19,12.04,0.55,22,0.555000000000,0.570000000000,0.650000000000,0.585000000000,53,24.65,32,21,240
ALL,2,0.50,30,99,731,237,222,228,38,6,32.42,30.37,31.19,5.20,0.82,48,0.800000000000,0.790000000000,0.830000000000,0.790000000000,101,42.62,38,63,480
ALL,2,1.00,5,99,731,52,72,59,546,2,7.11,9.85,8.07,74.69,0.27,8,0.325000000000,0.340000000000,0.480000000000,0.360000000000,2,3.85,2,0,120
ALL,2,1.00,15,99,731,155,197,59,308,12,21.20,26.95,8.07,42.13,1.64,22,0.555000000000,0.570000000000,0.650000000000,0.585000000000,25,16.13,17,8,180
ALL,2,1.00,30,99,731,225,263,59,166,18,30.78,35.98,8.07,22.71,2.46,48,0.800000000000,0.790000000000,0.830000000000,0.790000000000,55,24.44,19,36,420
ALL,3+,0.25,5,7,45,3,0,21,18,3,6.67,0.00,46.67,40.00,6.67,6,0.190000000000,0.170000000000,0.330000000000,0.220000000000,0,0.00,0,0,
ALL,3+,0.25,15,7,45,15,3,21,3,3,33.33,6.67,46.67,6.67,6.67,9,0.280700000000,0.296400000000,0.355000000000,0.296400000000,0,0.00,0,0,
ALL,3+,0.25,30,7,45,15,3,21,3,3,33.33,6.67,46.67,6.67,6.67,9,0.365000000000,0.296400000000,0.550000000000,0.296400000000,3,20.00,0,3,900
ALL,3+,0.50,5,7,45,0,3,12,24,6,0.00,6.67,26.67,53.33,13.33,6,0.190000000000,0.170000000000,0.330000000000,0.220000000000,0,,0,0,
ALL,3+,0.50,15,7,45,3,9,12,15,6,6.67,20.00,26.67,33.33,13.33,9,0.280700000000,0.296400000000,0.355000000000,0.296400000000,0,0.00,0,0,
ALL,3+,0.50,30,7,45,9,9,12,9,6,20.00,20.00,26.67,20.00,13.33,9,0.365000000000,0.296400000000,0.550000000000,0.296400000000,0,0.00,0,0,
ALL,3+,1.00,5,7,45,0,3,0,36,6,0.00,6.67,0.00,80.00,13.33,6,0.190000000000,0.170000000000,0.330000000000,0.220000000000,0,,0,0,
ALL,3+,1.00,15,7,45,3,12,0,21,9,6.67,26.67,0.00,46.67,20.00,9,0.280700000000,0.296400000000,0.355000000000,0.296400000000,3,100.00,0,3,360
ALL,3+,1.00,30,7,45,6,12,0,18,9,13.33,26.67,0.00,40.00,20.00,9,0.365000000000,0.296400000000,0.550000000000,0.296400000000,3,50.00,0,3,360
PDH,1,0.25,5,42,122,23,11,83,5,0,18.85,9.02,68.03,4.10,0.00,0,0.325000000000,0.357500000000,0.525000000000,0.373300000000,6,26.09,6,0,120
PDH,1,0.25,15,42,122,24,15,83,0,0,19.67,12.30,68.03,0.00,0.00,4,0.537500000000,0.562500000000,0.620000000000,0.567500000000,14,58.33,8,6,240
PDH,1,0.25,30,42,122,24,15,83,0,0,19.67,12.30,68.03,0.00,0.00,7,0.650000000000,0.750000000000,0.755000000000,0.752500000000,15,62.50,8,7,240
PDH,1,0.50,5,42,122,29,18,40,35,0,23.77,14.75,32.79,28.69,0.00,0,0.325000000000,0.357500000000,0.525000000000,0.373300000000,6,20.69,6,0,90
PDH,1,0.50,15,42,122,36,34,40,11,1,29.51,27.87,32.79,9.02,0.82,4,0.537500000000,0.562500000000,0.620000000000,0.567500000000,18,50.00,13,5,180
PDH,1,0.50,30,42,122,43,37,40,1,1,35.25,30.33,32.79,0.82,0.82,7,0.650000000000,0.750000000000,0.755000000000,0.752500000000,24,55.81,14,10,270
PDH,1,1.00,5,42,122,10,8,10,94,0,8.20,6.56,8.20,77.05,0.00,0,0.325000000000,0.357500000000,0.525000000000,0.373300000000,1,10.00,1,0,60
PDH,1,1.00,15,42,122,29,26,10,54,3,23.77,21.31,8.20,44.26,2.46,4,0.537500000000,0.562500000000,0.620000000000,0.567500000000,8,27.59,5,3,270
PDH,1,1.00,30,42,122,40,40,10,29,3,32.79,32.79,8.20,23.77,2.46,7,0.650000000000,0.750000000000,0.755000000000,0.752500000000,11,27.50,7,4,300
PDH,2,0.25,5,38,98,16,14,54,14,0,16.33,14.29,55.10,14.29,0.00,0,0.238750000000,0.337500000000,0.335000000000,0.337500000000,6,37.50,6,0,90
PDH,2,0.25,15,38,98,21,20,54,3,0,21.43,20.41,55.10,3.06,0.00,2,0.372500000000,0.570000000000,0.465000000000,0.570000000000,10,47.62,8,2,150
PDH,2,0.25,30,38,98,23,21,54,0,0,23.47,21.43,55.10,0.00,0.00,4,0.535000000000,0.665000000000,0.644900000000,0.665000000000,12,52.17,9,3,180
PDH,2,0.50,5,38,98,18,18,22,40,0,18.37,18.37,22.45,40.82,0.00,0,0.238750000000,0.337500000000,0.335000000000,0.337500000000,2,11.11,2,0,120
PDH,2,0.50,15,38,98,23,32,22,20,1,23.47,32.65,22.45,20.41,1.02,2,0.372500000000,0.570000000000,0.465000000000,0.570000000000,2,8.70,2,0,120
PDH,2,0.50,30,38,98,28,37,22,10,1,28.57,37.76,22.45,10.20,1.02,4,0.535000000000,0.665000000000,0.644900000000,0.665000000000,5,17.86,2,3,480
PDH,2,1.00,5,38,98,4,9,9,76,0,4.08,9.18,9.18,77.55,0.00,0,0.238750000000,0.337500000000,0.335000000000,0.337500000000,1,25.00,1,0,120
PDH,2,1.00,15,38,98,12,23,9,52,2,12.24,23.47,9.18,53.06,2.04,2,0.372500000000,0.570000000000,0.465000000000,0.570000000000,1,8.33,1,0,120
PDH,2,1.00,30,38,98,24,32,9,30,3,24.49,32.65,9.18,30.61,3.06,4,0.535000000000,0.665000000000,0.644900000000,0.665000000000,2,8.33,1,1,240
PDH,3+,0.25,5,6,13,1,0,5,6,1,7.69,0.00,38.46,46.15,7.69,2,0.180000000000,0.130000000000,0.190000000000,0.210000000000,0,0.00,0,0,
PDH,3+,0.25,15,6,13,5,1,5,1,1,38.46,7.69,38.46,7.69,7.69,3,0.280700000000,0.210000000000,0.350000000000,0.220000000000,0,0.00,0,0,
PDH,3+,0.25,30,6,13,5,1,5,1,1,38.46,7.69,38.46,7.69,7.69,3,0.350000000000,0.210000000000,0.415000000000,0.220000000000,1,20.00,0,1,900
PDH,3+,0.50,5,6,13,0,0,3,8,2,0.00,0.00,23.08,61.54,15.38,2,0.180000000000,0.130000000000,0.190000000000,0.210000000000,0,,0,0,
PDH,3+,0.50,15,6,13,1,2,3,5,2,7.69,15.38,23.08,38.46,15.38,3,0.280700000000,0.210000000000,0.350000000000,0.220000000000,0,0.00,0,0,
PDH,3+,0.50,30,6,13,3,2,3,3,2,23.08,15.38,23.08,23.08,15.38,3,0.350000000000,0.210000000000,0.415000000000,0.220000000000,0,0.00,0,0,
PDH,3+,1.00,5,6,13,0,0,0,11,2,0.00,0.00,0.00,84.62,15.38,2,0.180000000000,0.130000000000,0.190000000000,0.210000000000,0,,0,0,
PDH,3+,1.00,15,6,13,1,2,0,7,3,7.69,15.38,0.00,53.85,23.08,3,0.280700000000,0.210000000000,0.350000000000,0.220000000000,1,100.00,0,1,360
PDH,3+,1.00,30,6,13,2,2,0,6,3,15.38,15.38,0.00,46.15,23.08,3,0.350000000000,0.210000000000,0.415000000000,0.220000000000,1,50.00,0,1,360
PDL,1,0.25,5,32,116,26,17,68,5,0,22.41,14.66,58.62,4.31,0.00,0,0.290000000000,0.330050000000,0.460000000000,0.355000000000,7,26.92,7,0,60
PDL,1,0.25,15,32,116,28,19,68,1,0,24.14,16.38,58.62,0.86,0.00,6,0.525000000000,0.525000000000,0.595000000000,0.525000000000,20,71.43,11,9,240
PDL,1,0.25,30,32,116,29,19,68,0,0,25.00,16.38,58.62,0.00,0.00,7,0.685000000000,0.715050000000,0.775000000000,0.715050000000,21,72.41,11,10,300
PDL,1,0.50,5,32,116,24,26,31,35,0,20.69,22.41,26.72,30.17,0.00,0,0.290000000000,0.330050000000,0.460000000000,0.355000000000,1,4.17,1,0,180
PDL,1,0.50,15,32,116,35,38,31,11,1,30.17,32.76,26.72,9.48,0.86,6,0.525000000000,0.525000000000,0.595000000000,0.525000000000,10,28.57,5,5,330
PDL,1,0.50,30,32,116,39,42,31,3,1,33.62,36.21,26.72,2.59,0.86,7,0.685000000000,0.715050000000,0.775000000000,0.715050000000,18,46.15,6,12,570
PDL,1,1.00,5,32,116,13,10,5,88,0,11.21,8.62,4.31,75.86,0.00,0,0.290000000000,0.330050000000,0.460000000000,0.355000000000,2,15.38,2,0,150
PDL,1,1.00,15,32,116,26,24,5,55,6,22.41,20.69,4.31,47.41,5.17,6,0.525000000000,0.525000000000,0.595000000000,0.525000000000,5,19.23,2,3,420
PDL,1,1.00,30,32,116,35,40,5,30,6,30.17,34.48,4.31,25.86,5.17,7,0.685000000000,0.715050000000,0.775000000000,0.715050000000,9,25.71,2,7,660
PDL,2,0.25,5,33,95,25,9,61,0,0,26.32,9.47,64.21,0.00,0.00,2,0.360000000000,0.400000000000,0.530000000000,0.430000000000,5,20.00,5,0,60
PDL,2,0.25,15,33,95,25,9,61,0,0,26.32,9.47,64.21,0.00,0.00,4,0.660000000000,0.525000000000,0.780000000000,0.585000000000,12,48.00,8,4,240
PDL,2,0.25,30,33,95,25,9,61,0,0,26.32,9.47,64.21,0.00,0.00,7,0.879000000000,0.880000000000,0.985000000000,0.880000000000,17,68.00,8,9,420
PDL,2,0.50,5,33,95,22,26,29,18,0,23.16,27.37,30.53,18.95,0.00,2,0.360000000000,0.400000000000,0.530000000000,0.430000000000,2,9.09,2,0,120
PDL,2,0.50,15,33,95,35,27,29,4,0,36.84,28.42,30.53,4.21,0.00,4,0.660000000000,0.525000000000,0.780000000000,0.585000000000,8,22.86,4,4,300
PDL,2,0.50,30,33,95,36,29,29,1,0,37.89,30.53,30.53,1.05,0.00,7,0.879000000000,0.880000000000,0.985000000000,0.880000000000,15,41.67,5,10,480
PDL,2,1.00,5,33,95,10,10,9,66,0,10.53,10.53,9.47,69.47,0.00,2,0.360000000000,0.400000000000,0.530000000000,0.430000000000,0,0.00,0,0,
PDL,2,1.00,15,33,95,25,25,9,34,2,26.32,26.32,9.47,35.79,2.11,4,0.660000000000,0.525000000000,0.780000000000,0.585000000000,5,20.00,4,1,180
PDL,2,1.00,30,33,95,36,35,9,13,2,37.89,36.84,9.47,13.68,2.11,7,0.879000000000,0.880000000000,0.985000000000,0.880000000000,11,30.56,4,7,360
PDL,3+,0.25,5,1,2,0,0,2,0,0,0.00,0.00,100.00,0.00,0.00,0,0.330000000000,0.880000000000,0.550000000000,0.880000000000,0,,0,0,
PDL,3+,0.25,15,1,2,0,0,2,0,0,0.00,0.00,100.00,0.00,0.00,0,0.655000000000,1.480000000000,0.875000000000,1.480000000000,0,,0,0,
PDL,3+,0.25,30,1,2,0,0,2,0,0,0.00,0.00,100.00,0.00,0.00,0,1.485000000000,1.495000000000,1.485000000000,1.495000000000,0,,0,0,
PDL,3+,0.50,5,1,2,0,1,1,0,0,0.00,50.00,50.00,0.00,0.00,0,0.330000000000,0.880000000000,0.550000000000,0.880000000000,0,,0,0,
PDL,3+,0.50,15,1,2,0,1,1,0,0,0.00,50.00,50.00,0.00,0.00,0,0.655000000000,1.480000000000,0.875000000000,1.480000000000,0,,0,0,
PDL,3+,0.50,30,1,2,0,1,1,0,0,0.00,50.00,50.00,0.00,0.00,0,1.485000000000,1.495000000000,1.485000000000,1.495000000000,0,,0,0,
PDL,3+,1.00,5,1,2,0,1,0,1,0,0.00,50.00,0.00,50.00,0.00,0,0.330000000000,0.880000000000,0.550000000000,0.880000000000,0,,0,0,
PDL,3+,1.00,15,1,2,0,2,0,0,0,0.00,100.00,0.00,0.00,0.00,0,0.655000000000,1.480000000000,0.875000000000,1.480000000000,0,,0,0,
PDL,3+,1.00,30,1,2,0,2,0,0,0,0.00,100.00,0.00,0.00,0.00,0,1.485000000000,1.495000000000,1.485000000000,1.495000000000,0,,0,0,
PMH,1,0.25,5,2,3,1,0,2,0,0,33.33,0.00,66.67,0.00,0.00,0,0.630000000000,0.690000000000,0.630000000000,0.690000000000,0,0.00,0,0,
PMH,1,0.25,15,2,3,1,0,2,0,0,33.33,0.00,66.67,0.00,0.00,0,1.200000000000,0.740000000000,1.200000000000,0.740000000000,0,0.00,0,0,
PMH,1,0.25,30,2,3,1,0,2,0,0,33.33,0.00,66.67,0.00,0.00,0,2.160000000000,0.740000000000,2.160000000000,0.740000000000,0,0.00,0,0,
PMH,1,0.50,5,2,3,2,1,0,0,0,66.67,33.33,0.00,0.00,0.00,0,0.630000000000,0.690000000000,0.630000000000,0.690000000000,1,50.00,1,0,60
PMH,1,0.50,15,2,3,2,1,0,0,0,66.67,33.33,0.00,0.00,0.00,0,1.200000000000,0.740000000000,1.200000000000,0.740000000000,1,50.00,1,0,60
PMH,1,0.50,30,2,3,2,1,0,0,0,66.67,33.33,0.00,0.00,0.00,0,2.160000000000,0.740000000000,2.160000000000,0.740000000000,1,50.00,1,0,60
PMH,1,1.00,5,2,3,1,0,0,2,0,33.33,0.00,0.00,66.67,0.00,0,0.630000000000,0.690000000000,0.630000000000,0.690000000000,0,0.00,0,0,
PMH,1,1.00,15,2,3,2,0,0,1,0,66.67,0.00,0.00,33.33,0.00,0,1.200000000000,0.740000000000,1.200000000000,0.740000000000,0,0.00,0,0,
PMH,1,1.00,30,2,3,3,0,0,0,0,100.00,0.00,0.00,0.00,0.00,0,2.160000000000,0.740000000000,2.160000000000,0.740000000000,0,0.00,0,0,
PMH,2,0.25,5,0,0,0,0,0,0,0,,,,,,0,,,,,0,,0,0,
PMH,2,0.25,15,0,0,0,0,0,0,0,,,,,,0,,,,,0,,0,0,
PMH,2,0.25,30,0,0,0,0,0,0,0,,,,,,0,,,,,0,,0,0,
PMH,2,0.50,5,0,0,0,0,0,0,0,,,,,,0,,,,,0,,0,0,
PMH,2,0.50,15,0,0,0,0,0,0,0,,,,,,0,,,,,0,,0,0,
PMH,2,0.50,30,0,0,0,0,0,0,0,,,,,,0,,,,,0,,0,0,
PMH,2,1.00,5,0,0,0,0,0,0,0,,,,,,0,,,,,0,,0,0,
PMH,2,1.00,15,0,0,0,0,0,0,0,,,,,,0,,,,,0,,0,0,
PMH,2,1.00,30,0,0,0,0,0,0,0,,,,,,0,,,,,0,,0,0,
PMH,3+,0.25,5,0,0,0,0,0,0,0,,,,,,0,,,,,0,,0,0,
PMH,3+,0.25,15,0,0,0,0,0,0,0,,,,,,0,,,,,0,,0,0,
PMH,3+,0.25,30,0,0,0,0,0,0,0,,,,,,0,,,,,0,,0,0,
PMH,3+,0.50,5,0,0,0,0,0,0,0,,,,,,0,,,,,0,,0,0,
PMH,3+,0.50,15,0,0,0,0,0,0,0,,,,,,0,,,,,0,,0,0,
PMH,3+,0.50,30,0,0,0,0,0,0,0,,,,,,0,,,,,0,,0,0,
PMH,3+,1.00,5,0,0,0,0,0,0,0,,,,,,0,,,,,0,,0,0,
PMH,3+,1.00,15,0,0,0,0,0,0,0,,,,,,0,,,,,0,,0,0,
PMH,3+,1.00,30,0,0,0,0,0,0,0,,,,,,0,,,,,0,,0,0,
PML,1,0.25,5,2,8,2,1,5,0,0,25.00,12.50,62.50,0.00,0.00,0,0.350000000000,0.280000000000,0.660000000000,0.315000000000,0,0.00,0,0,
PML,1,0.25,15,2,8,2,1,5,0,0,25.00,12.50,62.50,0.00,0.00,0,0.526250000000,0.470000000000,0.741250000000,0.470000000000,0,0.00,0,0,
PML,1,0.25,30,2,8,2,1,5,0,0,25.00,12.50,62.50,0.00,0.00,1,0.925000000000,1.192500000000,1.105000000000,1.192500000000,1,50.00,0,1,1620
PML,1,0.50,5,2,8,0,1,4,3,0,0.00,12.50,50.00,37.50,0.00,0,0.350000000000,0.280000000000,0.660000000000,0.315000000000,0,,0,0,
PML,1,0.50,15,2,8,1,2,4,1,0,12.50,25.00,50.00,12.50,0.00,0,0.526250000000,0.470000000000,0.741250000000,0.470000000000,1,100.00,1,0,180
PML,1,0.50,30,2,8,2,2,4,0,0,25.00,25.00,50.00,0.00,0.00,1,0.925000000000,1.192500000000,1.105000000000,1.192500000000,1,50.00,1,0,180
PML,1,1.00,5,2,8,2,0,1,5,0,25.00,0.00,12.50,62.50,0.00,0,0.350000000000,0.280000000000,0.660000000000,0.315000000000,0,0.00,0,0,
PML,1,1.00,15,2,8,2,1,1,4,0,25.00,12.50,12.50,50.00,0.00,0,0.526250000000,0.470000000000,0.741250000000,0.470000000000,1,50.00,1,0,240
PML,1,1.00,30,2,8,3,2,1,2,0,37.50,25.00,12.50,25.00,0.00,1,0.925000000000,1.192500000000,1.105000000000,1.192500000000,2,66.67,1,1,690
PML,2,0.25,5,0,0,0,0,0,0,0,,,,,,0,,,,,0,,0,0,
PML,2,0.25,15,0,0,0,0,0,0,0,,,,,,0,,,,,0,,0,0,
PML,2,0.25,30,0,0,0,0,0,0,0,,,,,,0,,,,,0,,0,0,
PML,2,0.50,5,0,0,0,0,0,0,0,,,,,,0,,,,,0,,0,0,
PML,2,0.50,15,0,0,0,0,0,0,0,,,,,,0,,,,,0,,0,0,
PML,2,0.50,30,0,0,0,0,0,0,0,,,,,,0,,,,,0,,0,0,
PML,2,1.00,5,0,0,0,0,0,0,0,,,,,,0,,,,,0,,0,0,
PML,2,1.00,15,0,0,0,0,0,0,0,,,,,,0,,,,,0,,0,0,
PML,2,1.00,30,0,0,0,0,0,0,0,,,,,,0,,,,,0,,0,0,
PML,3+,0.25,5,0,0,0,0,0,0,0,,,,,,0,,,,,0,,0,0,
PML,3+,0.25,15,0,0,0,0,0,0,0,,,,,,0,,,,,0,,0,0,
PML,3+,0.25,30,0,0,0,0,0,0,0,,,,,,0,,,,,0,,0,0,
PML,3+,0.50,5,0,0,0,0,0,0,0,,,,,,0,,,,,0,,0,0,
PML,3+,0.50,15,0,0,0,0,0,0,0,,,,,,0,,,,,0,,0,0,
PML,3+,0.50,30,0,0,0,0,0,0,0,,,,,,0,,,,,0,,0,0,
PML,3+,1.00,5,0,0,0,0,0,0,0,,,,,,0,,,,,0,,0,0,
PML,3+,1.00,15,0,0,0,0,0,0,0,,,,,,0,,,,,0,,0,0,
PML,3+,1.00,30,0,0,0,0,0,0,0,,,,,,0,,,,,0,,0,0,
ORH5,1,0.25,5,152,435,84,52,271,28,0,19.31,11.95,62.30,6.44,0.00,8,0.300000000000,0.300000000000,0.440000000000,0.310000000000,24,28.57,24,0,120
ORH5,1,0.25,15,152,435,98,64,271,2,0,22.53,14.71,62.30,0.46,0.00,15,0.560000000000,0.558500000000,0.660000000000,0.560000000000,53,54.08,34,19,180
ORH5,1,0.25,30,152,435,99,65,271,0,0,22.76,14.94,62.30,0.00,0.00,20,0.790000000000,0.730000000000,0.840000000000,0.745000000000,68,68.69,35,33,240
ORH5,1,0.50,5,152,435,94,82,100,157,2,21.61,18.85,22.99,36.09,0.46,8,0.300000000000,0.300000000000,0.440000000000,0.310000000000,11,11.70,11,0,60
ORH5,1,0.50,15,152,435,143,142,100,45,5,32.87,32.64,22.99,10.34,1.15,15,0.560000000000,0.558500000000,0.660000000000,0.560000000000,55,38.46,32,23,300
ORH5,1,0.50,30,152,435,154,161,100,14,6,35.40,37.01,22.99,3.22,1.38,20,0.790000000000,0.730000000000,0.840000000000,0.745000000000,88,57.14,33,55,480
ORH5,1,1.00,5,152,435,41,34,16,338,6,9.43,7.82,3.68,77.70,1.38,8,0.300000000000,0.300000000000,0.440000000000,0.310000000000,1,2.44,1,0,60
ORH5,1,1.00,15,152,435,104,94,16,210,11,23.91,21.61,3.68,48.28,2.53,15,0.560000000000,0.558500000000,0.660000000000,0.560000000000,21,20.19,8,13,420
ORH5,1,1.00,30,152,435,152,142,16,110,15,34.94,32.64,3.68,25.29,3.45,20,0.790000000000,0.730000000000,0.840000000000,0.745000000000,51,33.55,14,37,540
ORH5,2,0.25,5,2,4,1,1,1,1,0,25.00,25.00,25.00,25.00,0.00,0,0.165000000000,0.215000000000,0.230500000000,0.215000000000,0,0.00,0,0,
ORH5,2,0.25,15,2,4,2,1,1,0,0,50.00,25.00,25.00,0.00,0.00,0,0.410000000000,0.355000000000,0.410000000000,0.355000000000,0,0.00,0,0,
ORH5,2,0.25,30,2,4,2,1,1,0,0,50.00,25.00,25.00,0.00,0.00,0,0.871000000000,0.375000000000,0.871000000000,0.375000000000,1,50.00,0,1,1440
ORH5,2,0.50,5,2,4,0,1,0,3,0,0.00,25.00,0.00,75.00,0.00,0,0.165000000000,0.215000000000,0.230500000000,0.215000000000,0,,0,0,
ORH5,2,0.50,15,2,4,2,2,0,0,0,50.00,50.00,0.00,0.00,0.00,0,0.410000000000,0.355000000000,0.410000000000,0.355000000000,0,0.00,0,0,
ORH5,2,0.50,30,2,4,2,2,0,0,0,50.00,50.00,0.00,0.00,0.00,0,0.871000000000,0.375000000000,0.871000000000,0.375000000000,1,50.00,0,1,840
ORH5,2,1.00,5,2,4,0,0,0,4,0,0.00,0.00,0.00,100.00,0.00,0,0.165000000000,0.215000000000,0.230500000000,0.215000000000,0,,0,0,
ORH5,2,1.00,15,2,4,0,1,0,3,0,0.00,25.00,0.00,75.00,0.00,0,0.410000000000,0.355000000000,0.410000000000,0.355000000000,0,,0,0,
ORH5,2,1.00,30,2,4,2,1,0,1,0,50.00,25.00,0.00,25.00,0.00,0,0.871000000000,0.375000000000,0.871000000000,0.375000000000,0,0.00,0,0,
ORH5,3+,0.25,5,0,0,0,0,0,0,0,,,,,,0,,,,,0,,0,0,
ORH5,3+,0.25,15,0,0,0,0,0,0,0,,,,,,0,,,,,0,,0,0,
ORH5,3+,0.25,30,0,0,0,0,0,0,0,,,,,,0,,,,,0,,0,0,
ORH5,3+,0.50,5,0,0,0,0,0,0,0,,,,,,0,,,,,0,,0,0,
ORH5,3+,0.50,15,0,0,0,0,0,0,0,,,,,,0,,,,,0,,0,0,
ORH5,3+,0.50,30,0,0,0,0,0,0,0,,,,,,0,,,,,0,,0,0,
ORH5,3+,1.00,5,0,0,0,0,0,0,0,,,,,,0,,,,,0,,0,0,
ORH5,3+,1.00,15,0,0,0,0,0,0,0,,,,,,0,,,,,0,,0,0,
ORH5,3+,1.00,30,0,0,0,0,0,0,0,,,,,,0,,,,,0,,0,0,
ORL5,1,0.25,5,138,408,92,26,259,31,0,22.55,6.37,63.48,7.60,0.00,4,0.376050000000,0.265000000000,0.485000000000,0.280000000000,27,29.35,27,0,120
ORL5,1,0.25,15,138,408,101,46,259,2,0,24.75,11.27,63.48,0.49,0.00,10,0.620000000000,0.515000000000,0.695000000000,0.530000000000,49,48.51,37,12,180
ORL5,1,0.25,30,138,408,102,46,259,1,0,25.00,11.27,63.48,0.25,0.00,16,0.790000000000,0.735050000000,0.820000000000,0.750000000000,59,57.84,37,22,240
ORL5,1,0.50,5,138,408,98,56,107,144,3,24.02,13.73,26.23,35.29,0.74,4,0.376050000000,0.265000000000,0.485000000000,0.280000000000,20,20.41,20,0,120
ORL5,1,0.50,15,138,408,146,110,108,40,4,35.78,26.96,26.47,9.80,0.98,10,0.620000000000,0.515000000000,0.695000000000,0.530000000000,54,36.99,38,16,240
ORL5,1,0.50,30,138,408,156,127,108,13,4,38.24,31.13,26.47,3.19,0.98,16,0.790000000000,0.735050000000,0.820000000000,0.750000000000,73,46.79,40,33,300
ORL5,1,1.00,5,138,408,37,33,21,313,4,9.07,8.09,5.15,76.72,0.98,4,0.376050000000,0.265000000000,0.485000000000,0.280000000000,4,10.81,4,0,150
ORL5,1,1.00,15,138,408,111,103,21,164,9,27.21,25.25,5.15,40.20,2.21,10,0.620000000000,0.515000000000,0.695000000000,0.530000000000,10,9.01,8,2,180
ORL5,1,1.00,30,138,408,139,131,21,105,12,34.07,32.11,5.15,25.74,2.94,16,0.790000000000,0.735050000000,0.820000000000,0.750000000000,32,23.02,11,21,480
ORL5,2,0.25,5,7,14,2,3,9,0,0,14.29,21.43,64.29,0.00,0.00,1,0.364750000000,0.305000000000,0.477500000000,0.510000000000,0,0.00,0,0,
ORL5,2,0.25,15,7,14,2,3,9,0,0,14.29,21.43,64.29,0.00,0.00,1,0.875000000000,0.675000000000,1.075000000000,0.770000000000,2,100.00,0,2,450
ORL5,2,0.25,30,7,14,2,3,9,0,0,14.29,21.43,64.29,0.00,0.00,2,1.170000000000,0.770000000000,1.170000000000,1.035000000000,2,100.00,0,2,450
ORL5,2,0.50,5,7,14,2,3,5,4,0,14.29,21.43,35.71,28.57,0.00,1,0.364750000000,0.305000000000,0.477500000000,0.510000000000,0,0.00,0,0,
ORL5,2,0.50,15,7,14,3,4,5,2,0,21.43,28.57,35.71,14.29,0.00,1,0.875000000000,0.675000000000,1.075000000000,0.770000000000,1,33.33,1,0,300
ORL5,2,0.50,30,7,14,4,4,5,1,0,28.57,28.57,35.71,7.14,0.00,2,1.170000000000,0.770000000000,1.170000000000,1.035000000000,2,50.00,2,0,300
ORL5,2,1.00,5,7,14,1,1,2,10,0,7.14,7.14,14.29,71.43,0.00,1,0.364750000000,0.305000000000,0.477500000000,0.510000000000,0,0.00,0,0,
ORL5,2,1.00,15,7,14,5,4,2,3,0,35.71,28.57,14.29,21.43,0.00,1,0.875000000000,0.675000000000,1.075000000000,0.770000000000,1,20.00,1,0,120
ORL5,2,1.00,30,7,14,5,4,2,2,1,35.71,28.57,14.29,14.29,7.14,2,1.170000000000,0.770000000000,1.170000000000,1.035000000000,1,20.00,1,0,120
ORL5,3+,0.25,5,0,0,0,0,0,0,0,,,,,,0,,,,,0,,0,0,
ORL5,3+,0.25,15,0,0,0,0,0,0,0,,,,,,0,,,,,0,,0,0,
ORL5,3+,0.25,30,0,0,0,0,0,0,0,,,,,,0,,,,,0,,0,0,
ORL5,3+,0.50,5,0,0,0,0,0,0,0,,,,,,0,,,,,0,,0,0,
ORL5,3+,0.50,15,0,0,0,0,0,0,0,,,,,,0,,,,,0,,0,0,
ORL5,3+,0.50,30,0,0,0,0,0,0,0,,,,,,0,,,,,0,,0,0,
ORL5,3+,1.00,5,0,0,0,0,0,0,0,,,,,,0,,,,,0,,0,0,
ORL5,3+,1.00,15,0,0,0,0,0,0,0,,,,,,0,,,,,0,,0,0,
ORL5,3+,1.00,30,0,0,0,0,0,0,0,,,,,,0,,,,,0,,0,0,
PWH,1,0.25,5,9,25,7,5,12,1,0,28.00,20.00,48.00,4.00,0.00,0,0.220000000000,0.290000000000,0.320500000000,0.340000000000,1,14.29,1,0,60
PWH,1,0.25,15,9,25,8,5,12,0,0,32.00,20.00,48.00,0.00,0.00,1,0.418000000000,0.400000000000,0.520000000000,0.400000000000,1,12.50,1,0,60
PWH,1,0.25,30,9,25,8,5,12,0,0,32.00,20.00,48.00,0.00,0.00,1,0.526500000000,0.670000000000,0.600000000000,0.670000000000,1,12.50,1,0,60
PWH,1,0.50,5,9,25,5,5,3,12,0,20.00,20.00,12.00,48.00,0.00,0,0.220000000000,0.290000000000,0.320500000000,0.340000000000,0,0.00,0,0,
PWH,1,0.50,15,9,25,9,9,3,4,0,36.00,36.00,12.00,16.00,0.00,1,0.418000000000,0.400000000000,0.520000000000,0.400000000000,1,11.11,0,1,360
PWH,1,0.50,30,9,25,10,12,3,0,0,40.00,48.00,12.00,0.00,0.00,1,0.526500000000,0.670000000000,0.600000000000,0.670000000000,2,20.00,0,2,750
PWH,1,1.00,5,9,25,2,0,0,23,0,8.00,0.00,0.00,92.00,0.00,0,0.220000000000,0.290000000000,0.320500000000,0.340000000000,0,0.00,0,0,
PWH,1,1.00,15,9,25,6,2,0,16,1,24.00,8.00,0.00,64.00,4.00,1,0.418000000000,0.400000000000,0.520000000000,0.400000000000,0,0.00,0,0,
PWH,1,1.00,30,9,25,8,2,0,14,1,32.00,8.00,0.00,56.00,4.00,1,0.526500000000,0.670000000000,0.600000000000,0.670000000000,1,12.50,0,1,780
PWH,2,0.25,5,25,67,12,7,39,9,0,17.91,10.45,58.21,13.43,0.00,1,0.310000000000,0.235000000000,0.430000000000,0.235000000000,1,8.33,1,0,120
PWH,2,0.25,15,25,67,16,11,39,1,0,23.88,16.42,58.21,1.49,0.00,1,0.460000000000,0.440000000000,0.515000000000,0.440000000000,7,43.75,4,3,300
PWH,2,0.25,30,25,67,16,11,39,1,0,23.88,16.42,58.21,1.49,0.00,6,0.590000000000,0.630000000000,0.630000000000,0.630000000000,12,75.00,4,8,570
PWH,2,0.50,5,25,67,12,6,18,30,1,17.91,8.96,26.87,44.78,1.49,1,0.310000000000,0.235000000000,0.430000000000,0.235000000000,1,8.33,1,0,120
PWH,2,0.50,15,25,67,18,14,18,16,1,26.87,20.90,26.87,23.88,1.49,1,0.460000000000,0.440000000000,0.515000000000,0.440000000000,4,22.22,3,1,270
PWH,2,0.50,30,25,67,21,18,18,8,2,31.34,26.87,26.87,11.94,2.99,6,0.590000000000,0.630000000000,0.630000000000,0.630000000000,10,47.62,4,6,720
PWH,2,1.00,5,25,67,1,6,6,53,1,1.49,8.96,8.96,79.10,1.49,1,0.310000000000,0.235000000000,0.430000000000,0.235000000000,0,0.00,0,0,
PWH,2,1.00,15,25,67,7,17,6,36,1,10.45,25.37,8.96,53.73,1.49,1,0.460000000000,0.440000000000,0.515000000000,0.440000000000,0,0.00,0,0,
PWH,2,1.00,30,25,67,13,21,6,25,2,19.40,31.34,8.96,37.31,2.99,6,0.590000000000,0.630000000000,0.630000000000,0.630000000000,2,15.38,1,1,720
PWH,3+,0.25,5,5,12,1,0,4,6,1,8.33,0.00,33.33,50.00,8.33,2,0.170000000000,0.120000000000,0.185000000000,0.190000000000,0,0.00,0,0,
PWH,3+,0.25,15,5,12,5,1,4,1,1,41.67,8.33,33.33,8.33,8.33,3,0.300350000000,0.190000000000,0.340000000000,0.195000000000,0,0.00,0,0,
PWH,3+,0.25,30,5,12,5,1,4,1,1,41.67,8.33,33.33,8.33,8.33,3,0.357500000000,0.190000000000,0.390000000000,0.195000000000,1,20.00,0,1,900
PWH,3+,0.50,5,5,12,0,0,2,8,2,0.00,0.00,16.67,66.67,16.67,2,0.170000000000,0.120000000000,0.185000000000,0.190000000000,0,,0,0,
PWH,3+,0.50,15,5,12,1,2,2,5,2,8.33,16.67,16.67,41.67,16.67,3,0.300350000000,0.190000000000,0.340000000000,0.195000000000,0,0.00,0,0,
PWH,3+,0.50,30,5,12,3,2,2,3,2,25.00,16.67,16.67,25.00,16.67,3,0.357500000000,0.190000000000,0.390000000000,0.195000000000,0,0.00,0,0,
PWH,3+,1.00,5,5,12,0,0,0,10,2,0.00,0.00,0.00,83.33,16.67,2,0.170000000000,0.120000000000,0.185000000000,0.190000000000,0,,0,0,
PWH,3+,1.00,15,5,12,1,1,0,7,3,8.33,8.33,0.00,58.33,25.00,3,0.300350000000,0.190000000000,0.340000000000,0.195000000000,1,100.00,0,1,360
PWH,3+,1.00,30,5,12,2,1,0,6,3,16.67,8.33,0.00,50.00,25.00,3,0.357500000000,0.190000000000,0.390000000000,0.195000000000,1,50.00,0,1,360
PWL,1,0.25,5,8,17,3,3,11,0,0,17.65,17.65,64.71,0.00,0.00,1,0.394400000000,0.245000000000,0.410000000000,0.245000000000,0,0.00,0,0,
PWL,1,0.25,15,8,17,3,3,11,0,0,17.65,17.65,64.71,0.00,0.00,1,0.970000000000,0.245000000000,0.970000000000,0.245000000000,1,33.33,0,1,540
PWL,1,0.25,30,8,17,3,3,11,0,0,17.65,17.65,64.71,0.00,0.00,2,1.640000000000,0.335000000000,1.640000000000,0.335000000000,1,33.33,0,1,540
PWL,1,0.50,5,8,17,4,2,5,5,1,23.53,11.76,29.41,29.41,5.88,1,0.394400000000,0.245000000000,0.410000000000,0.245000000000,0,0.00,0,0,
PWL,1,0.50,15,8,17,7,4,5,0,1,41.18,23.53,29.41,0.00,5.88,1,0.970000000000,0.245000000000,0.970000000000,0.245000000000,1,14.29,0,1,420
PWL,1,0.50,30,8,17,7,4,5,0,1,41.18,23.53,29.41,0.00,5.88,2,1.640000000000,0.335000000000,1.640000000000,0.335000000000,1,14.29,0,1,420
PWL,1,1.00,5,8,17,2,1,1,12,1,11.76,5.88,5.88,70.59,5.88,1,0.394400000000,0.245000000000,0.410000000000,0.245000000000,0,0.00,0,0,
PWL,1,1.00,15,8,17,7,3,1,5,1,41.18,17.65,5.88,29.41,5.88,1,0.970000000000,0.245000000000,0.970000000000,0.245000000000,0,0.00,0,0,
PWL,1,1.00,30,8,17,10,3,1,1,2,58.82,17.65,5.88,5.88,11.76,2,1.640000000000,0.335000000000,1.640000000000,0.335000000000,2,20.00,2,0,270
PWL,2,0.25,5,25,71,11,5,53,2,0,15.49,7.04,74.65,2.82,0.00,0,0.440000000000,0.495000000000,0.580000000000,0.495000000000,3,27.27,3,0,120
PWL,2,0.25,15,25,71,13,5,53,0,0,18.31,7.04,74.65,0.00,0.00,2,0.830000000000,0.680000000000,0.888000000000,0.680000000000,8,61.54,6,2,240
PWL,2,0.25,30,25,71,13,5,53,0,0,18.31,7.04,74.65,0.00,0.00,3,0.960000000000,1.000000000000,0.960000000000,1.000000000000,8,61.54,6,2,240
PWL,2,0.50,5,25,71,14,11,32,14,0,19.72,15.49,45.07,19.72,0.00,0,0.440000000000,0.495000000000,0.580000000000,0.495000000000,1,7.14,1,0,120
PWL,2,0.50,15,25,71,22,15,32,2,0,30.99,21.13,45.07,2.82,0.00,2,0.830000000000,0.680000000000,0.888000000000,0.680000000000,6,27.27,4,2,180
PWL,2,0.50,30,25,71,23,16,32,0,0,32.39,22.54,45.07,0.00,0.00,3,0.960000000000,1.000000000000,0.960000000000,1.000000000000,12,52.17,5,7,510
PWL,2,1.00,5,25,71,7,8,5,51,0,9.86,11.27,7.04,71.83,0.00,0,0.440000000000,0.495000000000,0.580000000000,0.495000000000,0,0.00,0,0,
PWL,2,1.00,15,25,71,24,23,5,18,1,33.80,32.39,7.04,25.35,1.41,2,0.830000000000,0.680000000000,0.888000000000,0.680000000000,5,20.83,2,3,420
PWL,2,1.00,30,25,71,25,30,5,10,1,35.21,42.25,7.04,14.08,1.41,3,0.960000000000,1.000000000000,0.960000000000,1.000000000000,9,36.00,2,7,480
PWL,3+,0.25,5,1,2,0,0,2,0,0,0.00,0.00,100.00,0.00,0.00,0,0.330000000000,0.880000000000,0.550000000000,0.880000000000,0,,0,0,
PWL,3+,0.25,15,1,2,0,0,2,0,0,0.00,0.00,100.00,0.00,0.00,0,0.655000000000,1.480000000000,0.875000000000,1.480000000000,0,,0,0,
PWL,3+,0.25,30,1,2,0,0,2,0,0,0.00,0.00,100.00,0.00,0.00,0,1.485000000000,1.495000000000,1.485000000000,1.495000000000,0,,0,0,
PWL,3+,0.50,5,1,2,0,1,1,0,0,0.00,50.00,50.00,0.00,0.00,0,0.330000000000,0.880000000000,0.550000000000,0.880000000000,0,,0,0,
PWL,3+,0.50,15,1,2,0,1,1,0,0,0.00,50.00,50.00,0.00,0.00,0,0.655000000000,1.480000000000,0.875000000000,1.480000000000,0,,0,0,
PWL,3+,0.50,30,1,2,0,1,1,0,0,0.00,50.00,50.00,0.00,0.00,0,1.485000000000,1.495000000000,1.485000000000,1.495000000000,0,,0,0,
PWL,3+,1.00,5,1,2,0,1,0,1,0,0.00,50.00,0.00,50.00,0.00,0,0.330000000000,0.880000000000,0.550000000000,0.880000000000,0,,0,0,
PWL,3+,1.00,15,1,2,0,2,0,0,0,0.00,100.00,0.00,0.00,0.00,0,0.655000000000,1.480000000000,0.875000000000,1.480000000000,0,,0,0,
PWL,3+,1.00,30,1,2,0,2,0,0,0,0.00,100.00,0.00,0.00,0.00,0,1.485000000000,1.495000000000,1.485000000000,1.495000000000,0,,0,0,
1H_HIGH,1,0.25,5,135,2096,469,211,1238,177,1,22.38,10.07,59.06,8.44,0.05,45,0.315000000000,0.290000000000,0.450000000000,0.310000000000,121,25.80,121,0,120
1H_HIGH,1,0.25,15,135,2096,552,289,1238,16,1,26.34,13.79,59.06,0.76,0.05,105,0.560000000000,0.530000000000,0.640000000000,0.545000000000,272,49.28,189,83,180
1H_HIGH,1,0.25,30,135,2096,561,295,1238,1,1,26.77,14.07,59.06,0.05,0.05,178,0.750000000000,0.720000000000,0.800000000000,0.730000000000,362,64.53,196,166,300
1H_HIGH,1,0.50,5,135,2096,409,329,569,773,16,19.51,15.70,27.15,36.88,0.76,45,0.315000000000,0.290000000000,0.450000000000,0.310000000000,47,11.49,47,0,120
1H_HIGH,1,0.50,15,135,2096,662,580,569,260,25,31.58,27.67,27.15,12.40,1.19,105,0.560000000000,0.530000000000,0.640000000000,0.545000000000,212,32.02,141,71,240
1H_HIGH,1,0.50,30,135,2096,735,658,569,107,27,35.07,31.39,27.15,5.10,1.29,178,0.750000000000,0.720000000000,0.800000000000,0.730000000000,348,47.35,156,192,360
1H_HIGH,1,1.00,5,135,2096,190,164,116,1588,38,9.06,7.82,5.53,75.76,1.81,45,0.315000000000,0.290000000000,0.450000000000,0.310000000000,9,4.74,9,0,120
1H_HIGH,1,1.00,15,135,2096,504,478,116,925,73,24.05,22.81,5.53,44.13,3.48,105,0.560000000000,0.530000000000,0.640000000000,0.545000000000,94,18.65,52,42,300
1H_HIGH,1,1.00,30,135,2096,691,640,116,552,97,32.97,30.53,5.53,26.34,4.63,178,0.750000000000,0.720000000000,0.800000000000,0.730000000000,186,26.92,57,129,480
1H_HIGH,2,0.25,5,58,189,30,21,116,22,0,15.87,11.11,61.38,11.64,0.00,1,0.290000000000,0.280000000000,0.420000000000,0.290000000000,7,23.33,7,0,120
1H_HIGH,2,0.25,15,58,189,38,31,116,4,0,20.11,16.40,61.38,2.12,0.00,4,0.450000000000,0.550000000000,0.570000000000,0.550000000000,20,52.63,12,8,270
1H_HIGH,2,0.25,30,58,189,40,32,116,1,0,21.16,16.93,61.38,0.53,0.00,12,0.650000000000,0.715000000000,0.690000000000,0.715000000000,29,72.50,13,16,360
1H_HIGH,2,0.50,5,58,189,34,29,50,75,1,17.99,15.34,26.46,39.68,0.53,1,0.290000000000,0.280000000000,0.420000000000,0.290000000000,3,8.82,3,0,120
1H_HIGH,2,0.50,15,58,189,52,52,50,33,2,27.51,27.51,26.46,17.46,1.06,4,0.450000000000,0.550000000000,0.570000000000,0.550000000000,11,21.15,7,4,240
1H_HIGH,2,0.50,30,58,189,59,62,50,15,3,31.22,32.80,26.46,7.94,1.59,12,0.650000000000,0.715000000000,0.690000000000,0.715000000000,22,37.29,8,14,510
1H_HIGH,2,1.00,5,58,189,11,18,13,146,1,5.82,9.52,6.88,77.25,0.53,1,0.290000000000,0.280000000000,0.420000000000,0.290000000000,1,9.09,1,0,120
1H_HIGH,2,1.00,15,58,189,29,48,13,96,3,15.34,25.40,6.88,50.79,1.59,4,0.450000000000,0.550000000000,0.570000000000,0.550000000000,3,10.34,3,0,180
1H_HIGH,2,1.00,30,58,189,53,63,13,55,5,28.04,33.33,6.88,29.10,2.65,12,0.650000000000,0.715000000000,0.690000000000,0.715000000000,8,15.09,4,4,330
1H_HIGH,3+,0.25,5,6,13,1,0,5,6,1,7.69,0.00,38.46,46.15,7.69,2,0.180000000000,0.130000000000,0.190000000000,0.210000000000,0,0.00,0,0,
1H_HIGH,3+,0.25,15,6,13,5,1,5,1,1,38.46,7.69,38.46,7.69,7.69,3,0.280700000000,0.210000000000,0.350000000000,0.220000000000,0,0.00,0,0,
1H_HIGH,3+,0.25,30,6,13,5,1,5,1,1,38.46,7.69,38.46,7.69,7.69,3,0.350000000000,0.210000000000,0.415000000000,0.220000000000,1,20.00,0,1,900
1H_HIGH,3+,0.50,5,6,13,0,0,3,8,2,0.00,0.00,23.08,61.54,15.38,2,0.180000000000,0.130000000000,0.190000000000,0.210000000000,0,,0,0,
1H_HIGH,3+,0.50,15,6,13,1,2,3,5,2,7.69,15.38,23.08,38.46,15.38,3,0.280700000000,0.210000000000,0.350000000000,0.220000000000,0,0.00,0,0,
1H_HIGH,3+,0.50,30,6,13,3,2,3,3,2,23.08,15.38,23.08,23.08,15.38,3,0.350000000000,0.210000000000,0.415000000000,0.220000000000,0,0.00,0,0,
1H_HIGH,3+,1.00,5,6,13,0,0,0,11,2,0.00,0.00,0.00,84.62,15.38,2,0.180000000000,0.130000000000,0.190000000000,0.210000000000,0,,0,0,
1H_HIGH,3+,1.00,15,6,13,1,2,0,7,3,7.69,15.38,0.00,53.85,23.08,3,0.280700000000,0.210000000000,0.350000000000,0.220000000000,1,100.00,0,1,360
1H_HIGH,3+,1.00,30,6,13,2,2,0,6,3,15.38,15.38,0.00,46.15,23.08,3,0.350000000000,0.210000000000,0.415000000000,0.220000000000,1,50.00,0,1,360
1H_LOW,1,0.25,5,138,2364,437,228,1600,99,0,18.49,9.64,67.68,4.19,0.00,52,0.360000000000,0.350000000000,0.510000000000,0.370000000000,136,31.12,136,0,120
1H_LOW,1,0.25,15,138,2364,480,274,1600,10,0,20.30,11.59,67.68,0.42,0.00,127,0.610000000000,0.640000000000,0.710000000000,0.650000000000,266,55.42,191,75,180
1H_LOW,1,0.25,30,138,2364,485,277,1600,2,0,20.52,11.72,67.68,0.08,0.00,190,0.860000000000,0.860000000000,0.927500000000,0.860000000000,323,66.60,196,127,240
1H_LOW,1,0.50,5,138,2364,518,401,739,688,18,21.91,16.96,31.26,29.10,0.76,52,0.360000000000,0.350000000000,0.510000000000,0.370000000000,73,14.09,73,0,60
1H_LOW,1,0.50,15,138,2364,734,654,740,208,28,31.05,27.66,31.30,8.80,1.18,127,0.610000000000,0.640000000000,0.710000000000,0.650000000000,284,38.69,198,86,240
1H_LOW,1,0.50,30,138,2364,809,716,740,70,29,34.22,30.29,31.30,2.96,1.23,190,0.860000000000,0.860000000000,0.927500000000,0.860000000000,408,50.43,208,200,300
1H_LOW,1,1.00,5,138,2364,237,218,171,1702,36,10.03,9.22,7.23,72.00,1.52,52,0.360000000000,0.350000000000,0.510000000000,0.370000000000,11,4.64,11,0,120
1H_LOW,1,1.00,15,138,2364,615,630,171,867,81,26.02,26.65,7.23,36.68,3.43,127,0.610000000000,0.640000000000,0.710000000000,0.650000000000,123,20.00,73,50,300
1H_LOW,1,1.00,30,138,2364,842,826,171,434,91,35.62,34.94,7.23,18.36,3.85,190,0.860000000000,0.860000000000,0.927500000000,0.860000000000,241,28.62,90,151,420
1H_LOW,2,0.25,5,58,193,41,18,132,2,0,21.24,9.33,68.39,1.04,0.00,3,0.400000000000,0.420000000000,0.560000000000,0.442800000000,10,24.39,10,0,120
1H_LOW,2,0.25,15,58,193,43,18,132,0,0,22.28,9.33,68.39,0.00,0.00,8,0.670000000000,0.635000000000,0.770000000000,0.650000000000,25,58.14,16,9,240
1H_LOW,2,0.25,30,58,193,43,18,132,0,0,22.28,9.33,68.39,0.00,0.00,14,0.880000000000,0.880000000000,0.960000000000,0.965000000000,31,72.09,16,15,300
1H_LOW,2,0.50,5,58,193,41,44,72,36,0,21.24,22.80,37.31,18.65,0.00,3,0.400000000000,0.420000000000,0.560000000000,0.442800000000,3,7.32,3,0,120
1H_LOW,2,0.50,15,58,193,60,50,72,11,0,31.09,25.91,37.31,5.70,0.00,8,0.670000000000,0.635000000000,0.770000000000,0.650000000000,21,35.00,11,10,240
1H_LOW,2,0.50,30,58,193,64,54,72,3,0,33.16,27.98,37.31,1.55,0.00,14,0.880000000000,0.880000000000,0.960000000000,0.965000000000,34,53.12,12,22,480
1H_LOW,2,1.00,5,58,193,18,20,15,140,0,9.33,10.36,7.77,72.54,0.00,3,0.400000000000,0.420000000000,0.560000000000,0.442800000000,0,0.00,0,0,
1H_LOW,2,1.00,15,58,193,53,56,15,66,3,27.46,29.02,7.77,34.20,1.55,8,0.670000000000,0.635000000000,0.770000000000,0.650000000000,10,18.87,6,4,300
1H_LOW,2,1.00,30,58,193,67,77,15,30,4,34.72,39.90,7.77,15.54,2.07,14,0.880000000000,0.880000000000,0.960000000000,0.965000000000,22,32.84,6,16,480
1H_LOW,3+,0.25,5,2,3,0,0,3,0,0,0.00,0.00,100.00,0.00,0.00,0,0.270000000000,0.765000000000,0.710000000000,0.765000000000,0,,0,0,
1H_LOW,3+,0.25,15,2,3,0,0,3,0,0,0.00,0.00,100.00,0.00,0.00,0,0.270000000000,1.480000000000,0.755000000000,1.480000000000,0,,0,0,
1H_LOW,3+,0.25,30,2,3,0,0,3,0,0,0.00,0.00,100.00,0.00,0.00,0,0.740000000000,1.670000000000,0.755000000000,1.670000000000,0,,0,0,
1H_LOW,3+,0.50,5,2,3,0,1,2,0,0,0.00,33.33,66.67,0.00,0.00,0,0.270000000000,0.765000000000,0.710000000000,0.765000000000,0,,0,0,
1H_LOW,3+,0.50,15,2,3,0,1,2,0,0,0.00,33.33,66.67,0.00,0.00,0,0.270000000000,1.480000000000,0.755000000000,1.480000000000,0,,0,0,
1H_LOW,3+,0.50,30,2,3,0,1,2,0,0,0.00,33.33,66.67,0.00,0.00,0,0.740000000000,1.670000000000,0.755000000000,1.670000000000,0,,0,0,
1H_LOW,3+,1.00,5,2,3,0,1,0,2,0,0.00,33.33,0.00,66.67,0.00,0,0.270000000000,0.765000000000,0.710000000000,0.765000000000,0,,0,0,
1H_LOW,3+,1.00,15,2,3,0,3,0,0,0,0.00,100.00,0.00,0.00,0.00,0,0.270000000000,1.480000000000,0.755000000000,1.480000000000,0,,0,0,
1H_LOW,3+,1.00,30,2,3,0,3,0,0,0,0.00,100.00,0.00,0.00,0.00,0,0.740000000000,1.670000000000,0.755000000000,1.670000000000,0,,0,0,
