family,distance,horizon,touch_minutes,touch_runs,episodes,levels_touched,sessions_touched,available_level_instances,available_sessions,available_level_minutes,unavailable_sessions,censored,REJECTION_FIRST_n,CONTINUATION_FIRST_n,AMBIGUOUS_n,UNRESOLVED_n,CENSORED_n,REJECTION_FIRST_pct,CONTINUATION_FIRST_pct,AMBIGUOUS_pct,UNRESOLVED_pct,CENSORED_pct
PDH,0.25,5,1461,618,233,86,86,170,170,66300,0,2,40,25,142,25,1,17.17,10.73,60.94,10.73,0.43
PDH,0.25,15,1461,618,233,86,86,170,170,66300,0,9,50,36,142,4,1,21.46,15.45,60.94,1.72,0.43
PDH,0.25,30,1461,618,233,86,86,170,170,66300,0,14,52,37,142,1,1,22.32,15.88,60.94,0.43,0.43
PDH,0.50,5,1461,618,233,86,86,170,170,66300,0,2,47,36,65,83,2,20.17,15.45,27.90,35.62,0.86
PDH,0.50,15,1461,618,233,86,86,170,170,66300,0,9,60,68,65,36,4,25.75,29.18,27.90,15.45,1.72
PDH,0.50,30,1461,618,233,86,86,170,170,66300,0,14,74,76,65,14,4,31.76,32.62,27.90,6.01,1.72
PDH,1.00,5,1461,618,233,86,86,170,170,66300,0,2,14,17,19,181,2,6.01,7.30,8.15,77.68,0.86
PDH,1.00,15,1461,618,233,86,86,170,170,66300,0,9,42,51,19,113,8,18.03,21.89,8.15,48.50,3.43
PDH,1.00,30,1461,618,233,86,86,170,170,66300,0,14,66,74,19,65,9,28.33,31.76,8.15,27.90,3.86
PDL,0.25,5,1385,605,213,66,66,170,170,66300,0,2,51,26,131,5,0,23.94,12.21,61.50,2.35,0.00
PDL,0.25,15,1385,605,213,66,66,170,170,66300,0,10,53,28,131,1,0,24.88,13.15,61.50,0.47,0.00
PDL,0.25,30,1385,605,213,66,66,170,170,66300,0,14,54,28,131,0,0,25.35,13.15,61.50,0.00,0.00
PDL,0.50,5,1385,605,213,66,66,170,170,66300,0,2,46,53,61,53,0,21.60,24.88,28.64,24.88,0.00
PDL,0.50,15,1385,605,213,66,66,170,170,66300,0,10,70,66,61,15,1,32.86,30.99,28.64,7.04,0.47
PDL,0.50,30,1385,605,213,66,66,170,170,66300,0,14,75,72,61,4,1,35.21,33.80,28.64,1.88,0.47
PDL,1.00,5,1385,605,213,66,66,170,170,66300,0,2,23,21,14,155,0,10.80,9.86,6.57,72.77,0.00
PDL,1.00,15,1385,605,213,66,66,170,170,66300,0,10,51,51,14,89,8,23.94,23.94,6.57,41.78,3.76
PDL,1.00,30,1385,605,213,66,66,170,170,66300,0,14,71,77,14,43,8,33.33,36.15,6.57,20.19,3.76
PMH,0.25,5,18,8,3,2,2,4,4,1560,166,0,1,0,2,0,0,33.33,0.00,66.67,0.00,0.00
PMH,0.25,15,18,8,3,2,2,4,4,1560,166,0,1,0,2,0,0,33.33,0.00,66.67,0.00,0.00
PMH,0.25,30,18,8,3,2,2,4,4,1560,166,0,1,0,2,0,0,33.33,0.00,66.67,0.00,0.00
PMH,0.50,5,18,8,3,2,2,4,4,1560,166,0,2,1,0,0,0,66.67,33.33,0.00,0.00,0.00
PMH,0.50,15,18,8,3,2,2,4,4,1560,166,0,2,1,0,0,0,66.67,33.33,0.00,0.00,0.00
PMH,0.50,30,18,8,3,2,2,4,4,1560,166,0,2,1,0,0,0,66.67,33.33,0.00,0.00,0.00
PMH,1.00,5,18,8,3,2,2,4,4,1560,166,0,1,0,0,2,0,33.33,0.00,0.00,66.67,0.00
PMH,1.00,15,18,8,3,2,2,4,4,1560,166,0,2,0,0,1,0,66.67,0.00,0.00,33.33,0.00
PMH,1.00,30,18,8,3,2,2,4,4,1560,166,0,3,0,0,0,0,100.00,0.00,0.00,0.00,0.00
PML,0.25,5,61,23,8,2,2,4,4,1560,166,0,2,1,5,0,0,25.00,12.50,62.50,0.00,0.00
PML,0.25,15,61,23,8,2,2,4,4,1560,166,0,2,1,5,0,0,25.00,12.50,62.50,0.00,0.00
PML,0.25,30,61,23,8,2,2,4,4,1560,166,1,2,1,5,0,0,25.00,12.50,62.50,0.00,0.00
PML,0.50,5,61,23,8,2,2,4,4,1560,166,0,0,1,4,3,0,0.00,12.50,50.00,37.50,0.00
PML,0.50,15,61,23,8,2,2,4,4,1560,166,0,1,2,4,1,0,12.50,25.00,50.00,12.50,0.00
PML,0.50,30,61,23,8,2,2,4,4,1560,166,1,2,2,4,0,0,25.00,25.00,50.00,0.00,0.00
PML,1.00,5,61,23,8,2,2,4,4,1560,166,0,2,0,1,5,0,25.00,0.00,12.50,62.50,0.00
PML,1.00,15,61,23,8,2,2,4,4,1560,166,0,2,1,1,4,0,25.00,12.50,12.50,50.00,0.00
PML,1.00,30,61,23,8,2,2,4,4,1560,166,1,3,2,1,2,0,37.50,25.00,12.50,25.00,0.00
ORH5,0.25,5,3087,1318,439,154,154,170,170,65450,0,8,85,53,272,29,0,19.36,12.07,61.96,6.61,0.00
ORH5,0.25,15,3087,1318,439,154,154,170,170,65450,0,15,100,65,272,2,0,22.78,14.81,61.96,0.46,0.00
ORH5,0.25,30,3087,1318,439,154,154,170,170,65450,0,20,101,66,272,0,0,23.01,15.03,61.96,0.00,0.00
ORH5,0.50,5,3087,1318,439,154,154,170,170,65450,0,8,94,83,100,160,2,21.41,18.91,22.78,36.45,0.46
ORH5,0.50,15,3087,1318,439,154,154,170,170,65450,0,15,145,144,100,45,5,33.03,32.80,22.78,10.25,1.14
ORH5,0.50,30,3087,1318,439,154,154,170,170,65450,0,20,156,163,100,14,6,35.54,37.13,22.78,3.19,1.37
ORH5,1.00,5,3087,1318,439,154,154,170,170,65450,0,8,41,34,16,342,6,9.34,7.74,3.64,77.90,1.37
ORH5,1.00,15,3087,1318,439,154,154,170,170,65450,0,15,104,95,16,213,11,23.69,21.64,3.64,48.52,2.51
ORH5,1.00,30,3087,1318,439,154,154,170,170,65450,0,20,154,143,16,111,15,35.08,32.57,3.64,25.28,3.42
ORL5,0.25,5,2727,1180,422,145,145,170,170,65450,0,5,94,29,268,31,0,22.27,6.87,63.51,7.35,0.00
ORL5,0.25,15,2727,1180,422,145,145,170,170,65450,0,11,103,49,268,2,0,24.41,11.61,63.51,0.47,0.00
ORL5,0.25,30,2727,1180,422,145,145,170,170,65450,0,18,104,49,268,1,0,24.64,11.61,63.51,0.24,0.00
ORL5,0.50,5,2727,1180,422,145,145,170,170,65450,0,5,100,59,112,148,3,23.70,13.98,26.54,35.07,0.71
ORL5,0.50,15,2727,1180,422,145,145,170,170,65450,0,11,149,114,113,42,4,35.31,27.01,26.78,9.95,0.95
ORL5,0.50,30,2727,1180,422,145,145,170,170,65450,0,18,160,131,113,14,4,37.91,31.04,26.78,3.32,0.95
ORL5,1.00,5,2727,1180,422,145,145,170,170,65450,0,5,38,34,23,323,4,9.00,8.06,5.45,76.54,0.95
ORL5,1.00,15,2727,1180,422,145,145,170,170,65450,0,11,116,107,23,167,9,27.49,25.36,5.45,39.57,2.13
ORL5,1.00,30,2727,1180,422,145,145,170,170,65450,0,18,144,135,23,107,13,34.12,31.99,5.45,25.36,3.08
PWH,0.25,5,647,280,104,19,39,36,170,66300,0,3,20,12,55,16,1,19.23,11.54,52.88,15.38,0.96
PWH,0.25,15,647,280,104,19,39,36,170,66300,0,5,29,17,55,2,1,27.88,16.35,52.88,1.92,0.96
PWH,0.25,30,647,280,104,19,39,36,170,66300,0,10,29,17,55,2,1,27.88,16.35,52.88,1.92,0.96
PWH,0.50,5,647,280,104,19,39,36,170,66300,0,3,17,11,23,50,3,16.35,10.58,22.12,48.08,2.88
PWH,0.50,15,647,280,104,19,39,36,170,66300,0,5,28,25,23,25,3,26.92,24.04,22.12,24.04,2.88
PWH,0.50,30,647,280,104,19,39,36,170,66300,0,10,34,32,23,11,4,32.69,30.77,22.12,10.58,3.85
PWH,1.00,5,647,280,104,19,39,36,170,66300,0,3,3,6,6,86,3,2.88,5.77,5.77,82.69,2.88
PWH,1.00,15,647,280,104,19,39,36,170,66300,0,5,14,20,6,59,5,13.46,19.23,5.77,56.73,4.81
PWH,1.00,30,647,280,104,19,39,36,170,66300,0,10,23,24,6,45,6,22.12,23.08,5.77,43.27,5.77
PWL,0.25,5,613,253,90,17,34,36,170,66300,0,1,14,8,66,2,0,15.56,8.89,73.33,2.22,0.00
PWL,0.25,15,613,253,90,17,34,36,170,66300,0,3,16,8,66,0,0,17.78,8.89,73.33,0.00,0.00
PWL,0.25,30,613,253,90,17,34,36,170,66300,0,5,16,8,66,0,0,17.78,8.89,73.33,0.00,0.00
PWL,0.50,5,613,253,90,17,34,36,170,66300,0,1,18,14,38,19,1,20.00,15.56,42.22,21.11,1.11
PWL,0.50,15,613,253,90,17,34,36,170,66300,0,3,29,20,38,2,1,32.22,22.22,42.22,2.22,1.11
PWL,0.50,30,613,253,90,17,34,36,170,66300,0,5,30,21,38,0,1,33.33,23.33,42.22,0.00,1.11
PWL,1.00,5,613,253,90,17,34,36,170,66300,0,1,9,10,6,64,1,10.00,11.11,6.67,71.11,1.11
PWL,1.00,15,613,253,90,17,34,36,170,66300,0,3,31,28,6,23,2,34.44,31.11,6.67,25.56,2.22
PWL,1.00,30,613,253,90,17,34,36,170,66300,0,5,35,35,6,11,3,38.89,38.89,6.67,12.22,3.33
1H_HIGH,0.25,5,15056,6515,2298,129,140,142,170,4920750,0,48,500,232,1359,205,2,21.76,10.10,59.14,8.92,0.09
1H_HIGH,0.25,15,15056,6515,2298,129,140,142,170,4920750,0,112,595,321,1359,21,2,25.89,13.97,59.14,0.91,0.09
1H_HIGH,0.25,30,15056,6515,2298,129,140,142,170,4920750,0,193,606,328,1359,3,2,26.37,14.27,59.14,0.13,0.09
1H_HIGH,0.50,5,15056,6515,2298,129,140,142,170,4920750,0,48,443,358,622,856,19,19.28,15.58,27.07,37.25,0.83
1H_HIGH,0.50,15,15056,6515,2298,129,140,142,170,4920750,0,112,715,634,622,298,29,31.11,27.59,27.07,12.97,1.26
1H_HIGH,0.50,30,15056,6515,2298,129,140,142,170,4920750,0,193,797,722,622,125,32,34.68,31.42,27.07,5.44,1.39
1H_HIGH,1.00,5,15056,6515,2298,129,140,142,170,4920750,0,48,201,182,129,1745,41,8.75,7.92,5.61,75.94,1.78
1H_HIGH,1.00,15,15056,6515,2298,129,140,142,170,4920750,0,112,534,528,129,1028,79,23.24,22.98,5.61,44.73,3.44
1H_HIGH,1.00,30,15056,6515,2298,129,140,142,170,4920750,0,193,746,705,129,613,105,32.46,30.68,5.61,26.68,4.57
1H_LOW,0.25,5,16583,7256,2560,123,140,139,170,4849890,0,55,478,246,1735,101,0,18.67,9.61,67.77,3.95,0.00
1H_LOW,0.25,15,16583,7256,2560,123,140,139,170,4849890,0,135,523,292,1735,10,0,20.43,11.41,67.77,0.39,0.00
1H_LOW,0.25,30,16583,7256,2560,123,140,139,170,4849890,0,204,528,295,1735,2,0,20.62,11.52,67.77,0.08,0.00
1H_LOW,0.50,5,16583,7256,2560,123,140,139,170,4849890,0,55,559,446,813,724,18,21.84,17.42,31.76,28.28,0.70
1H_LOW,0.50,15,16583,7256,2560,123,140,139,170,4849890,0,135,794,705,814,219,28,31.02,27.54,31.80,8.55,1.09
1H_LOW,0.50,30,16583,7256,2560,123,140,139,170,4849890,0,204,873,771,814,73,29,34.10,30.12,31.80,2.85,1.13
1H_LOW,1.00,5,16583,7256,2560,123,140,139,170,4849890,0,55,255,239,186,1844,36,9.96,9.34,7.27,72.03,1.41
1H_LOW,1.00,15,16583,7256,2560,123,140,139,170,4849890,0,135,668,689,186,933,84,26.09,26.91,7.27,36.45,3.28
1H_LOW,1.00,30,16583,7256,2560,123,140,139,170,4849890,0,204,909,906,186,464,95,35.51,35.39,7.27,18.12,3.71
