family,history_complete,distance,horizon,contributing_sessions,episodes,REJECTION_FIRST_n,CONTINUATION_FIRST_n,AMBIGUOUS_n,UNRESOLVED_n,CENSORED_n,REJECTION_FIRST_pct,CONTINUATION_FIRST_pct,AMBIGUOUS_pct,UNRESOLVED_pct,CENSORED_pct,horizon_censored_flag_n,median_mfe_lower_bound,median_mae_lower_bound,median_mfe_envelope_upper,median_mae_envelope_upper,reclaim_n,reclaim_pct_of_rejection_first,quick_reclaim_n,later_reclaim_n,median_time_to_reclaim_seconds
ALL,True,0.25,5,170,6370,1285,632,4035,414,4,20.17,9.92,63.34,6.50,0.06,124,0.330000000000,0.319900000000,0.480000000000,0.340000000000,354,27.55,354,0,120
ALL,True,0.25,15,170,6370,1472,817,4035,42,4,23.11,12.83,63.34,0.66,0.06,300,0.580000000000,0.570000000000,0.670000000000,0.580000000000,760,51.63,525,235,180
ALL,True,0.25,30,170,6370,1493,829,4035,9,4,23.44,13.01,63.34,0.14,0.06,479,0.790000000000,0.775000000000,0.850000000000,0.780000000000,966,64.70,540,426,300
ALL,True,0.50,5,170,6370,1326,1062,1838,2096,48,20.82,16.67,28.85,32.90,0.75,124,0.330000000000,0.319900000000,0.480000000000,0.340000000000,171,12.90,171,0,120
ALL,True,0.50,15,170,6370,1993,1779,1840,683,75,31.29,27.93,28.89,10.72,1.18,300,0.580000000000,0.570000000000,0.670000000000,0.580000000000,690,34.62,461,229,240
ALL,True,0.50,30,170,6370,2203,1991,1840,255,81,34.58,31.26,28.89,4.00,1.27,479,0.790000000000,0.775000000000,0.850000000000,0.780000000000,1065,48.34,497,568,360
ALL,True,1.00,5,170,6370,587,543,400,4747,93,9.22,8.52,6.28,74.52,1.46,124,0.330000000000,0.319900000000,0.480000000000,0.340000000000,30,5.11,30,0,120
ALL,True,1.00,15,170,6370,1564,1570,400,2630,206,24.55,24.65,6.28,41.29,3.23,300,0.580000000000,0.570000000000,0.670000000000,0.580000000000,290,18.54,166,124,300
ALL,True,1.00,30,170,6370,2154,2101,400,1461,254,33.81,32.98,6.28,22.94,3.99,479,0.790000000000,0.775000000000,0.850000000000,0.780000000000,593,27.53,203,390,420
ALL,False,0.25,5,0,0,0,0,0,0,0,,,,,,0,,,,,0,,0,0,
ALL,False,0.25,15,0,0,0,0,0,0,0,,,,,,0,,,,,0,,0,0,
ALL,False,0.25,30,0,0,0,0,0,0,0,,,,,,0,,,,,0,,0,0,
ALL,False,0.50,5,0,0,0,0,0,0,0,,,,,,0,,,,,0,,0,0,
ALL,False,0.50,15,0,0,0,0,0,0,0,,,,,,0,,,,,0,,0,0,
ALL,False,0.50,30,0,0,0,0,0,0,0,,,,,,0,,,,,0,,0,0,
ALL,False,1.00,5,0,0,0,0,0,0,0,,,,,,0,,,,,0,,0,0,
ALL,False,1.00,15,0,0,0,0,0,0,0,,,,,,0,,,,,0,,0,0,
ALL,False,1.00,30,0,0,0,0,0,0,0,,,,,,0,,,,,0,,0,0,
PDH,True,0.25,5,86,233,40,25,142,25,1,17.17,10.73,60.94,10.73,0.43,2,0.270000000000,0.330000000000,0.440000000000,0.335000000000,12,30.00,12,0,120
PDH,True,0.25,15,86,233,50,36,142,4,1,21.46,15.45,60.94,1.72,0.43,9,0.415000000000,0.550000000000,0.535000000000,0.560000000000,24,48.00,16,8,180
PDH,True,0.25,30,86,233,52,37,142,1,1,22.32,15.88,60.94,0.43,0.43,14,0.620000000000,0.685000000000,0.655000000000,0.690000000000,28,53.85,17,11,180
PDH,True,0.50,5,86,233,47,36,65,83,2,20.17,15.45,27.90,35.62,0.86,2,0.270000000000,0.330000000000,0.440000000000,0.335000000000,8,17.02,8,0,90
PDH,True,0.50,15,86,233,60,68,65,36,4,25.75,29.18,27.90,15.45,1.72,9,0.415000000000,0.550000000000,0.535000000000,0.560000000000,20,33.33,15,5,180
PDH,True,0.50,30,86,233,74,76,65,14,4,31.76,32.62,27.90,6.01,1.72,14,0.620000000000,0.685000000000,0.655000000000,0.690000000000,29,39.19,16,13,300
PDH,True,1.00,5,86,233,14,17,19,181,2,6.01,7.30,8.15,77.68,0.86,2,0.270000000000,0.330000000000,0.440000000000,0.335000000000,2,14.29,2,0,90
PDH,True,1.00,15,86,233,42,51,19,113,8,18.03,21.89,8.15,48.50,3.43,9,0.415000000000,0.550000000000,0.535000000000,0.560000000000,10,23.81,6,4,270
PDH,True,1.00,30,86,233,66,74,19,65,9,28.33,31.76,8.15,27.90,3.86,14,0.620000000000,0.685000000000,0.655000000000,0.690000000000,14,21.21,8,6,300
PDH,False,0.25,5,0,0,0,0,0,0,0,,,,,,0,,,,,0,,0,0,
PDH,False,0.25,15,0,0,0,0,0,0,0,,,,,,0,,,,,0,,0,0,
PDH,False,0.25,30,0,0,0,0,0,0,0,,,,,,0,,,,,0,,0,0,
PDH,False,0.50,5,0,0,0,0,0,0,0,,,,,,0,,,,,0,,0,0,
PDH,False,0.50,15,0,0,0,0,0,0,0,,,,,,0,,,,,0,,0,0,
PDH,False,0.50,30,0,0,0,0,0,0,0,,,,,,0,,,,,0,,0,0,
PDH,False,1.00,5,0,0,0,0,0,0,0,,,,,,0,,,,,0,,0,0,
PDH,False,1.00,15,0,0,0,0,0,0,0,,,,,,0,,,,,0,,0,0,
PDH,False,1.00,30,0,0,0,0,0,0,0,,,,,,0,,,,,0,,0,0,
PDL,True,0.25,5,66,213,51,26,131,5,0,23.94,12.21,61.50,2.35,0.00,2,0.340000000000,0.380000000000,0.485000000000,0.400000000000,12,23.53,12,0,60
PDL,True,0.25,15,66,213,53,28,131,1,0,24.88,13.15,61.50,0.47,0.00,10,0.575000000000,0.530000000000,0.709900000000,0.560000000000,32,60.38,19,13,240
PDL,True,0.25,30,66,213,54,28,131,0,0,25.35,13.15,61.50,0.00,0.00,14,0.810000000000,0.790000000000,0.870000000000,0.790000000000,38,70.37,19,19,330
PDL,True,0.50,5,66,213,46,53,61,53,0,21.60,24.88,28.64,24.88,0.00,2,0.340000000000,0.380000000000,0.485000000000,0.400000000000,3,6.52,3,0,180
PDL,True,0.50,15,66,213,70,66,61,15,1,32.86,30.99,28.64,7.04,0.47,10,0.575000000000,0.530000000000,0.709900000000,0.560000000000,18,25.71,9,9,330
PDL,True,0.50,30,66,213,75,72,61,4,1,35.21,33.80,28.64,1.88,0.47,14,0.810000000000,0.790000000000,0.870000000000,0.790000000000,33,44.00,11,22,540
PDL,True,1.00,5,66,213,23,21,14,155,0,10.80,9.86,6.57,72.77,0.00,2,0.340000000000,0.380000000000,0.485000000000,0.400000000000,2,8.70,2,0,150
PDL,True,1.00,15,66,213,51,51,14,89,8,23.94,23.94,6.57,41.78,3.76,10,0.575000000000,0.530000000000,0.709900000000,0.560000000000,10,19.61,6,4,240
PDL,True,1.00,30,66,213,71,77,14,43,8,33.33,36.15,6.57,20.19,3.76,14,0.810000000000,0.790000000000,0.870000000000,0.790000000000,20,28.17,6,14,510
PDL,False,0.25,5,0,0,0,0,0,0,0,,,,,,0,,,,,0,,0,0,
PDL,False,0.25,15,0,0,0,0,0,0,0,,,,,,0,,,,,0,,0,0,
PDL,False,0.25,30,0,0,0,0,0,0,0,,,,,,0,,,,,0,,0,0,
PDL,False,0.50,5,0,0,0,0,0,0,0,,,,,,0,,,,,0,,0,0,
PDL,False,0.50,15,0,0,0,0,0,0,0,,,,,,0,,,,,0,,0,0,
PDL,False,0.50,30,0,0,0,0,0,0,0,,,,,,0,,,,,0,,0,0,
PDL,False,1.00,5,0,0,0,0,0,0,0,,,,,,0,,,,,0,,0,0,
PDL,False,1.00,15,0,0,0,0,0,0,0,,,,,,0,,,,,0,,0,0,
PDL,False,1.00,30,0,0,0,0,0,0,0,,,,,,0,,,,,0,,0,0,
PMH,True,0.25,5,2,3,1,0,2,0,0,33.33,0.00,66.67,0.00,0.00,0,0.630000000000,0.690000000000,0.630000000000,0.690000000000,0,0.00,0,0,
PMH,True,0.25,15,2,3,1,0,2,0,0,33.33,0.00,66.67,0.00,0.00,0,1.200000000000,0.740000000000,1.200000000000,0.740000000000,0,0.00,0,0,
PMH,True,0.25,30,2,3,1,0,2,0,0,33.33,0.00,66.67,0.00,0.00,0,2.160000000000,0.740000000000,2.160000000000,0.740000000000,0,0.00,0,0,
PMH,True,0.50,5,2,3,2,1,0,0,0,66.67,33.33,0.00,0.00,0.00,0,0.630000000000,0.690000000000,0.630000000000,0.690000000000,1,50.00,1,0,60
PMH,True,0.50,15,2,3,2,1,0,0,0,66.67,33.33,0.00,0.00,0.00,0,1.200000000000,0.740000000000,1.200000000000,0.740000000000,1,50.00,1,0,60
PMH,True,0.50,30,2,3,2,1,0,0,0,66.67,33.33,0.00,0.00,0.00,0,2.160000000000,0.740000000000,2.160000000000,0.740000000000,1,50.00,1,0,60
PMH,True,1.00,5,2,3,1,0,0,2,0,33.33,0.00,0.00,66.67,0.00,0,0.630000000000,0.690000000000,0.630000000000,0.690000000000,0,0.00,0,0,
PMH,True,1.00,15,2,3,2,0,0,1,0,66.67,0.00,0.00,33.33,0.00,0,1.200000000000,0.740000000000,1.200000000000,0.740000000000,0,0.00,0,0,
PMH,True,1.00,30,2,3,3,0,0,0,0,100.00,0.00,0.00,0.00,0.00,0,2.160000000000,0.740000000000,2.160000000000,0.740000000000,0,0.00,0,0,
PMH,False,0.25,5,0,0,0,0,0,0,0,,,,,,0,,,,,0,,0,0,
PMH,False,0.25,15,0,0,0,0,0,0,0,,,,,,0,,,,,0,,0,0,
PMH,False,0.25,30,0,0,0,0,0,0,0,,,,,,0,,,,,0,,0,0,
PMH,False,0.50,5,0,0,0,0,0,0,0,,,,,,0,,,,,0,,0,0,
PMH,False,0.50,15,0,0,0,0,0,0,0,,,,,,0,,,,,0,,0,0,
PMH,False,0.50,30,0,0,0,0,0,0,0,,,,,,0,,,,,0,,0,0,
PMH,False,1.00,5,0,0,0,0,0,0,0,,,,,,0,,,,,0,,0,0,
PMH,False,1.00,15,0,0,0,0,0,0,0,,,,,,0,,,,,0,,0,0,
PMH,False,1.00,30,0,0,0,0,0,0,0,,,,,,0,,,,,0,,0,0,
PML,True,0.25,5,2,8,2,1,5,0,0,25.00,12.50,62.50,0.00,0.00,0,0.350000000000,0.280000000000,0.660000000000,0.315000000000,0,0.00,0,0,
PML,True,0.25,15,2,8,2,1,5,0,0,25.00,12.50,62.50,0.00,0.00,0,0.526250000000,0.470000000000,0.741250000000,0.470000000000,0,0.00,0,0,
PML,True,0.25,30,2,8,2,1,5,0,0,25.00,12.50,62.50,0.00,0.00,1,0.925000000000,1.192500000000,1.105000000000,1.192500000000,1,50.00,0,1,1620
PML,True,0.50,5,2,8,0,1,4,3,0,0.00,12.50,50.00,37.50,0.00,0,0.350000000000,0.280000000000,0.660000000000,0.315000000000,0,,0,0,
PML,True,0.50,15,2,8,1,2,4,1,0,12.50,25.00,50.00,12.50,0.00,0,0.526250000000,0.470000000000,0.741250000000,0.470000000000,1,100.00,1,0,180
PML,True,0.50,30,2,8,2,2,4,0,0,25.00,25.00,50.00,0.00,0.00,1,0.925000000000,1.192500000000,1.105000000000,1.192500000000,1,50.00,1,0,180
PML,True,1.00,5,2,8,2,0,1,5,0,25.00,0.00,12.50,62.50,0.00,0,0.350000000000,0.280000000000,0.660000000000,0.315000000000,0,0.00,0,0,
PML,True,1.00,15,2,8,2,1,1,4,0,25.00,12.50,12.50,50.00,0.00,0,0.526250000000,0.470000000000,0.741250000000,0.470000000000,1,50.00,1,0,240
PML,True,1.00,30,2,8,3,2,1,2,0,37.50,25.00,12.50,25.00,0.00,1,0.925000000000,1.192500000000,1.105000000000,1.192500000000,2,66.67,1,1,690
PML,False,0.25,5,0,0,0,0,0,0,0,,,,,,0,,,,,0,,0,0,
PML,False,0.25,15,0,0,0,0,0,0,0,,,,,,0,,,,,0,,0,0,
PML,False,0.25,30,0,0,0,0,0,0,0,,,,,,0,,,,,0,,0,0,
PML,False,0.50,5,0,0,0,0,0,0,0,,,,,,0,,,,,0,,0,0,
PML,False,0.50,15,0,0,0,0,0,0,0,,,,,,0,,,,,0,,0,0,
PML,False,0.50,30,0,0,0,0,0,0,0,,,,,,0,,,,,0,,0,0,
PML,False,1.00,5,0,0,0,0,0,0,0,,,,,,0,,,,,0,,0,0,
PML,False,1.00,15,0,0,0,0,0,0,0,,,,,,0,,,,,0,,0,0,
PML,False,1.00,30,0,0,0,0,0,0,0,,,,,,0,,,,,0,,0,0,
ORH5,True,0.25,5,154,439,85,53,272,29,0,19.36,12.07,61.96,6.61,0.00,8,0.300000000000,0.300000000000,0.440000000000,0.310000000000,24,28.24,24,0,120
ORH5,True,0.25,15,154,439,100,65,272,2,0,22.78,14.81,61.96,0.46,0.00,15,0.560000000000,0.550000000000,0.650000000000,0.560000000000,53,53.00,34,19,180
ORH5,True,0.25,30,154,439,101,66,272,0,0,23.01,15.03,61.96,0.00,0.00,20,0.790000000000,0.730000000000,0.840000000000,0.735000000000,69,68.32,35,34,240
ORH5,True,0.50,5,154,439,94,83,100,160,2,21.41,18.91,22.78,36.45,0.46,8,0.300000000000,0.300000000000,0.440000000000,0.310000000000,11,11.70,11,0,60
ORH5,True,0.50,15,154,439,145,144,100,45,5,33.03,32.80,22.78,10.25,1.14,15,0.560000000000,0.550000000000,0.650000000000,0.560000000000,55,37.93,32,23,300
ORH5,True,0.50,30,154,439,156,163,100,14,6,35.54,37.13,22.78,3.19,1.37,20,0.790000000000,0.730000000000,0.840000000000,0.735000000000,89,57.05,33,56,480
ORH5,True,1.00,5,154,439,41,34,16,342,6,9.34,7.74,3.64,77.90,1.37,8,0.300000000000,0.300000000000,0.440000000000,0.310000000000,1,2.44,1,0,60
ORH5,True,1.00,15,154,439,104,95,16,213,11,23.69,21.64,3.64,48.52,2.51,15,0.560000000000,0.550000000000,0.650000000000,0.560000000000,21,20.19,8,13,420
ORH5,True,1.00,30,154,439,154,143,16,111,15,35.08,32.57,3.64,25.28,3.42,20,0.790000000000,0.730000000000,0.840000000000,0.735000000000,51,33.12,14,37,540
ORH5,False,0.25,5,0,0,0,0,0,0,0,,,,,,0,,,,,0,,0,0,
ORH5,False,0.25,15,0,0,0,0,0,0,0,,,,,,0,,,,,0,,0,0,
ORH5,False,0.25,30,0,0,0,0,0,0,0,,,,,,0,,,,,0,,0,0,
ORH5,False,0.50,5,0,0,0,0,0,0,0,,,,,,0,,,,,0,,0,0,
ORH5,False,0.50,15,0,0,0,0,0,0,0,,,,,,0,,,,,0,,0,0,
ORH5,False,0.50,30,0,0,0,0,0,0,0,,,,,,0,,,,,0,,0,0,
ORH5,False,1.00,5,0,0,0,0,0,0,0,,,,,,0,,,,,0,,0,0,
ORH5,False,1.00,15,0,0,0,0,0,0,0,,,,,,0,,,,,0,,0,0,
ORH5,False,1.00,30,0,0,0,0,0,0,0,,,,,,0,,,,,0,,0,0,
ORL5,True,0.25,5,145,422,94,29,268,31,0,22.27,6.87,63.51,7.35,0.00,5,0.376050000000,0.270000000000,0.485000000000,0.290000000000,27,28.72,27,0,120
ORL5,True,0.25,15,145,422,103,49,268,2,0,24.41,11.61,63.51,0.47,0.00,11,0.635000000000,0.525000000000,0.700000000000,0.545000000000,51,49.51,37,14,180
ORL5,True,0.25,30,145,422,104,49,268,1,0,24.64,11.61,63.51,0.24,0.00,18,0.795000000000,0.738800000000,0.825000000000,0.750000000000,61,58.65,37,24,240
ORL5,True,0.50,5,145,422,100,59,112,148,3,23.70,13.98,26.54,35.07,0.71,5,0.376050000000,0.270000000000,0.485000000000,0.290000000000,20,20.00,20,0,120
ORL5,True,0.50,15,145,422,149,114,113,42,4,35.31,27.01,26.78,9.95,0.95,11,0.635000000000,0.525000000000,0.700000000000,0.545000000000,55,36.91,39,16,240
ORL5,True,0.50,30,145,422,160,131,113,14,4,37.91,31.04,26.78,3.32,0.95,18,0.795000000000,0.738800000000,0.825000000000,0.750000000000,75,46.88,42,33,300
ORL5,True,1.00,5,145,422,38,34,23,323,4,9.00,8.06,5.45,76.54,0.95,5,0.376050000000,0.270000000000,0.485000000000,0.290000000000,4,10.53,4,0,150
ORL5,True,1.00,15,145,422,116,107,23,167,9,27.49,25.36,5.45,39.57,2.13,11,0.635000000000,0.525000000000,0.700000000000,0.545000000000,11,9.48,9,2,180
ORL5,True,1.00,30,145,422,144,135,23,107,13,34.12,31.99,5.45,25.36,3.08,18,0.795000000000,0.738800000000,0.825000000000,0.750000000000,33,22.92,12,21,480
ORL5,False,0.25,5,0,0,0,0,0,0,0,,,,,,0,,,,,0,,0,0,
ORL5,False,0.25,15,0,0,0,0,0,0,0,,,,,,0,,,,,0,,0,0,
ORL5,False,0.25,30,0,0,0,0,0,0,0,,,,,,0,,,,,0,,0,0,
ORL5,False,0.50,5,0,0,0,0,0,0,0,,,,,,0,,,,,0,,0,0,
ORL5,False,0.50,15,0,0,0,0,0,0,0,,,,,,0,,,,,0,,0,0,
ORL5,False,0.50,30,0,0,0,0,0,0,0,,,,,,0,,,,,0,,0,0,
ORL5,False,1.00,5,0,0,0,0,0,0,0,,,,,,0,,,,,0,,0,0,
ORL5,False,1.00,15,0,0,0,0,0,0,0,,,,,,0,,,,,0,,0,0,
ORL5,False,1.00,30,0,0,0,0,0,0,0,,,,,,0,,,,,0,,0,0,
PWH,True,0.25,5,39,104,20,12,55,16,1,19.23,11.54,52.88,15.38,0.96,3,0.231500000000,0.220000000000,0.342500000000,0.235000000000,2,10.00,2,0,90
PWH,True,0.25,15,39,104,29,17,55,2,1,27.88,16.35,52.88,1.92,0.96,5,0.427500000000,0.407500000000,0.492500000000,0.407500000000,8,27.59,5,3,300
PWH,True,0.25,30,39,104,29,17,55,2,1,27.88,16.35,52.88,1.92,0.96,10,0.547500000000,0.580000000000,0.584450000000,0.580000000000,14,48.28,5,9,570
PWH,True,0.50,5,39,104,17,11,23,50,3,16.35,10.58,22.12,48.08,2.88,3,0.231500000000,0.220000000000,0.342500000000,0.235000000000,1,5.88,1,0,120
PWH,True,0.50,15,39,104,28,25,23,25,3,26.92,24.04,22.12,24.04,2.88,5,0.427500000000,0.407500000000,0.492500000000,0.407500000000,5,17.86,3,2,300
PWH,True,0.50,30,39,104,34,32,23,11,4,32.69,30.77,22.12,10.58,3.85,10,0.547500000000,0.580000000000,0.584450000000,0.580000000000,12,35.29,4,8,720
PWH,True,1.00,5,39,104,3,6,6,86,3,2.88,5.77,5.77,82.69,2.88,3,0.231500000000,0.220000000000,0.342500000000,0.235000000000,0,0.00,0,0,
PWH,True,1.00,15,39,104,14,20,6,59,5,13.46,19.23,5.77,56.73,4.81,5,0.427500000000,0.407500000000,0.492500000000,0.407500000000,1,7.14,0,1,360
PWH,True,1.00,30,39,104,23,24,6,45,6,22.12,23.08,5.77,43.27,5.77,10,0.547500000000,0.580000000000,0.584450000000,0.580000000000,4,17.39,1,3,570
PWH,False,0.25,5,0,0,0,0,0,0,0,,,,,,0,,,,,0,,0,0,
PWH,False,0.25,15,0,0,0,0,0,0,0,,,,,,0,,,,,0,,0,0,
PWH,False,0.25,30,0,0,0,0,0,0,0,,,,,,0,,,,,0,,0,0,
PWH,False,0.50,5,0,0,0,0,0,0,0,,,,,,0,,,,,0,,0,0,
PWH,False,0.50,15,0,0,0,0,0,0,0,,,,,,0,,,,,0,,0,0,
PWH,False,0.50,30,0,0,0,0,0,0,0,,,,,,0,,,,,0,,0,0,
PWH,False,1.00,5,0,0,0,0,0,0,0,,,,,,0,,,,,0,,0,0,
PWH,False,1.00,15,0,0,0,0,0,0,0,,,,,,0,,,,,0,,0,0,
PWH,False,1.00,30,0,0,0,0,0,0,0,,,,,,0,,,,,0,,0,0,
PWL,True,0.25,5,34,90,14,8,66,2,0,15.56,8.89,73.33,2.22,0.00,1,0.417200000000,0.431000000000,0.562500000000,0.450000000000,3,21.43,3,0,120
PWL,True,0.25,15,34,90,16,8,66,0,0,17.78,8.89,73.33,0.00,0.00,3,0.912450000000,0.649950000000,0.932500000000,0.649950000000,9,56.25,6,3,240
PWL,True,0.25,30,34,90,16,8,66,0,0,17.78,8.89,73.33,0.00,0.00,5,1.125000000000,0.822500000000,1.125000000000,0.822500000000,9,56.25,6,3,240
PWL,True,0.50,5,34,90,18,14,38,19,1,20.00,15.56,42.22,21.11,1.11,1,0.417200000000,0.431000000000,0.562500000000,0.450000000000,1,5.56,1,0,120
PWL,True,0.50,15,34,90,29,20,38,2,1,32.22,22.22,42.22,2.22,1.11,3,0.912450000000,0.649950000000,0.932500000000,0.649950000000,7,24.14,4,3,180
PWL,True,0.50,30,34,90,30,21,38,0,1,33.33,23.33,42.22,0.00,1.11,5,1.125000000000,0.822500000000,1.125000000000,0.822500000000,13,43.33,5,8,480
PWL,True,1.00,5,34,90,9,10,6,64,1,10.00,11.11,6.67,71.11,1.11,1,0.417200000000,0.431000000000,0.562500000000,0.450000000000,0,0.00,0,0,
PWL,True,1.00,15,34,90,31,28,6,23,2,34.44,31.11,6.67,25.56,2.22,3,0.912450000000,0.649950000000,0.932500000000,0.649950000000,5,16.13,2,3,420
PWL,True,1.00,30,34,90,35,35,6,11,3,38.89,38.89,6.67,12.22,3.33,5,1.125000000000,0.822500000000,1.125000000000,0.822500000000,11,31.43,4,7,420
PWL,False,0.25,5,0,0,0,0,0,0,0,,,,,,0,,,,,0,,0,0,
PWL,False,0.25,15,0,0,0,0,0,0,0,,,,,,0,,,,,0,,0,0,
PWL,False,0.25,30,0,0,0,0,0,0,0,,,,,,0,,,,,0,,0,0,
PWL,False,0.50,5,0,0,0,0,0,0,0,,,,,,0,,,,,0,,0,0,
PWL,False,0.50,15,0,0,0,0,0,0,0,,,,,,0,,,,,0,,0,0,
PWL,False,0.50,30,0,0,0,0,0,0,0,,,,,,0,,,,,0,,0,0,
PWL,False,1.00,5,0,0,0,0,0,0,0,,,,,,0,,,,,0,,0,0,
PWL,False,1.00,15,0,0,0,0,0,0,0,,,,,,0,,,,,0,,0,0,
PWL,False,1.00,30,0,0,0,0,0,0,0,,,,,,0,,,,,0,,0,0,
1H_HIGH,True,0.25,5,140,2298,500,232,1359,205,2,21.76,10.10,59.14,8.92,0.09,48,0.310000000000,0.290000000000,0.450000000000,0.310000000000,128,25.60,128,0,120
1H_HIGH,True,0.25,15,140,2298,595,321,1359,21,2,25.89,13.97,59.14,0.91,0.09,112,0.545000000000,0.530000000000,0.630000000000,0.540000000000,292,49.08,201,91,180
1H_HIGH,True,0.25,30,140,2298,606,328,1359,3,2,26.37,14.27,59.14,0.13,0.09,193,0.735000000000,0.715000000000,0.795000000000,0.730000000000,392,64.69,209,183,300
1H_HIGH,True,0.50,5,140,2298,443,358,622,856,19,19.28,15.58,27.07,37.25,0.83,48,0.310000000000,0.290000000000,0.450000000000,0.310000000000,50,11.29,50,0,120
1H_HIGH,True,0.50,15,140,2298,715,634,622,298,29,31.11,27.59,27.07,12.97,1.26,112,0.545000000000,0.530000000000,0.630000000000,0.540000000000,223,31.19,148,75,240
1H_HIGH,True,0.50,30,140,2298,797,722,622,125,32,34.68,31.42,27.07,5.44,1.39,193,0.735000000000,0.715000000000,0.795000000000,0.730000000000,370,46.42,164,206,360
1H_HIGH,True,1.00,5,140,2298,201,182,129,1745,41,8.75,7.92,5.61,75.94,1.78,48,0.310000000000,0.290000000000,0.450000000000,0.310000000000,10,4.98,10,0,120
1H_HIGH,True,1.00,15,140,2298,534,528,129,1028,79,23.24,22.98,5.61,44.73,3.44,112,0.545000000000,0.530000000000,0.630000000000,0.540000000000,98,18.35,55,43,300
1H_HIGH,True,1.00,30,140,2298,746,705,129,613,105,32.46,30.68,5.61,26.68,4.57,193,0.735000000000,0.715000000000,0.795000000000,0.730000000000,195,26.14,61,134,480
1H_HIGH,False,0.25,5,0,0,0,0,0,0,0,,,,,,0,,,,,0,,0,0,
1H_HIGH,False,0.25,15,0,0,0,0,0,0,0,,,,,,0,,,,,0,,0,0,
1H_HIGH,False,0.25,30,0,0,0,0,0,0,0,,,,,,0,,,,,0,,0,0,
1H_HIGH,False,0.50,5,0,0,0,0,0,0,0,,,,,,0,,,,,0,,0,0,
1H_HIGH,False,0.50,15,0,0,0,0,0,0,0,,,,,,0,,,,,0,,0,0,
1H_HIGH,False,0.50,30,0,0,0,0,0,0,0,,,,,,0,,,,,0,,0,0,
1H_HIGH,False,1.00,5,0,0,0,0,0,0,0,,,,,,0,,,,,0,,0,0,
1H_HIGH,False,1.00,15,0,0,0,0,0,0,0,,,,,,0,,,,,0,,0,0,
1H_HIGH,False,1.00,30,0,0,0,0,0,0,0,,,,,,0,,,,,0,,0,0,
1H_LOW,True,0.25,5,140,2560,478,246,1735,101,0,18.67,9.61,67.77,3.95,0.00,55,0.360000000000,0.350000000000,0.510000000000,0.370000000000,146,30.54,146,0,120
1H_LOW,True,0.25,15,140,2560,523,292,1735,10,0,20.43,11.41,67.77,0.39,0.00,135,0.620000000000,0.640000000000,0.710000000000,0.650000000000,291,55.64,207,84,180
1H_LOW,True,0.25,30,140,2560,528,295,1735,2,0,20.62,11.52,67.77,0.08,0.00,204,0.860000000000,0.860000000000,0.930000000000,0.860000000000,354,67.05,212,142,240
1H_LOW,True,0.50,5,140,2560,559,446,813,724,18,21.84,17.42,31.76,28.28,0.70,55,0.360000000000,0.350000000000,0.510000000000,0.370000000000,76,13.60,76,0,90
1H_LOW,True,0.50,15,140,2560,794,705,814,219,28,31.02,27.54,31.80,8.55,1.09,135,0.620000000000,0.640000000000,0.710000000000,0.650000000000,305,38.41,209,96,240
1H_LOW,True,0.50,30,140,2560,873,771,814,73,29,34.10,30.12,31.80,2.85,1.13,204,0.860000000000,0.860000000000,0.930000000000,0.860000000000,442,50.63,220,222,360
1H_LOW,True,1.00,5,140,2560,255,239,186,1844,36,9.96,9.34,7.27,72.03,1.41,55,0.360000000000,0.350000000000,0.510000000000,0.370000000000,11,4.31,11,0,120
1H_LOW,True,1.00,15,140,2560,668,689,186,933,84,26.09,26.91,7.27,36.45,3.28,135,0.620000000000,0.640000000000,0.710000000000,0.650000000000,133,19.91,79,54,300
1H_LOW,True,1.00,30,140,2560,909,906,186,464,95,35.51,35.39,7.27,18.12,3.71,204,0.860000000000,0.860000000000,0.930000000000,0.860000000000,263,28.93,96,167,420
1H_LOW,False,0.25,5,0,0,0,0,0,0,0,,,,,,0,,,,,0,,0,0,
1H_LOW,False,0.25,15,0,0,0,0,0,0,0,,,,,,0,,,,,0,,0,0,
1H_LOW,False,0.25,30,0,0,0,0,0,0,0,,,,,,0,,,,,0,,0,0,
1H_LOW,False,0.50,5,0,0,0,0,0,0,0,,,,,,0,,,,,0,,0,0,
1H_LOW,False,0.50,15,0,0,0,0,0,0,0,,,,,,0,,,,,0,,0,0,
1H_LOW,False,0.50,30,0,0,0,0,0,0,0,,,,,,0,,,,,0,,0,0,
1H_LOW,False,1.00,5,0,0,0,0,0,0,0,,,,,,0,,,,,0,,0,0,
1H_LOW,False,1.00,15,0,0,0,0,0,0,0,,,,,,0,,,,,0,,0,0,
1H_LOW,False,1.00,30,0,0,0,0,0,0,0,,,,,,0,,,,,0,,0,0,
