family,immediate_rejection,distance,horizon,contributing_sessions,episodes,REJECTION_FIRST_n,CONTINUATION_FIRST_n,AMBIGUOUS_n,UNRESOLVED_n,CENSORED_n,REJECTION_FIRST_pct,CONTINUATION_FIRST_pct,AMBIGUOUS_pct,UNRESOLVED_pct,CENSORED_pct,horizon_censored_flag_n,median_mfe_lower_bound,median_mae_lower_bound,median_mfe_envelope_upper,median_mae_envelope_upper,reclaim_n,reclaim_pct_of_rejection_first,quick_reclaim_n,later_reclaim_n,median_time_to_reclaim_seconds
ALL,True,0.25,5,139,614,614,0,0,0,0,100.00,0.00,0.00,0.00,0.00,11,0.840000000000,0,0.900000000000,0.130000000000,223,36.32,223,0,120
ALL,True,0.25,15,139,614,614,0,0,0,0,100.00,0.00,0.00,0.00,0.00,37,1.192350000000,0.346500000000,1.265000000000,0.346500000000,354,57.65,253,101,180
ALL,True,0.25,30,139,614,614,0,0,0,0,100.00,0.00,0.00,0.00,0.00,46,1.437500000000,0.620000000000,1.460000000000,0.620000000000,404,65.80,253,151,240
ALL,True,0.50,5,77,189,189,0,0,0,0,100.00,0.00,0.00,0.00,0.00,6,1.270000000000,0,1.340000000000,0.130000000000,37,19.58,37,0,120
ALL,True,0.50,15,77,189,189,0,0,0,0,100.00,0.00,0.00,0.00,0.00,6,1.640000000000,0,1.690000000000,0.220000000000,74,39.15,42,32,270
ALL,True,0.50,30,77,189,189,0,0,0,0,100.00,0.00,0.00,0.00,0.00,9,1.910000000000,0.140000000000,2.025000000000,0.280000000000,91,48.15,42,49,360
ALL,True,1.00,5,28,45,45,0,0,0,0,100.00,0.00,0.00,0.00,0.00,4,2.070000000000,0,2.110000000000,0.100000000000,5,11.11,5,0,180
ALL,True,1.00,15,28,45,45,0,0,0,0,100.00,0.00,0.00,0.00,0.00,4,2.270000000000,0,2.410000000000,0.250000000000,16,35.56,6,10,360
ALL,True,1.00,30,28,45,45,0,0,0,0,100.00,0.00,0.00,0.00,0.00,4,2.740000000000,0,2.740000000000,0.438000000000,19,42.22,6,13,360
ALL,False,0.25,5,170,5756,671,632,4035,414,4,11.66,10.98,70.10,7.19,0.07,113,0.290000000000,0.340000000000,0.440000000000,0.358750000000,131,19.52,131,0,60
ALL,False,0.25,15,170,5756,858,817,4035,42,4,14.91,14.19,70.10,0.73,0.07,263,0.520000000000,0.590000000000,0.620000000000,0.600000000000,406,47.32,272,134,240
ALL,False,0.25,30,170,5756,879,829,4035,9,4,15.27,14.40,70.10,0.16,0.07,433,0.730000000000,0.780000000000,0.800000000000,0.800000000000,562,63.94,287,275,300
ALL,False,0.50,5,170,6181,1137,1062,1838,2096,48,18.40,17.18,29.74,33.91,0.78,118,0.320000000000,0.320000000000,0.465000000000,0.340000000000,134,11.79,134,0,60
ALL,False,0.50,15,170,6181,1804,1779,1840,683,75,29.19,28.78,29.77,11.05,1.21,294,0.551000000000,0.580000000000,0.650000000000,0.590000000000,616,34.15,419,197,240
ALL,False,0.50,30,170,6181,2014,1991,1840,255,81,32.58,32.21,29.77,4.13,1.31,470,0.760000000000,0.780000000000,0.820000000000,0.790000000000,974,48.36,455,519,360
ALL,False,1.00,5,170,6325,542,543,400,4747,93,8.57,8.58,6.32,75.05,1.47,120,0.330000000000,0.320000000000,0.480000000000,0.340000000000,25,4.61,25,0,120
ALL,False,1.00,15,170,6325,1519,1570,400,2630,206,24.02,24.82,6.32,41.58,3.26,296,0.570000000000,0.570000000000,0.660000000000,0.580000000000,274,18.04,160,114,300
ALL,False,1.00,30,170,6325,2109,2101,400,1461,254,33.34,33.22,6.32,23.10,4.02,475,0.780000000000,0.775000000000,0.840000000000,0.780000000000,574,27.22,197,377,450
PDH,True,0.25,5,16,17,17,0,0,0,0,100.00,0.00,0.00,0.00,0.00,0,0.830000000000,0,0.830000000000,0.180000000000,7,41.18,7,0,120
PDH,True,0.25,15,16,17,17,0,0,0,0,100.00,0.00,0.00,0.00,0.00,1,1.230000000000,0.290000000000,1.230000000000,0.290000000000,9,52.94,7,2,180
PDH,True,0.25,30,16,17,17,0,0,0,0,100.00,0.00,0.00,0.00,0.00,2,1.590000000000,0.290000000000,1.590000000000,0.290000000000,9,52.94,7,2,180
PDH,True,0.50,5,6,6,6,0,0,0,0,100.00,0.00,0.00,0.00,0.00,0,1.175000000000,0,1.175000000000,0.200000000000,2,33.33,2,0,120
PDH,True,0.50,15,6,6,6,0,0,0,0,100.00,0.00,0.00,0.00,0.00,0,1.490000000000,0,1.490000000000,0.200000000000,2,33.33,2,0,120
PDH,True,0.50,30,6,6,6,0,0,0,0,100.00,0.00,0.00,0.00,0.00,0,2.095000000000,0,2.095000000000,0.200000000000,2,33.33,2,0,120
PDH,True,1.00,5,0,0,0,0,0,0,0,,,,,,0,,,,,0,,0,0,
PDH,True,1.00,15,0,0,0,0,0,0,0,,,,,,0,,,,,0,,0,0,
PDH,True,1.00,30,0,0,0,0,0,0,0,,,,,,0,,,,,0,,0,0,
PDH,False,0.25,5,82,216,23,25,142,25,1,10.65,11.57,65.74,11.57,0.46,2,0.240000000000,0.342500000000,0.410000000000,0.347500000000,5,21.74,5,0,120
PDH,False,0.25,15,82,216,33,36,142,4,1,15.28,16.67,65.74,1.85,0.46,8,0.372500000000,0.567500000000,0.510000000000,0.570000000000,15,45.45,9,6,180
PDH,False,0.25,30,82,216,35,37,142,1,1,16.20,17.13,65.74,0.46,0.46,12,0.560000000000,0.740000000000,0.637500000000,0.743550000000,19,54.29,10,9,240
PDH,False,0.50,5,83,227,41,36,65,83,2,18.06,15.86,28.63,36.56,0.88,2,0.250000000000,0.335000000000,0.425000000000,0.340000000000,6,14.63,6,0,90
PDH,False,0.50,15,83,227,54,68,65,36,4,23.79,29.96,28.63,15.86,1.76,9,0.390000000000,0.560000000000,0.520000000000,0.560000000000,18,33.33,13,5,180
PDH,False,0.50,30,83,227,68,76,65,14,4,29.96,33.48,28.63,6.17,1.76,14,0.590000000000,0.690000000000,0.649800000000,0.720000000000,27,39.71,14,13,300
PDH,False,1.00,5,86,233,14,17,19,181,2,6.01,7.30,8.15,77.68,0.86,2,0.270000000000,0.330000000000,0.440000000000,0.335000000000,2,14.29,2,0,90
PDH,False,1.00,15,86,233,42,51,19,113,8,18.03,21.89,8.15,48.50,3.43,9,0.415000000000,0.550000000000,0.535000000000,0.560000000000,10,23.81,6,4,270
PDH,False,1.00,30,86,233,66,74,19,65,9,28.33,31.76,8.15,27.90,3.86,14,0.620000000000,0.685000000000,0.655000000000,0.690000000000,14,21.21,8,6,300
PDL,True,0.25,5,21,25,25,0,0,0,0,100.00,0.00,0.00,0.00,0.00,0,1.040000000000,0,1.040000000000,0.060000000000,7,28.00,7,0,60
PDL,True,0.25,15,21,25,25,0,0,0,0,100.00,0.00,0.00,0.00,0.00,2,1.320000000000,0.050000000000,1.400100000000,0.110000000000,13,52.00,9,4,120
PDL,True,0.25,30,21,25,25,0,0,0,0,100.00,0.00,0.00,0.00,0.00,2,1.400000000000,0.560000000000,1.400100000000,0.560000000000,16,64.00,9,7,300
PDL,True,0.50,5,7,7,7,0,0,0,0,100.00,0.00,0.00,0.00,0.00,0,1.480000000000,0,1.480000000000,0.060000000000,0,0.00,0,0,
PDL,True,0.50,15,7,7,7,0,0,0,0,100.00,0.00,0.00,0.00,0.00,0,1.910000000000,0,1.910000000000,0.060000000000,1,14.29,0,1,720
PDL,True,0.50,30,7,7,7,0,0,0,0,100.00,0.00,0.00,0.00,0.00,0,2.080000000000,0,2.080000000000,0.060000000000,2,28.57,0,2,1080
PDL,True,1.00,5,2,2,2,0,0,0,0,100.00,0.00,0.00,0.00,0.00,0,2.520000000000,0,2.520000000000,0.060000000000,0,0.00,0,0,
PDL,True,1.00,15,2,2,2,0,0,0,0,100.00,0.00,0.00,0.00,0.00,0,2.575000000000,0,2.575000000000,0.060000000000,0,0.00,0,0,
PDL,True,1.00,30,2,2,2,0,0,0,0,100.00,0.00,0.00,0.00,0.00,0,3.015000000000,1.195000000000,3.015000000000,1.225000000000,1,50.00,0,1,1440
PDL,False,0.25,5,64,188,26,26,131,5,0,13.83,13.83,69.68,2.66,0.00,2,0.270000000000,0.435000000000,0.455000000000,0.442500000000,5,19.23,5,0,60
PDL,False,0.25,15,64,188,28,28,131,1,0,14.89,14.89,69.68,0.53,0.00,8,0.530000000000,0.630000000000,0.645050000000,0.630000000000,19,67.86,10,9,240
PDL,False,0.25,30,64,188,29,28,131,0,0,15.43,14.89,69.68,0.00,0.00,12,0.770000000000,0.842500000000,0.830000000000,0.847500000000,22,75.86,10,12,390
PDL,False,0.50,5,65,206,39,53,61,53,0,18.93,25.73,29.61,25.73,0.00,2,0.317500000000,0.410000000000,0.475000000000,0.430000000000,3,7.69,3,0,180
PDL,False,0.50,15,65,206,63,66,61,15,1,30.58,32.04,29.61,7.28,0.49,10,0.550000000000,0.572500000000,0.660000000000,0.597500000000,17,26.98,9,8,300
PDL,False,0.50,30,65,206,68,72,61,4,1,33.01,34.95,29.61,1.94,0.49,14,0.800000000000,0.800000000000,0.840000000000,0.812500000000,31,45.59,11,20,480
PDL,False,1.00,5,66,211,21,21,14,155,0,9.95,9.95,6.64,73.46,0.00,2,0.330000000000,0.390000000000,0.480000000000,0.400000000000,2,9.52,2,0,150
PDL,False,1.00,15,66,211,49,51,14,89,8,23.22,24.17,6.64,42.18,3.79,10,0.570000000000,0.560000000000,0.670000000000,0.560000000000,10,20.41,6,4,240
PDL,False,1.00,30,66,211,69,77,14,43,8,32.70,36.49,6.64,20.38,3.79,14,0.810000000000,0.790000000000,0.870000000000,0.790000000000,19,27.54,6,13,480
PMH,True,0.25,5,1,1,1,0,0,0,0,100.00,0.00,0.00,0.00,0.00,0,1.220000000000,0,1.220000000000,0,0,0.00,0,0,
PMH,True,0.25,15,1,1,1,0,0,0,0,100.00,0.00,0.00,0.00,0.00,0,1.420000000000,0.040000000000,1.420000000000,0.040000000000,0,0.00,0,0,
PMH,True,0.25,30,1,1,1,0,0,0,0,100.00,0.00,0.00,0.00,0.00,0,2.160000000000,0.040000000000,2.160000000000,0.040000000000,0,0.00,0,0,
PMH,True,0.50,5,0,0,0,0,0,0,0,,,,,,0,,,,,0,,0,0,
PMH,True,0.50,15,0,0,0,0,0,0,0,,,,,,0,,,,,0,,0,0,
PMH,True,0.50,30,0,0,0,0,0,0,0,,,,,,0,,,,,0,,0,0,
PMH,True,1.00,5,0,0,0,0,0,0,0,,,,,,0,,,,,0,,0,0,
PMH,True,1.00,15,0,0,0,0,0,0,0,,,,,,0,,,,,0,,0,0,
PMH,True,1.00,30,0,0,0,0,0,0,0,,,,,,0,,,,,0,,0,0,
PMH,False,0.25,5,2,2,0,0,2,0,0,0.00,0.00,100.00,0.00,0.00,0,0.415000000000,0.715000000000,0.445000000000,0.715000000000,0,,0,0,
PMH,False,0.25,15,2,2,0,0,2,0,0,0.00,0.00,100.00,0.00,0.00,0,0.700000000000,0.760000000000,0.730000000000,0.760000000000,0,,0,0,
PMH,False,0.25,30,2,2,0,0,2,0,0,0.00,0.00,100.00,0.00,0.00,0,1.930000000000,0.760000000000,1.930000000000,0.760000000000,0,,0,0,
PMH,False,0.50,5,2,3,2,1,0,0,0,66.67,33.33,0.00,0.00,0.00,0,0.630000000000,0.690000000000,0.630000000000,0.690000000000,1,50.00,1,0,60
PMH,False,0.50,15,2,3,2,1,0,0,0,66.67,33.33,0.00,0.00,0.00,0,1.200000000000,0.740000000000,1.200000000000,0.740000000000,1,50.00,1,0,60
PMH,False,0.50,30,2,3,2,1,0,0,0,66.67,33.33,0.00,0.00,0.00,0,2.160000000000,0.740000000000,2.160000000000,0.740000000000,1,50.00,1,0,60
PMH,False,1.00,5,2,3,1,0,0,2,0,33.33,0.00,0.00,66.67,0.00,0,0.630000000000,0.690000000000,0.630000000000,0.690000000000,0,0.00,0,0,
PMH,False,1.00,15,2,3,2,0,0,1,0,66.67,0.00,0.00,33.33,0.00,0,1.200000000000,0.740000000000,1.200000000000,0.740000000000,0,0.00,0,0,
PMH,False,1.00,30,2,3,3,0,0,0,0,100.00,0.00,0.00,0.00,0.00,0,2.160000000000,0.740000000000,2.160000000000,0.740000000000,0,0.00,0,0,
PML,True,0.25,5,1,1,1,0,0,0,0,100.00,0.00,0.00,0.00,0.00,0,0.900000000000,0.290000000000,1.380000000000,0.290000000000,0,0.00,0,0,
PML,True,0.25,15,1,1,1,0,0,0,0,100.00,0.00,0.00,0.00,0.00,0,1.860000000000,0.300000000000,1.860000000000,0.300000000000,0,0.00,0,0,
PML,True,0.25,30,1,1,1,0,0,0,0,100.00,0.00,0.00,0.00,0.00,0,1.860000000000,2.035000000000,1.860000000000,2.035000000000,1,100.00,0,1,1620
PML,True,0.50,5,0,0,0,0,0,0,0,,,,,,0,,,,,0,,0,0,
PML,True,0.50,15,0,0,0,0,0,0,0,,,,,,0,,,,,0,,0,0,
PML,True,0.50,30,0,0,0,0,0,0,0,,,,,,0,,,,,0,,0,0,
PML,True,1.00,5,0,0,0,0,0,0,0,,,,,,0,,,,,0,,0,0,
PML,True,1.00,15,0,0,0,0,0,0,0,,,,,,0,,,,,0,,0,0,
PML,True,1.00,30,0,0,0,0,0,0,0,,,,,,0,,,,,0,,0,0,
PML,False,0.25,5,2,7,1,1,5,0,0,14.29,14.29,71.43,0.00,0.00,0,0.330000000000,0.270000000000,0.370000000000,0.340000000000,0,0.00,0,0,
PML,False,0.25,15,2,7,1,1,5,0,0,14.29,14.29,71.43,0.00,0.00,0,0.520000000000,0.520000000000,0.532500000000,0.520000000000,0,0.00,0,0,
PML,False,0.25,30,2,7,1,1,5,0,0,14.29,14.29,71.43,0.00,0.00,1,0.590000000000,0.995000000000,0.950000000000,0.995000000000,0,0.00,0,0,
PML,False,0.50,5,2,8,0,1,4,3,0,0.00,12.50,50.00,37.50,0.00,0,0.350000000000,0.280000000000,0.660000000000,0.315000000000,0,,0,0,
PML,False,0.50,15,2,8,1,2,4,1,0,12.50,25.00,50.00,12.50,0.00,0,0.526250000000,0.470000000000,0.741250000000,0.470000000000,1,100.00,1,0,180
PML,False,0.50,30,2,8,2,2,4,0,0,25.00,25.00,50.00,0.00,0.00,1,0.925000000000,1.192500000000,1.105000000000,1.192500000000,1,50.00,1,0,180
PML,False,1.00,5,2,8,2,0,1,5,0,25.00,0.00,12.50,62.50,0.00,0,0.350000000000,0.280000000000,0.660000000000,0.315000000000,0,0.00,0,0,
PML,False,1.00,15,2,8,2,1,1,4,0,25.00,12.50,12.50,50.00,0.00,0,0.526250000000,0.470000000000,0.741250000000,0.470000000000,1,50.00,1,0,240
PML,False,1.00,30,2,8,3,2,1,2,0,37.50,25.00,12.50,25.00,0.00,1,0.925000000000,1.192500000000,1.105000000000,1.192500000000,2,66.67,1,1,690
ORH5,True,0.25,5,26,30,30,0,0,0,0,100.00,0.00,0.00,0.00,0.00,3,0.895000000000,0.055000000000,0.940000000000,0.122500000000,12,40.00,12,0,120
ORH5,True,0.25,15,26,30,30,0,0,0,0,100.00,0.00,0.00,0.00,0.00,4,1.155000000000,0.535000000000,1.155000000000,0.535000000000,17,56.67,12,5,120
ORH5,True,0.25,30,26,30,30,0,0,0,0,100.00,0.00,0.00,0.00,0.00,4,1.257500000000,0.597500000000,1.317500000000,0.597500000000,19,63.33,12,7,120
ORH5,True,0.50,5,5,5,5,0,0,0,0,100.00,0.00,0.00,0.00,0.00,1,1.230000000000,0.210000000000,1.640000000000,0.250000000000,2,40.00,2,0,120
ORH5,True,0.50,15,5,5,5,0,0,0,0,100.00,0.00,0.00,0.00,0.00,1,1.230000000000,0.560000000000,1.640000000000,0.560000000000,3,60.00,2,1,120
ORH5,True,0.50,30,5,5,5,0,0,0,0,100.00,0.00,0.00,0.00,0.00,1,1.510000000000,0.600000000000,1.640000000000,0.600000000000,3,60.00,2,1,120
ORH5,True,1.00,5,2,2,2,0,0,0,0,100.00,0.00,0.00,0.00,0.00,1,2.225000000000,0,2.332500000000,0.140000000000,0,0.00,0,0,
ORH5,True,1.00,15,2,2,2,0,0,0,0,100.00,0.00,0.00,0.00,0.00,1,2.225000000000,0,2.332500000000,0.140000000000,0,0.00,0,0,
ORH5,True,1.00,30,2,2,2,0,0,0,0,100.00,0.00,0.00,0.00,0.00,1,2.225000000000,0,2.332500000000,0.140000000000,0,0.00,0,0,
ORH5,False,0.25,5,149,409,55,53,272,29,0,13.45,12.96,66.50,7.09,0.00,5,0.280000000000,0.301000000000,0.410000000000,0.310000000000,12,21.82,12,0,120
ORH5,False,0.25,15,149,409,70,65,272,2,0,17.11,15.89,66.50,0.49,0.00,11,0.530000000000,0.550000000000,0.640000000000,0.560000000000,36,51.43,22,14,180
ORH5,False,0.25,30,149,409,71,66,272,0,0,17.36,16.14,66.50,0.00,0.00,16,0.750000000000,0.750000000000,0.810000000000,0.800000000000,50,70.42,23,27,390
ORH5,False,0.50,5,153,434,89,83,100,160,2,20.51,19.12,23.04,36.87,0.46,7,0.295000000000,0.300000000000,0.430000000000,0.310000000000,9,10.11,9,0,60
ORH5,False,0.50,15,153,434,140,144,100,45,5,32.26,33.18,23.04,10.37,1.15,14,0.550500000000,0.550000000000,0.650000000000,0.559750000000,52,37.14,30,22,300
ORH5,False,0.50,30,153,434,151,163,100,14,6,34.79,37.56,23.04,3.23,1.38,19,0.785000000000,0.730000000000,0.840000000000,0.740000000000,86,56.95,31,55,480
ORH5,False,1.00,5,153,437,39,34,16,342,6,8.92,7.78,3.66,78.26,1.37,7,0.295000000000,0.300000000000,0.440000000000,0.310000000000,1,2.56,1,0,60
ORH5,False,1.00,15,153,437,102,95,16,213,11,23.34,21.74,3.66,48.74,2.52,14,0.559000000000,0.558500000000,0.650000000000,0.560000000000,21,20.59,8,13,420
ORH5,False,1.00,30,153,437,152,143,16,111,15,34.78,32.72,3.66,25.40,3.43,19,0.790000000000,0.730000000000,0.840000000000,0.745000000000,51,33.55,14,37,540
ORL5,True,0.25,5,38,43,43,0,0,0,0,100.00,0.00,0.00,0.00,0.00,0,0.750000000000,0.060000000000,0.850000000000,0.200000000000,19,44.19,19,0,120
ORL5,True,0.25,15,38,43,43,0,0,0,0,100.00,0.00,0.00,0.00,0.00,0,1.279300000000,0.190000000000,1.279300000000,0.240000000000,21,48.84,19,2,180
ORL5,True,0.25,30,38,43,43,0,0,0,0,100.00,0.00,0.00,0.00,0.00,0,1.550000000000,0.930000000000,1.660000000000,0.930000000000,26,60.47,19,7,180
ORL5,True,0.50,5,15,16,16,0,0,0,0,100.00,0.00,0.00,0.00,0.00,0,1.309650000000,0,1.314650000000,0.250000000000,7,43.75,7,0,120
ORL5,True,0.50,15,15,16,16,0,0,0,0,100.00,0.00,0.00,0.00,0.00,0,1.540000000000,0,1.625000000000,0.340000000000,7,43.75,7,0,120
ORL5,True,0.50,30,15,16,16,0,0,0,0,100.00,0.00,0.00,0.00,0.00,0,1.855000000000,0,1.855000000000,0.340000000000,7,43.75,7,0,120
ORL5,True,1.00,5,3,3,3,0,0,0,0,100.00,0.00,0.00,0.00,0.00,0,1.405000000000,0.220000000000,1.660000000000,0.280000000000,2,66.67,2,0,180
ORL5,True,1.00,15,3,3,3,0,0,0,0,100.00,0.00,0.00,0.00,0.00,0,1.405000000000,1.700000000000,1.660000000000,1.700000000000,2,66.67,2,0,180
ORL5,True,1.00,30,3,3,3,0,0,0,0,100.00,0.00,0.00,0.00,0.00,0,1.405000000000,1.700000000000,1.660000000000,1.700000000000,2,66.67,2,0,180
ORL5,False,0.25,5,139,379,51,29,268,31,0,13.46,7.65,70.71,8.18,0.00,5,0.330000000000,0.280000000000,0.450000000000,0.310000000000,8,15.69,8,0,60
ORL5,False,0.25,15,139,379,60,49,268,2,0,15.83,12.93,70.71,0.53,0.00,11,0.570000000000,0.540000000000,0.660000000000,0.550000000000,30,50.00,18,12,240
ORL5,False,0.25,30,139,379,61,49,268,1,0,16.09,12.93,70.71,0.26,0.00,18,0.749900000000,0.732500000000,0.790000000000,0.750000000000,35,57.38,18,17,300
ORL5,False,0.50,5,144,406,84,59,112,148,3,20.69,14.53,27.59,36.45,0.74,5,0.355650000000,0.270000000000,0.479700000000,0.290000000000,13,15.48,13,0,120
ORL5,False,0.50,15,144,406,133,114,113,42,4,32.76,28.08,27.83,10.34,0.99,11,0.603450000000,0.530000000000,0.680000000000,0.550000000000,48,36.09,32,16,240
ORL5,False,0.50,30,144,406,144,131,113,14,4,35.47,32.27,27.83,3.45,0.99,18,0.780000000000,0.745000000000,0.802500000000,0.751050000000,68,47.22,35,33,300
ORL5,False,1.00,5,145,419,35,34,23,323,4,8.35,8.11,5.49,77.09,0.95,5,0.370000000000,0.270000000000,0.485000000000,0.290000000000,2,5.71,2,0,120
ORL5,False,1.00,15,145,419,113,107,23,167,9,26.97,25.54,5.49,39.86,2.15,11,0.620000000000,0.520000000000,0.700000000000,0.540000000000,9,7.96,7,2,180
ORL5,False,1.00,30,145,419,141,135,23,107,13,33.65,32.22,5.49,25.54,3.10,18,0.790000000000,0.737600000000,0.820000000000,0.750000000000,31,21.99,10,21,480
PWH,True,0.25,5,7,7,7,0,0,0,0,100.00,0.00,0.00,0.00,0.00,0,1.595000000000,0,1.595000000000,0.088000000000,1,14.29,1,0,60
PWH,True,0.25,15,7,7,7,0,0,0,0,100.00,0.00,0.00,0.00,0.00,0,2.470000000000,0.060000000000,2.470000000000,0.100000000000,3,42.86,2,1,300
PWH,True,0.25,30,7,7,7,0,0,0,0,100.00,0.00,0.00,0.00,0.00,0,2.470000000000,0.120000000000,2.470000000000,0.120000000000,4,57.14,2,2,540
PWH,True,0.50,5,2,2,2,0,0,0,0,100.00,0.00,0.00,0.00,0.00,0,1.512500000000,0,1.512500000000,0.052500000000,0,0.00,0,0,
PWH,True,0.50,15,2,2,2,0,0,0,0,100.00,0.00,0.00,0.00,0.00,0,1.912500000000,0.205000000000,1.912500000000,0.252500000000,1,50.00,0,1,780
PWH,True,0.50,30,2,2,2,0,0,0,0,100.00,0.00,0.00,0.00,0.00,0,2.761850000000,0.540000000000,2.761850000000,0.587500000000,1,50.00,0,1,780
PWH,True,1.00,5,0,0,0,0,0,0,0,,,,,,0,,,,,0,,0,0,
PWH,True,1.00,15,0,0,0,0,0,0,0,,,,,,0,,,,,0,,0,0,
PWH,True,1.00,30,0,0,0,0,0,0,0,,,,,,0,,,,,0,,0,0,
PWH,False,0.25,5,34,97,13,12,55,16,1,13.40,12.37,56.70,16.49,1.03,3,0.200000000000,0.240000000000,0.330000000000,0.280000000000,1,7.69,1,0,120
PWH,False,0.25,15,34,97,22,17,55,2,1,22.68,17.53,56.70,2.06,1.03,5,0.415000000000,0.410000000000,0.460000000000,0.410000000000,5,22.73,3,2,300
PWH,False,0.25,30,34,97,22,17,55,2,1,22.68,17.53,56.70,2.06,1.03,10,0.490000000000,0.590000000000,0.555000000000,0.590000000000,10,45.45,3,7,570
PWH,False,0.50,5,37,102,15,11,23,50,3,14.71,10.78,22.55,49.02,2.94,3,0.226500000000,0.230000000000,0.335000000000,0.242500000000,1,6.67,1,0,120
PWH,False,0.50,15,37,102,26,25,23,25,3,25.49,24.51,22.55,24.51,2.94,5,0.421500000000,0.407500000000,0.485000000000,0.407500000000,4,15.38,3,1,270
PWH,False,0.50,30,37,102,32,32,23,11,4,31.37,31.37,22.55,10.78,3.92,10,0.533250000000,0.580000000000,0.574500000000,0.580000000000,11,34.38,4,7,660
PWH,False,1.00,5,39,104,3,6,6,86,3,2.88,5.77,5.77,82.69,2.88,3,0.231500000000,0.220000000000,0.342500000000,0.235000000000,0,0.00,0,0,
PWH,False,1.00,15,39,104,14,20,6,59,5,13.46,19.23,5.77,56.73,4.81,5,0.427500000000,0.407500000000,0.492500000000,0.407500000000,1,7.14,0,1,360
PWH,False,1.00,30,39,104,23,24,6,45,6,22.12,23.08,5.77,43.27,5.77,10,0.547500000000,0.580000000000,0.584450000000,0.580000000000,4,17.39,1,3,570
PWL,True,0.25,5,7,8,8,0,0,0,0,100.00,0.00,0.00,0.00,0.00,0,0.712500000000,0.125000000000,0.787500000000,0.185000000000,3,37.50,3,0,120
PWL,True,0.25,15,7,8,8,0,0,0,0,100.00,0.00,0.00,0.00,0.00,1,1.275000000000,0.164950000000,1.275000000000,0.224950000000,4,50.00,3,1,180
PWL,True,0.25,30,7,8,8,0,0,0,0,100.00,0.00,0.00,0.00,0.00,1,1.675000000000,0.265000000000,1.675000000000,0.305000000000,4,50.00,3,1,180
PWL,True,0.50,5,1,1,1,0,0,0,0,100.00,0.00,0.00,0.00,0.00,0,0.930000000000,0,0.930000000000,0.005000000000,0,0.00,0,0,
PWL,True,0.50,15,1,1,1,0,0,0,0,100.00,0.00,0.00,0.00,0.00,0,1.260000000000,0,1.260000000000,0.005000000000,0,0.00,0,0,
PWL,True,0.50,30,1,1,1,0,0,0,0,100.00,0.00,0.00,0.00,0.00,0,2.110000000000,0,2.110000000000,0.005000000000,0,0.00,0,0,
PWL,True,1.00,5,0,0,0,0,0,0,0,,,,,,0,,,,,0,,0,0,
PWL,True,1.00,15,0,0,0,0,0,0,0,,,,,,0,,,,,0,,0,0,
PWL,True,1.00,30,0,0,0,0,0,0,0,,,,,,0,,,,,0,,0,0,
PWL,False,0.25,5,34,82,6,8,66,2,0,7.32,9.76,80.49,2.44,0.00,1,0.347500000000,0.477500000000,0.515000000000,0.495000000000,0,0.00,0,0,
PWL,False,0.25,15,34,82,8,8,66,0,0,9.76,9.76,80.49,0.00,0.00,2,0.872450000000,0.670000000000,0.906500000000,0.670000000000,5,62.50,3,2,240
PWL,False,0.25,30,34,82,8,8,66,0,0,9.76,9.76,80.49,0.00,0.00,4,1.067500000000,0.995000000000,1.067500000000,0.995000000000,5,62.50,3,2,240
PWL,False,0.50,5,34,89,17,14,38,19,1,19.10,15.73,42.70,21.35,1.12,1,0.394400000000,0.440000000000,0.560000000000,0.460000000000,1,5.88,1,0,120
PWL,False,0.50,15,34,89,28,20,38,2,1,31.46,22.47,42.70,2.25,1.12,3,0.884900000000,0.650000000000,0.925000000000,0.650000000000,7,25.00,4,3,180
PWL,False,0.50,30,34,89,29,21,38,0,1,32.58,23.60,42.70,0.00,1.12,5,1.075000000000,0.845000000000,1.075000000000,0.845000000000,13,44.83,5,8,480
PWL,False,1.00,5,34,90,9,10,6,64,1,10.00,11.11,6.67,71.11,1.11,1,0.417200000000,0.431000000000,0.562500000000,0.450000000000,0,0.00,0,0,
PWL,False,1.00,15,34,90,31,28,6,23,2,34.44,31.11,6.67,25.56,2.22,3,0.912450000000,0.649950000000,0.932500000000,0.649950000000,5,16.13,2,3,420
PWL,False,1.00,30,34,90,35,35,6,11,3,38.89,38.89,6.67,12.22,3.33,5,1.125000000000,0.822500000000,1.125000000000,0.822500000000,11,31.43,4,7,420
1H_HIGH,True,0.25,5,87,234,234,0,0,0,0,100.00,0.00,0.00,0.00,0.00,4,0.815000000000,0,0.855000000000,0.137450000000,80,34.19,80,0,120
1H_HIGH,True,0.25,15,87,234,234,0,0,0,0,100.00,0.00,0.00,0.00,0.00,16,1.082500000000,0.345000000000,1.120000000000,0.345000000000,135,57.69,94,41,180
1H_HIGH,True,0.25,30,87,234,234,0,0,0,0,100.00,0.00,0.00,0.00,0.00,20,1.390050000000,0.575000000000,1.410000000000,0.575000000000,155,66.24,94,61,240
1H_HIGH,True,0.50,5,39,74,74,0,0,0,0,100.00,0.00,0.00,0.00,0.00,3,1.205000000000,0,1.320000000000,0.115000000000,13,17.57,13,0,180
1H_HIGH,True,0.50,15,39,74,74,0,0,0,0,100.00,0.00,0.00,0.00,0.00,3,1.740000000000,0,1.790000000000,0.225000000000,24,32.43,14,10,240
1H_HIGH,True,0.50,30,39,74,74,0,0,0,0,100.00,0.00,0.00,0.00,0.00,3,2.060000000000,0,2.090000000000,0.260000000000,32,43.24,14,18,360
1H_HIGH,True,1.00,5,13,17,17,0,0,0,0,100.00,0.00,0.00,0.00,0.00,2,2.070000000000,0,2.070000000000,0.070000000000,0,0.00,0,0,
1H_HIGH,True,1.00,15,13,17,17,0,0,0,0,100.00,0.00,0.00,0.00,0.00,2,2.110000000000,0,2.110000000000,0.100000000000,5,29.41,0,5,420
1H_HIGH,True,1.00,30,13,17,17,0,0,0,0,100.00,0.00,0.00,0.00,0.00,2,2.110000000000,0,2.110000000000,0.100000000000,5,29.41,0,5,420
1H_HIGH,False,0.25,5,139,2064,266,232,1359,205,2,12.89,11.24,65.84,9.93,0.10,44,0.265000000000,0.310000000000,0.410000000000,0.330000000000,48,18.05,48,0,120
1H_HIGH,False,0.25,15,139,2064,361,321,1359,21,2,17.49,15.55,65.84,1.02,0.10,96,0.490000000000,0.540000000000,0.590000000000,0.550000000000,157,43.49,107,50,180
1H_HIGH,False,0.25,30,139,2064,372,328,1359,3,2,18.02,15.89,65.84,0.15,0.10,173,0.685000000000,0.730000000000,0.750000000000,0.740000000000,237,63.71,115,122,360
1H_HIGH,False,0.50,5,139,2224,369,358,622,856,19,16.59,16.10,27.97,38.49,0.85,45,0.290000000000,0.295000000000,0.435000000000,0.312500000000,37,10.03,37,0,60
1H_HIGH,False,0.50,15,139,2224,641,634,622,298,29,28.82,28.51,27.97,13.40,1.30,109,0.520000000000,0.540000000000,0.610000000000,0.550000000000,199,31.05,134,65,240
1H_HIGH,False,0.50,30,139,2224,723,722,622,125,32,32.51,32.46,27.97,5.62,1.44,190,0.710000000000,0.730000000000,0.770000000000,0.740000000000,338,46.75,150,188,360
1H_HIGH,False,1.00,5,140,2281,184,182,129,1745,41,8.07,7.98,5.66,76.50,1.80,46,0.310000000000,0.290000000000,0.444850000000,0.310000000000,10,5.43,10,0,120
1H_HIGH,False,1.00,15,140,2281,517,528,129,1028,79,22.67,23.15,5.66,45.07,3.46,110,0.532500000000,0.530000000000,0.630000000000,0.545000000000,93,17.99,55,38,300
1H_HIGH,False,1.00,30,140,2281,729,705,129,613,105,31.96,30.91,5.66,26.87,4.60,191,0.730000000000,0.720000000000,0.789450000000,0.730000000000,190,26.06,61,129,480
1H_LOW,True,0.25,5,90,248,248,0,0,0,0,100.00,0.00,0.00,0.00,0.00,4,0.845000000000,0.010000000000,0.940000000000,0.130000000000,94,37.90,94,0,120
1H_LOW,True,0.25,15,90,248,248,0,0,0,0,100.00,0.00,0.00,0.00,0.00,13,1.237450000000,0.440000000000,1.290000000000,0.440000000000,152,61.29,107,45,180
1H_LOW,True,0.25,30,90,248,248,0,0,0,0,100.00,0.00,0.00,0.00,0.00,17,1.465000000000,0.707500000000,1.472500000000,0.707500000000,170,68.55,107,63,240
1H_LOW,True,0.50,5,46,78,78,0,0,0,0,100.00,0.00,0.00,0.00,0.00,2,1.378750000000,0,1.411250000000,0.120000000000,13,16.67,13,0,180
1H_LOW,True,0.50,15,46,78,78,0,0,0,0,100.00,0.00,0.00,0.00,0.00,2,1.620000000000,0.047500000000,1.650000000000,0.222500000000,36,46.15,17,19,360
1H_LOW,True,0.50,30,46,78,78,0,0,0,0,100.00,0.00,0.00,0.00,0.00,5,1.900000000000,0.525000000000,1.960250000000,0.525000000000,44,56.41,17,27,360
1H_LOW,True,1.00,5,19,21,21,0,0,0,0,100.00,0.00,0.00,0.00,0.00,1,2.029900000000,0,2.260000000000,0.150000000000,3,14.29,3,0,120
1H_LOW,True,1.00,15,19,21,21,0,0,0,0,100.00,0.00,0.00,0.00,0.00,1,2.410000000000,0,2.630000000000,0.270000000000,9,42.86,4,5,360
1H_LOW,True,1.00,30,19,21,21,0,0,0,0,100.00,0.00,0.00,0.00,0.00,1,2.740000000000,0.620000000000,2.780000000000,0.620000000000,11,52.38,4,7,360
1H_LOW,False,0.25,5,138,2312,230,246,1735,101,0,9.95,10.64,75.04,4.37,0.00,51,0.320000000000,0.380000000000,0.480000000000,0.390000000000,52,22.61,52,0,60
1H_LOW,False,0.25,15,138,2312,275,292,1735,10,0,11.89,12.63,75.04,0.43,0.00,122,0.560000000000,0.660000000000,0.660000000000,0.670000000000,139,50.55,100,39,180
1H_LOW,False,0.25,30,138,2312,280,295,1735,2,0,12.11,12.76,75.04,0.09,0.00,187,0.800000000000,0.870000000000,0.860000000000,0.880000000000,184,65.71,105,79,300
1H_LOW,False,0.50,5,138,2482,481,446,813,724,18,19.38,17.97,32.76,29.17,0.73,53,0.350000000000,0.365000000000,0.500000000000,0.380000000000,63,13.10,63,0,60
1H_LOW,False,0.50,15,138,2482,716,705,814,219,28,28.85,28.40,32.80,8.82,1.13,133,0.590000000000,0.650000000000,0.690000000000,0.659900000000,269,37.57,192,77,240
1H_LOW,False,0.50,30,138,2482,795,771,814,73,29,32.03,31.06,32.80,2.94,1.17,199,0.830000000000,0.862500000000,0.893300000000,0.870000000000,398,50.06,203,195,300
1H_LOW,False,1.00,5,139,2539,234,239,186,1844,36,9.22,9.41,7.33,72.63,1.42,54,0.360000000000,0.355000000000,0.510000000000,0.375000000000,8,3.42,8,0,90
1H_LOW,False,1.00,15,139,2539,647,689,186,933,84,25.48,27.14,7.33,36.75,3.31,134,0.610000000000,0.640000000000,0.710000000000,0.650000000000,124,19.17,75,49,300
1H_LOW,False,1.00,30,139,2539,888,906,186,464,95,34.97,35.68,7.33,18.27,3.74,203,0.850000000000,0.860000000000,0.920000000000,0.863600000000,252,28.38,92,160,420
