family,multiple_breach_episodes,distance,horizon,contributing_sessions,episodes,REJECTION_FIRST_n,CONTINUATION_FIRST_n,AMBIGUOUS_n,UNRESOLVED_n,CENSORED_n,REJECTION_FIRST_pct,CONTINUATION_FIRST_pct,AMBIGUOUS_pct,UNRESOLVED_pct,CENSORED_pct,horizon_censored_flag_n,median_mfe_lower_bound,median_mae_lower_bound,median_mfe_envelope_upper,median_mae_envelope_upper,reclaim_n,reclaim_pct_of_rejection_first,quick_reclaim_n,later_reclaim_n,median_time_to_reclaim_seconds
ALL,0-1,0.25,5,170,1022,192,80,709,41,0,18.79,7.83,69.37,4.01,0.00,14,0.360000000000,0.380000000000,0.540000000000,0.400000000000,59,30.73,59,0,120
ALL,0-1,0.25,15,170,1022,212,98,709,3,0,20.74,9.59,69.37,0.29,0.00,28,0.640000000000,0.650000000000,0.768500000000,0.675000000000,107,50.47,79,28,180
ALL,0-1,0.25,30,170,1022,213,100,709,0,0,20.84,9.78,69.37,0.00,0.00,39,0.920000000000,0.835000000000,1.000000000000,0.856200000000,137,64.32,80,57,240
ALL,0-1,0.50,5,170,1022,222,172,357,269,2,21.72,16.83,34.93,26.32,0.20,14,0.360000000000,0.380000000000,0.540000000000,0.400000000000,38,17.12,38,0,120
ALL,0-1,0.50,15,170,1022,307,272,358,79,6,30.04,26.61,35.03,7.73,0.59,28,0.640000000000,0.650000000000,0.768500000000,0.675000000000,97,31.60,76,21,180
ALL,0-1,0.50,30,170,1022,327,300,358,31,6,32.00,29.35,35.03,3.03,0.59,39,0.920000000000,0.835000000000,1.000000000000,0.856200000000,159,48.62,82,77,300
ALL,0-1,1.00,5,170,1022,118,99,83,717,5,11.55,9.69,8.12,70.16,0.49,14,0.360000000000,0.380000000000,0.540000000000,0.400000000000,11,9.32,11,0,120
ALL,0-1,1.00,15,170,1022,303,276,83,345,15,29.65,27.01,8.12,33.76,1.47,28,0.640000000000,0.650000000000,0.768500000000,0.675000000000,60,19.80,31,29,300
ALL,0-1,1.00,30,170,1022,376,358,83,189,16,36.79,35.03,8.12,18.49,1.57,39,0.920000000000,0.835000000000,1.000000000000,0.856200000000,116,30.85,38,78,420
ALL,2+,0.25,5,166,5348,1093,552,3326,373,4,20.44,10.32,62.19,6.97,0.07,110,0.330000000000,0.305000000000,0.470000000000,0.320000000000,295,26.99,295,0,120
ALL,2+,0.25,15,166,5348,1260,719,3326,39,4,23.56,13.44,62.19,0.73,0.07,272,0.560000000000,0.560000000000,0.650000000000,0.570000000000,653,51.83,446,207,180
ALL,2+,0.25,30,166,5348,1280,729,3326,9,4,23.93,13.63,62.19,0.17,0.07,440,0.770000000000,0.760000000000,0.830000000000,0.767250000000,829,64.77,460,369,300
ALL,2+,0.50,5,166,5348,1104,890,1481,1827,46,20.64,16.64,27.69,34.16,0.86,110,0.330000000000,0.305000000000,0.470000000000,0.320000000000,133,12.05,133,0,120
ALL,2+,0.50,15,166,5348,1686,1507,1482,604,69,31.53,28.18,27.71,11.29,1.29,272,0.560000000000,0.560000000000,0.650000000000,0.570000000000,593,35.17,385,208,240
ALL,2+,0.50,30,166,5348,1876,1691,1482,224,75,35.08,31.62,27.71,4.19,1.40,440,0.770000000000,0.760000000000,0.830000000000,0.767250000000,906,48.29,415,491,360
ALL,2+,1.00,5,166,5348,469,444,317,4030,88,8.77,8.30,5.93,75.36,1.65,110,0.330000000000,0.305000000000,0.470000000000,0.320000000000,19,4.05,19,0,120
ALL,2+,1.00,15,166,5348,1261,1294,317,2285,191,23.58,24.20,5.93,42.73,3.57,272,0.560000000000,0.560000000000,0.650000000000,0.570000000000,230,18.24,135,95,300
ALL,2+,1.00,30,166,5348,1778,1743,317,1272,238,33.25,32.59,5.93,23.78,4.45,440,0.770000000000,0.760000000000,0.830000000000,0.767250000000,477,26.83,165,312,420
ALL,UNKNOWN,0.25,5,0,0,0,0,0,0,0,,,,,,0,,,,,0,,0,0,
ALL,UNKNOWN,0.25,15,0,0,0,0,0,0,0,,,,,,0,,,,,0,,0,0,
ALL,UNKNOWN,0.25,30,0,0,0,0,0,0,0,,,,,,0,,,,,0,,0,0,
ALL,UNKNOWN,0.50,5,0,0,0,0,0,0,0,,,,,,0,,,,,0,,0,0,
ALL,UNKNOWN,0.50,15,0,0,0,0,0,0,0,,,,,,0,,,,,0,,0,0,
ALL,UNKNOWN,0.50,30,0,0,0,0,0,0,0,,,,,,0,,,,,0,,0,0,
ALL,UNKNOWN,1.00,5,0,0,0,0,0,0,0,,,,,,0,,,,,0,,0,0,
ALL,UNKNOWN,1.00,15,0,0,0,0,0,0,0,,,,,,0,,,,,0,,0,0,
ALL,UNKNOWN,1.00,30,0,0,0,0,0,0,0,,,,,,0,,,,,0,,0,0,
PDH,0-1,0.25,5,86,114,19,12,77,6,0,16.67,10.53,67.54,5.26,0.00,0,0.292500000000,0.445000000000,0.532000000000,0.450000000000,9,47.37,9,0,120
PDH,0-1,0.25,15,86,114,22,15,77,0,0,19.30,13.16,67.54,0.00,0.00,1,0.490000000000,0.660000000000,0.640000000000,0.702500000000,12,54.55,9,3,150
PDH,0-1,0.25,30,86,114,22,15,77,0,0,19.30,13.16,67.54,0.00,0.00,1,0.675000000000,0.930000000000,0.855000000000,0.959000000000,14,63.64,9,5,180
PDH,0-1,0.50,5,86,114,22,17,44,31,0,19.30,14.91,38.60,27.19,0.00,0,0.292500000000,0.445000000000,0.532000000000,0.450000000000,5,22.73,5,0,120
PDH,0-1,0.50,15,86,114,26,32,44,11,1,22.81,28.07,38.60,9.65,0.88,1,0.490000000000,0.660000000000,0.640000000000,0.702500000000,9,34.62,7,2,180
PDH,0-1,0.50,30,86,114,30,35,44,4,1,26.32,30.70,38.60,3.51,0.88,1,0.675000000000,0.930000000000,0.855000000000,0.959000000000,12,40.00,8,4,240
PDH,0-1,1.00,5,86,114,7,10,14,83,0,6.14,8.77,12.28,72.81,0.00,0,0.292500000000,0.445000000000,0.532000000000,0.450000000000,2,28.57,2,0,90
PDH,0-1,1.00,15,86,114,27,28,14,44,1,23.68,24.56,12.28,38.60,0.88,1,0.490000000000,0.660000000000,0.640000000000,0.702500000000,8,29.63,5,3,210
PDH,0-1,1.00,30,86,114,35,42,14,22,1,30.70,36.84,12.28,19.30,0.88,1,0.675000000000,0.930000000000,0.855000000000,0.959000000000,10,28.57,6,4,270
PDH,2+,0.25,5,47,119,21,13,65,19,1,17.65,10.92,54.62,15.97,0.84,2,0.240000000000,0.200000000000,0.380000000000,0.210000000000,3,14.29,3,0,60
PDH,2+,0.25,15,47,119,28,21,65,4,1,23.53,17.65,54.62,3.36,0.84,8,0.370000000000,0.450000000000,0.470000000000,0.450000000000,12,42.86,7,5,210
PDH,2+,0.25,30,47,119,30,22,65,1,1,25.21,18.49,54.62,0.84,0.84,13,0.520000000000,0.570000000000,0.560000000000,0.570000000000,14,46.67,8,6,210
PDH,2+,0.50,5,47,119,25,19,21,52,2,21.01,15.97,17.65,43.70,1.68,2,0.240000000000,0.200000000000,0.380000000000,0.210000000000,3,12.00,3,0,60
PDH,2+,0.50,15,47,119,34,36,21,25,3,28.57,30.25,17.65,21.01,2.52,8,0.370000000000,0.450000000000,0.470000000000,0.450000000000,11,32.35,8,3,180
PDH,2+,0.50,30,47,119,44,41,21,10,3,36.97,34.45,17.65,8.40,2.52,13,0.520000000000,0.570000000000,0.560000000000,0.570000000000,17,38.64,8,9,420
PDH,2+,1.00,5,47,119,7,7,5,98,2,5.88,5.88,4.20,82.35,1.68,2,0.240000000000,0.200000000000,0.380000000000,0.210000000000,0,0.00,0,0,
PDH,2+,1.00,15,47,119,15,23,5,69,7,12.61,19.33,4.20,57.98,5.88,8,0.370000000000,0.450000000000,0.470000000000,0.450000000000,2,13.33,1,1,480
PDH,2+,1.00,30,47,119,31,32,5,43,8,26.05,26.89,4.20,36.13,6.72,13,0.520000000000,0.570000000000,0.560000000000,0.570000000000,4,12.90,2,2,330
PDH,UNKNOWN,0.25,5,0,0,0,0,0,0,0,,,,,,0,,,,,0,,0,0,
PDH,UNKNOWN,0.25,15,0,0,0,0,0,0,0,,,,,,0,,,,,0,,0,0,
PDH,UNKNOWN,0.25,30,0,0,0,0,0,0,0,,,,,,0,,,,,0,,0,0,
PDH,UNKNOWN,0.50,5,0,0,0,0,0,0,0,,,,,,0,,,,,0,,0,0,
PDH,UNKNOWN,0.50,15,0,0,0,0,0,0,0,,,,,,0,,,,,0,,0,0,
PDH,UNKNOWN,0.50,30,0,0,0,0,0,0,0,,,,,,0,,,,,0,,0,0,
PDH,UNKNOWN,1.00,5,0,0,0,0,0,0,0,,,,,,0,,,,,0,,0,0,
PDH,UNKNOWN,1.00,15,0,0,0,0,0,0,0,,,,,,0,,,,,0,,0,0,
PDH,UNKNOWN,1.00,30,0,0,0,0,0,0,0,,,,,,0,,,,,0,,0,0,
PDL,0-1,0.25,5,66,89,15,7,67,0,0,16.85,7.87,75.28,0.00,0.00,1,0.394500000000,0.395000000000,0.670000000000,0.430000000000,4,26.67,4,0,60
PDL,0-1,0.25,15,66,89,15,7,67,0,0,16.85,7.87,75.28,0.00,0.00,2,0.770000000000,0.585000000000,0.985000000000,0.610000000000,10,66.67,7,3,240
PDL,0-1,0.25,30,66,89,15,7,67,0,0,16.85,7.87,75.28,0.00,0.00,3,1.060000000000,0.925000000000,1.160000000000,0.960000000000,13,86.67,7,6,300
PDL,0-1,0.50,5,66,89,21,15,38,15,0,23.60,16.85,42.70,16.85,0.00,1,0.394500000000,0.395000000000,0.670000000000,0.430000000000,3,14.29,3,0,180
PDL,0-1,0.50,15,66,89,31,17,38,3,0,34.83,19.10,42.70,3.37,0.00,2,0.770000000000,0.585000000000,0.985000000000,0.610000000000,6,19.35,5,1,180
PDL,0-1,0.50,30,66,89,32,18,38,1,0,35.96,20.22,42.70,1.12,0.00,3,1.060000000000,0.925000000000,1.160000000000,0.960000000000,16,50.00,7,9,510
PDL,0-1,1.00,5,66,89,14,10,9,56,0,15.73,11.24,10.11,62.92,0.00,1,0.394500000000,0.395000000000,0.670000000000,0.430000000000,2,14.29,2,0,150
PDL,0-1,1.00,15,66,89,31,25,9,23,1,34.83,28.09,10.11,25.84,1.12,2,0.770000000000,0.585000000000,0.985000000000,0.610000000000,7,22.58,5,2,180
PDL,0-1,1.00,30,66,89,35,33,9,11,1,39.33,37.08,10.11,12.36,1.12,3,1.060000000000,0.925000000000,1.160000000000,0.960000000000,14,40.00,5,9,420
PDL,2+,0.25,5,43,124,36,19,64,5,0,29.03,15.32,51.61,4.03,0.00,1,0.270000000000,0.340050000000,0.402500000000,0.360000000000,8,22.22,8,0,90
PDL,2+,0.25,15,43,124,38,21,64,1,0,30.65,16.94,51.61,0.81,0.00,8,0.477500000000,0.522500000000,0.560000000000,0.522500000000,22,57.89,12,10,240
PDL,2+,0.25,30,43,124,39,21,64,0,0,31.45,16.94,51.61,0.00,0.00,11,0.720000000000,0.727550000000,0.735050000000,0.727550000000,25,64.10,12,13,360
PDL,2+,0.50,5,43,124,25,38,23,38,0,20.16,30.65,18.55,30.65,0.00,1,0.270000000000,0.340050000000,0.402500000000,0.360000000000,0,0.00,0,0,
PDL,2+,0.50,15,43,124,39,49,23,12,1,31.45,39.52,18.55,9.68,0.81,8,0.477500000000,0.522500000000,0.560000000000,0.522500000000,12,30.77,4,8,480
PDL,2+,0.50,30,43,124,43,54,23,3,1,34.68,43.55,18.55,2.42,0.81,11,0.720000000000,0.727550000000,0.735050000000,0.727550000000,17,39.53,4,13,540
PDL,2+,1.00,5,43,124,9,11,5,99,0,7.26,8.87,4.03,79.84,0.00,1,0.270000000000,0.340050000000,0.402500000000,0.360000000000,0,0.00,0,0,
PDL,2+,1.00,15,43,124,20,26,5,66,7,16.13,20.97,4.03,53.23,5.65,8,0.477500000000,0.522500000000,0.560000000000,0.522500000000,3,15.00,1,2,420
PDL,2+,1.00,30,43,124,36,44,5,32,7,29.03,35.48,4.03,25.81,5.65,11,0.720000000000,0.727550000000,0.735050000000,0.727550000000,6,16.67,1,5,600
PDL,UNKNOWN,0.25,5,0,0,0,0,0,0,0,,,,,,0,,,,,0,,0,0,
PDL,UNKNOWN,0.25,15,0,0,0,0,0,0,0,,,,,,0,,,,,0,,0,0,
PDL,UNKNOWN,0.25,30,0,0,0,0,0,0,0,,,,,,0,,,,,0,,0,0,
PDL,UNKNOWN,0.50,5,0,0,0,0,0,0,0,,,,,,0,,,,,0,,0,0,
PDL,UNKNOWN,0.50,15,0,0,0,0,0,0,0,,,,,,0,,,,,0,,0,0,
PDL,UNKNOWN,0.50,30,0,0,0,0,0,0,0,,,,,,0,,,,,0,,0,0,
PDL,UNKNOWN,1.00,5,0,0,0,0,0,0,0,,,,,,0,,,,,0,,0,0,
PDL,UNKNOWN,1.00,15,0,0,0,0,0,0,0,,,,,,0,,,,,0,,0,0,
PDL,UNKNOWN,1.00,30,0,0,0,0,0,0,0,,,,,,0,,,,,0,,0,0,
PMH,0-1,0.25,5,2,3,1,0,2,0,0,33.33,0.00,66.67,0.00,0.00,0,0.630000000000,0.690000000000,0.630000000000,0.690000000000,0,0.00,0,0,
PMH,0-1,0.25,15,2,3,1,0,2,0,0,33.33,0.00,66.67,0.00,0.00,0,1.200000000000,0.740000000000,1.200000000000,0.740000000000,0,0.00,0,0,
PMH,0-1,0.25,30,2,3,1,0,2,0,0,33.33,0.00,66.67,0.00,0.00,0,2.160000000000,0.740000000000,2.160000000000,0.740000000000,0,0.00,0,0,
PMH,0-1,0.50,5,2,3,2,1,0,0,0,66.67,33.33,0.00,0.00,0.00,0,0.630000000000,0.690000000000,0.630000000000,0.690000000000,1,50.00,1,0,60
PMH,0-1,0.50,15,2,3,2,1,0,0,0,66.67,33.33,0.00,0.00,0.00,0,1.200000000000,0.740000000000,1.200000000000,0.740000000000,1,50.00,1,0,60
PMH,0-1,0.50,30,2,3,2,1,0,0,0,66.67,33.33,0.00,0.00,0.00,0,2.160000000000,0.740000000000,2.160000000000,0.740000000000,1,50.00,1,0,60
PMH,0-1,1.00,5,2,3,1,0,0,2,0,33.33,0.00,0.00,66.67,0.00,0,0.630000000000,0.690000000000,0.630000000000,0.690000000000,0,0.00,0,0,
PMH,0-1,1.00,15,2,3,2,0,0,1,0,66.67,0.00,0.00,33.33,0.00,0,1.200000000000,0.740000000000,1.200000000000,0.740000000000,0,0.00,0,0,
PMH,0-1,1.00,30,2,3,3,0,0,0,0,100.00,0.00,0.00,0.00,0.00,0,2.160000000000,0.740000000000,2.160000000000,0.740000000000,0,0.00,0,0,
PMH,2+,0.25,5,0,0,0,0,0,0,0,,,,,,0,,,,,0,,0,0,
PMH,2+,0.25,15,0,0,0,0,0,0,0,,,,,,0,,,,,0,,0,0,
PMH,2+,0.25,30,0,0,0,0,0,0,0,,,,,,0,,,,,0,,0,0,
PMH,2+,0.50,5,0,0,0,0,0,0,0,,,,,,0,,,,,0,,0,0,
PMH,2+,0.50,15,0,0,0,0,0,0,0,,,,,,0,,,,,0,,0,0,
PMH,2+,0.50,30,0,0,0,0,0,0,0,,,,,,0,,,,,0,,0,0,
PMH,2+,1.00,5,0,0,0,0,0,0,0,,,,,,0,,,,,0,,0,0,
PMH,2+,1.00,15,0,0,0,0,0,0,0,,,,,,0,,,,,0,,0,0,
PMH,2+,1.00,30,0,0,0,0,0,0,0,,,,,,0,,,,,0,,0,0,
PMH,UNKNOWN,0.25,5,0,0,0,0,0,0,0,,,,,,0,,,,,0,,0,0,
PMH,UNKNOWN,0.25,15,0,0,0,0,0,0,0,,,,,,0,,,,,0,,0,0,
PMH,UNKNOWN,0.25,30,0,0,0,0,0,0,0,,,,,,0,,,,,0,,0,0,
PMH,UNKNOWN,0.50,5,0,0,0,0,0,0,0,,,,,,0,,,,,0,,0,0,
PMH,UNKNOWN,0.50,15,0,0,0,0,0,0,0,,,,,,0,,,,,0,,0,0,
PMH,UNKNOWN,0.50,30,0,0,0,0,0,0,0,,,,,,0,,,,,0,,0,0,
PMH,UNKNOWN,1.00,5,0,0,0,0,0,0,0,,,,,,0,,,,,0,,0,0,
PMH,UNKNOWN,1.00,15,0,0,0,0,0,0,0,,,,,,0,,,,,0,,0,0,
PMH,UNKNOWN,1.00,30,0,0,0,0,0,0,0,,,,,,0,,,,,0,,0,0,
PML,0-1,0.25,5,2,2,0,0,2,0,0,0.00,0.00,100.00,0.00,0.00,0,0.955000000000,0.445000000000,1.340000000000,0.480000000000,0,,0,0,
PML,0-1,0.25,15,2,2,0,0,2,0,0,0.00,0.00,100.00,0.00,0.00,0,1.125000000000,0.640000000000,1.340000000000,0.640000000000,0,,0,0,
PML,0-1,0.25,30,2,2,0,0,2,0,0,0.00,0.00,100.00,0.00,0.00,0,1.160000000000,1.625000000000,1.340000000000,1.625000000000,0,,0,0,
PML,0-1,0.50,5,2,2,0,0,2,0,0,0.00,0.00,100.00,0.00,0.00,0,0.955000000000,0.445000000000,1.340000000000,0.480000000000,0,,0,0,
PML,0-1,0.50,15,2,2,0,0,2,0,0,0.00,0.00,100.00,0.00,0.00,0,1.125000000000,0.640000000000,1.340000000000,0.640000000000,0,,0,0,
PML,0-1,0.50,30,2,2,0,0,2,0,0,0.00,0.00,100.00,0.00,0.00,0,1.160000000000,1.625000000000,1.340000000000,1.625000000000,0,,0,0,
PML,0-1,1.00,5,2,2,1,0,0,1,0,50.00,0.00,0.00,50.00,0.00,0,0.955000000000,0.445000000000,1.340000000000,0.480000000000,0,0.00,0,0,
PML,0-1,1.00,15,2,2,1,0,0,1,0,50.00,0.00,0.00,50.00,0.00,0,1.125000000000,0.640000000000,1.340000000000,0.640000000000,1,100.00,1,0,240
PML,0-1,1.00,30,2,2,1,0,0,1,0,50.00,0.00,0.00,50.00,0.00,0,1.160000000000,1.625000000000,1.340000000000,1.625000000000,1,100.00,1,0,240
PML,2+,0.25,5,2,6,2,1,3,0,0,33.33,16.67,50.00,0.00,0.00,0,0.350000000000,0.280000000000,0.350000000000,0.315000000000,0,0.00,0,0,
PML,2+,0.25,15,2,6,2,1,3,0,0,33.33,16.67,50.00,0.00,0.00,0,0.496250000000,0.360000000000,0.496250000000,0.380000000000,0,0.00,0,0,
PML,2+,0.25,30,2,6,2,1,3,0,0,33.33,16.67,50.00,0.00,0.00,1,0.896250000000,1.192500000000,0.896250000000,1.192500000000,1,50.00,0,1,1620
PML,2+,0.50,5,2,6,0,1,2,3,0,0.00,16.67,33.33,50.00,0.00,0,0.350000000000,0.280000000000,0.350000000000,0.315000000000,0,,0,0,
PML,2+,0.50,15,2,6,1,2,2,1,0,16.67,33.33,33.33,16.67,0.00,0,0.496250000000,0.360000000000,0.496250000000,0.380000000000,1,100.00,1,0,180
PML,2+,0.50,30,2,6,2,2,2,0,0,33.33,33.33,33.33,0.00,0.00,1,0.896250000000,1.192500000000,0.896250000000,1.192500000000,1,50.00,1,0,180
PML,2+,1.00,5,2,6,1,0,1,4,0,16.67,0.00,16.67,66.67,0.00,0,0.350000000000,0.280000000000,0.350000000000,0.315000000000,0,0.00,0,0,
PML,2+,1.00,15,2,6,1,1,1,3,0,16.67,16.67,16.67,50.00,0.00,0,0.496250000000,0.360000000000,0.496250000000,0.380000000000,0,0.00,0,0,
PML,2+,1.00,30,2,6,2,2,1,1,0,33.33,33.33,16.67,16.67,0.00,1,0.896250000000,1.192500000000,0.896250000000,1.192500000000,1,50.00,0,1,1140
PML,UNKNOWN,0.25,5,0,0,0,0,0,0,0,,,,,,0,,,,,0,,0,0,
PML,UNKNOWN,0.25,15,0,0,0,0,0,0,0,,,,,,0,,,,,0,,0,0,
PML,UNKNOWN,0.25,30,0,0,0,0,0,0,0,,,,,,0,,,,,0,,0,0,
PML,UNKNOWN,0.50,5,0,0,0,0,0,0,0,,,,,,0,,,,,0,,0,0,
PML,UNKNOWN,0.50,15,0,0,0,0,0,0,0,,,,,,0,,,,,0,,0,0,
PML,UNKNOWN,0.50,30,0,0,0,0,0,0,0,,,,,,0,,,,,0,,0,0,
PML,UNKNOWN,1.00,5,0,0,0,0,0,0,0,,,,,,0,,,,,0,,0,0,
PML,UNKNOWN,1.00,15,0,0,0,0,0,0,0,,,,,,0,,,,,0,,0,0,
PML,UNKNOWN,1.00,30,0,0,0,0,0,0,0,,,,,,0,,,,,0,,0,0,
ORH5,0-1,0.25,5,154,193,37,19,132,5,0,19.17,9.84,68.39,2.59,0.00,2,0.370000000000,0.370000000000,0.520000000000,0.400000000000,11,29.73,11,0,60
ORH5,0-1,0.25,15,154,193,40,21,132,0,0,20.73,10.88,68.39,0.00,0.00,3,0.700000000000,0.655000000000,0.740000000000,0.660000000000,21,52.50,13,8,120
ORH5,0-1,0.25,30,154,193,40,21,132,0,0,20.73,10.88,68.39,0.00,0.00,3,1.000000000000,0.830000000000,1.040000000000,0.830000000000,26,65.00,13,13,300
ORH5,0-1,0.50,5,154,193,46,43,53,51,0,23.83,22.28,27.46,26.42,0.00,2,0.370000000000,0.370000000000,0.520000000000,0.400000000000,7,15.22,7,0,60
ORH5,0-1,0.50,15,154,193,64,64,53,12,0,33.16,33.16,27.46,6.22,0.00,3,0.700000000000,0.655000000000,0.740000000000,0.660000000000,28,43.75,18,10,180
ORH5,0-1,0.50,30,154,193,69,70,53,1,0,35.75,36.27,27.46,0.52,0.00,3,1.000000000000,0.830000000000,1.040000000000,0.830000000000,45,65.22,19,26,540
ORH5,0-1,1.00,5,154,193,29,20,8,135,1,15.03,10.36,4.15,69.95,0.52,2,0.370000000000,0.370000000000,0.520000000000,0.400000000000,1,3.45,1,0,60
ORH5,0-1,1.00,15,154,193,64,51,8,69,1,33.16,26.42,4.15,35.75,0.52,3,0.700000000000,0.655000000000,0.740000000000,0.660000000000,14,21.88,5,9,420
ORH5,0-1,1.00,30,154,193,80,70,8,34,1,41.45,36.27,4.15,17.62,0.52,3,1.000000000000,0.830000000000,1.040000000000,0.830000000000,33,41.25,7,26,540
ORH5,2+,0.25,5,89,246,48,34,140,24,0,19.51,13.82,56.91,9.76,0.00,6,0.270000000000,0.260000000000,0.380000000000,0.270000000000,13,27.08,13,0,120
ORH5,2+,0.25,15,89,246,60,44,140,2,0,24.39,17.89,56.91,0.81,0.00,12,0.494750000000,0.510000000000,0.584750000000,0.510000000000,32,53.33,21,11,180
ORH5,2+,0.25,30,89,246,61,45,140,0,0,24.80,18.29,56.91,0.00,0.00,17,0.679750000000,0.650000000000,0.740000000000,0.655000000000,43,70.49,22,21,240
ORH5,2+,0.50,5,89,246,48,40,47,109,2,19.51,16.26,19.11,44.31,0.81,6,0.270000000000,0.260000000000,0.380000000000,0.270000000000,4,8.33,4,0,120
ORH5,2+,0.50,15,89,246,81,80,47,33,5,32.93,32.52,19.11,13.41,2.03,12,0.494750000000,0.510000000000,0.584750000000,0.510000000000,27,33.33,14,13,300
ORH5,2+,0.50,30,89,246,87,93,47,13,6,35.37,37.80,19.11,5.28,2.44,17,0.679750000000,0.650000000000,0.740000000000,0.655000000000,44,50.57,14,30,480
ORH5,2+,1.00,5,89,246,12,14,8,207,5,4.88,5.69,3.25,84.15,2.03,6,0.270000000000,0.260000000000,0.380000000000,0.270000000000,0,0.00,0,0,
ORH5,2+,1.00,15,89,246,40,44,8,144,10,16.26,17.89,3.25,58.54,4.07,12,0.494750000000,0.510000000000,0.584750000000,0.510000000000,7,17.50,3,4,360
ORH5,2+,1.00,30,89,246,74,73,8,77,14,30.08,29.67,3.25,31.30,5.69,17,0.679750000000,0.650000000000,0.740000000000,0.655000000000,18,24.32,7,11,390
ORH5,UNKNOWN,0.25,5,0,0,0,0,0,0,0,,,,,,0,,,,,0,,0,0,
ORH5,UNKNOWN,0.25,15,0,0,0,0,0,0,0,,,,,,0,,,,,0,,0,0,
ORH5,UNKNOWN,0.25,30,0,0,0,0,0,0,0,,,,,,0,,,,,0,,0,0,
ORH5,UNKNOWN,0.50,5,0,0,0,0,0,0,0,,,,,,0,,,,,0,,0,0,
ORH5,UNKNOWN,0.50,15,0,0,0,0,0,0,0,,,,,,0,,,,,0,,0,0,
ORH5,UNKNOWN,0.50,30,0,0,0,0,0,0,0,,,,,,0,,,,,0,,0,0,
ORH5,UNKNOWN,1.00,5,0,0,0,0,0,0,0,,,,,,0,,,,,0,,0,0,
ORH5,UNKNOWN,1.00,15,0,0,0,0,0,0,0,,,,,,0,,,,,0,,0,0,
ORH5,UNKNOWN,1.00,30,0,0,0,0,0,0,0,,,,,,0,,,,,0,,0,0,
ORL5,0-1,0.25,5,145,195,42,9,141,3,0,21.54,4.62,72.31,1.54,0.00,2,0.430000000000,0.370000000000,0.570000000000,0.390000000000,16,38.10,16,0,120
ORL5,0-1,0.25,15,145,195,43,11,141,0,0,22.05,5.64,72.31,0.00,0.00,2,0.740000000000,0.710000000000,0.790000000000,0.755000000000,23,53.49,18,5,180
ORL5,0-1,0.25,30,145,195,43,11,141,0,0,22.05,5.64,72.31,0.00,0.00,2,1.077500000000,0.960000000000,1.080000000000,0.990000000000,28,65.12,18,10,180
ORL5,0-1,0.50,5,145,195,54,32,68,40,1,27.69,16.41,34.87,20.51,0.51,2,0.430000000000,0.370000000000,0.570000000000,0.390000000000,15,27.78,15,0,120
ORL5,0-1,0.50,15,145,195,71,47,69,7,1,36.41,24.10,35.38,3.59,0.51,2,0.740000000000,0.710000000000,0.790000000000,0.755000000000,32,45.07,27,5,180
ORL5,0-1,0.50,30,145,195,74,50,69,1,1,37.95,25.64,35.38,0.51,0.51,2,1.077500000000,0.960000000000,1.080000000000,0.990000000000,37,50.00,28,9,180
ORL5,0-1,1.00,5,145,195,26,22,11,135,1,13.33,11.28,5.64,69.23,0.51,2,0.430000000000,0.370000000000,0.570000000000,0.390000000000,4,15.38,4,0,150
ORL5,0-1,1.00,15,145,195,66,64,11,53,1,33.85,32.82,5.64,27.18,0.51,2,0.740000000000,0.710000000000,0.790000000000,0.755000000000,9,13.64,7,2,180
ORL5,0-1,1.00,30,145,195,79,77,11,27,1,40.51,39.49,5.64,13.85,0.51,2,1.077500000000,0.960000000000,1.080000000000,0.990000000000,19,24.05,9,10,360
ORL5,2+,0.25,5,83,227,52,20,127,28,0,22.91,8.81,55.95,12.33,0.00,3,0.340000000000,0.209500000000,0.430000000000,0.230000000000,11,21.15,11,0,120
ORL5,2+,0.25,15,83,227,60,38,127,2,0,26.43,16.74,55.95,0.88,0.00,9,0.520000000000,0.440000000000,0.590000000000,0.440000000000,28,46.67,19,9,240
ORL5,2+,0.25,30,83,227,61,38,127,1,0,26.87,16.74,55.95,0.44,0.00,16,0.665000000000,0.640000000000,0.710400000000,0.640000000000,33,54.10,19,14,240
ORL5,2+,0.50,5,83,227,46,27,44,108,2,20.26,11.89,19.38,47.58,0.88,3,0.340000000000,0.209500000000,0.430000000000,0.230000000000,5,10.87,5,0,120
ORL5,2+,0.50,15,83,227,78,67,44,35,3,34.36,29.52,19.38,15.42,1.32,9,0.520000000000,0.440000000000,0.590000000000,0.440000000000,23,29.49,12,11,300
ORL5,2+,0.50,30,83,227,86,81,44,13,3,37.89,35.68,19.38,5.73,1.32,16,0.665000000000,0.640000000000,0.710400000000,0.640000000000,38,44.19,14,24,450
ORL5,2+,1.00,5,83,227,12,12,12,188,3,5.29,5.29,5.29,82.82,1.32,3,0.340000000000,0.209500000000,0.430000000000,0.230000000000,0,0.00,0,0,
ORL5,2+,1.00,15,83,227,50,43,12,114,8,22.03,18.94,5.29,50.22,3.52,9,0.520000000000,0.440000000000,0.590000000000,0.440000000000,2,4.00,2,0,180
ORL5,2+,1.00,30,83,227,65,58,12,80,12,28.63,25.55,5.29,35.24,5.29,16,0.665000000000,0.640000000000,0.710400000000,0.640000000000,14,21.54,3,11,600
ORL5,UNKNOWN,0.25,5,0,0,0,0,0,0,0,,,,,,0,,,,,0,,0,0,
ORL5,UNKNOWN,0.25,15,0,0,0,0,0,0,0,,,,,,0,,,,,0,,0,0,
ORL5,UNKNOWN,0.25,30,0,0,0,0,0,0,0,,,,,,0,,,,,0,,0,0,
ORL5,UNKNOWN,0.50,5,0,0,0,0,0,0,0,,,,,,0,,,,,0,,0,0,
ORL5,UNKNOWN,0.50,15,0,0,0,0,0,0,0,,,,,,0,,,,,0,,0,0,
ORL5,UNKNOWN,0.50,30,0,0,0,0,0,0,0,,,,,,0,,,,,0,,0,0,
ORL5,UNKNOWN,1.00,5,0,0,0,0,0,0,0,,,,,,0,,,,,0,,0,0,
ORL5,UNKNOWN,1.00,15,0,0,0,0,0,0,0,,,,,,0,,,,,0,,0,0,
ORL5,UNKNOWN,1.00,30,0,0,0,0,0,0,0,,,,,,0,,,,,0,,0,0,
PWH,0-1,0.25,5,23,29,5,1,17,6,0,17.24,3.45,58.62,20.69,0.00,0,0.180000000000,0.230000000000,0.435000000000,0.285000000000,1,20.00,1,0,120
PWH,0-1,0.25,15,23,29,9,3,17,0,0,31.03,10.34,58.62,0.00,0.00,1,0.410000000000,0.740000000000,0.480000000000,0.740000000000,4,44.44,3,1,270
PWH,0-1,0.25,30,23,29,9,3,17,0,0,31.03,10.34,58.62,0.00,0.00,1,0.450000000000,0.760000000000,0.579000000000,0.760000000000,5,55.56,3,2,300
PWH,0-1,0.50,5,23,29,5,3,10,11,0,17.24,10.34,34.48,37.93,0.00,0,0.180000000000,0.230000000000,0.435000000000,0.285000000000,0,0.00,0,0,
PWH,0-1,0.50,15,23,29,5,8,10,6,0,17.24,27.59,34.48,20.69,0.00,1,0.410000000000,0.740000000000,0.480000000000,0.740000000000,1,20.00,1,0,300
PWH,0-1,0.50,30,23,29,7,9,10,3,0,24.14,31.03,34.48,10.34,0.00,1,0.450000000000,0.760000000000,0.579000000000,0.760000000000,1,14.29,1,0,300
PWH,0-1,1.00,5,23,29,0,3,3,23,0,0.00,10.34,10.34,79.31,0.00,0,0.180000000000,0.230000000000,0.435000000000,0.285000000000,0,,0,0,
PWH,0-1,1.00,15,23,29,5,10,3,10,1,17.24,34.48,10.34,34.48,3.45,1,0.410000000000,0.740000000000,0.480000000000,0.740000000000,1,20.00,0,1,360
PWH,0-1,1.00,30,23,29,7,11,3,7,1,24.14,37.93,10.34,24.14,3.45,1,0.450000000000,0.760000000000,0.579000000000,0.760000000000,1,14.29,0,1,360
PWH,2+,0.25,5,28,75,15,11,38,10,1,20.00,14.67,50.67,13.33,1.33,3,0.235000000000,0.210000000000,0.330000000000,0.220000000000,1,6.67,1,0,60
PWH,2+,0.25,15,28,75,20,14,38,2,1,26.67,18.67,50.67,2.67,1.33,4,0.450000000000,0.390000000000,0.495000000000,0.390000000000,4,20.00,2,2,420
PWH,2+,0.25,30,28,75,20,14,38,2,1,26.67,18.67,50.67,2.67,1.33,9,0.555000000000,0.570000000000,0.589900000000,0.570000000000,9,45.00,2,7,660
PWH,2+,0.50,5,28,75,12,8,13,39,3,16.00,10.67,17.33,52.00,4.00,3,0.235000000000,0.210000000000,0.330000000000,0.220000000000,1,8.33,1,0,120
PWH,2+,0.50,15,28,75,23,17,13,19,3,30.67,22.67,17.33,25.33,4.00,4,0.450000000000,0.390000000000,0.495000000000,0.390000000000,4,17.39,2,2,300
PWH,2+,0.50,30,28,75,27,23,13,8,4,36.00,30.67,17.33,10.67,5.33,9,0.555000000000,0.570000000000,0.589900000000,0.570000000000,11,40.74,3,8,780
PWH,2+,1.00,5,28,75,3,3,3,63,3,4.00,4.00,4.00,84.00,4.00,3,0.235000000000,0.210000000000,0.330000000000,0.220000000000,0,0.00,0,0,
PWH,2+,1.00,15,28,75,9,10,3,49,4,12.00,13.33,4.00,65.33,5.33,4,0.450000000000,0.390000000000,0.495000000000,0.390000000000,0,0.00,0,0,
PWH,2+,1.00,30,28,75,16,13,3,38,5,21.33,17.33,4.00,50.67,6.67,9,0.555000000000,0.570000000000,0.589900000000,0.570000000000,3,18.75,1,2,780
PWH,UNKNOWN,0.25,5,0,0,0,0,0,0,0,,,,,,0,,,,,0,,0,0,
PWH,UNKNOWN,0.25,15,0,0,0,0,0,0,0,,,,,,0,,,,,0,,0,0,
PWH,UNKNOWN,0.25,30,0,0,0,0,0,0,0,,,,,,0,,,,,0,,0,0,
PWH,UNKNOWN,0.50,5,0,0,0,0,0,0,0,,,,,,0,,,,,0,,0,0,
PWH,UNKNOWN,0.50,15,0,0,0,0,0,0,0,,,,,,0,,,,,0,,0,0,
PWH,UNKNOWN,0.50,30,0,0,0,0,0,0,0,,,,,,0,,,,,0,,0,0,
PWH,UNKNOWN,1.00,5,0,0,0,0,0,0,0,,,,,,0,,,,,0,,0,0,
PWH,UNKNOWN,1.00,15,0,0,0,0,0,0,0,,,,,,0,,,,,0,,0,0,
PWH,UNKNOWN,1.00,30,0,0,0,0,0,0,0,,,,,,0,,,,,0,,0,0,
PWL,0-1,0.25,5,20,23,4,2,17,0,0,17.39,8.70,73.91,0.00,0.00,1,0.300000000000,0.395000000000,0.489500000000,0.395000000000,1,25.00,1,0,120
PWL,0-1,0.25,15,20,23,4,2,17,0,0,17.39,8.70,73.91,0.00,0.00,1,1.175000000000,0.495000000000,1.175000000000,0.495000000000,2,50.00,2,0,180
PWL,0-1,0.25,30,20,23,4,2,17,0,0,17.39,8.70,73.91,0.00,0.00,1,1.290000000000,0.725000000000,1.290000000000,0.725000000000,2,50.00,2,0,180
PWL,0-1,0.50,5,20,23,4,4,9,5,1,17.39,17.39,39.13,21.74,4.35,1,0.300000000000,0.395000000000,0.489500000000,0.395000000000,0,0.00,0,0,
PWL,0-1,0.50,15,20,23,9,4,9,0,1,39.13,17.39,39.13,0.00,4.35,1,1.175000000000,0.495000000000,1.175000000000,0.495000000000,1,11.11,1,0,60
PWL,0-1,0.50,30,20,23,9,4,9,0,1,39.13,17.39,39.13,0.00,4.35,1,1.290000000000,0.725000000000,1.290000000000,0.725000000000,4,44.44,2,2,330
PWL,0-1,1.00,5,20,23,1,4,2,15,1,4.35,17.39,8.70,65.22,4.35,1,0.300000000000,0.395000000000,0.489500000000,0.395000000000,0,0.00,0,0,
PWL,0-1,1.00,15,20,23,11,5,2,4,1,47.83,21.74,8.70,17.39,4.35,1,1.175000000000,0.495000000000,1.175000000000,0.495000000000,2,18.18,0,2,420
PWL,0-1,1.00,30,20,23,11,6,2,3,1,47.83,26.09,8.70,13.04,4.35,1,1.290000000000,0.725000000000,1.290000000000,0.725000000000,4,36.36,1,3,420
PWL,2+,0.25,5,27,67,10,6,49,2,0,14.93,8.96,73.13,2.99,0.00,0,0.455000000000,0.460000000000,0.570000000000,0.495000000000,2,20.00,2,0,180
PWL,2+,0.25,15,27,67,12,6,49,0,0,17.91,8.96,73.13,0.00,0.00,2,0.830000000000,0.650000000000,0.860000000000,0.650000000000,7,58.33,4,3,240
PWL,2+,0.25,30,27,67,12,6,49,0,0,17.91,8.96,73.13,0.00,0.00,4,0.955000000000,1.000000000000,0.955000000000,1.000000000000,7,58.33,4,3,240
PWL,2+,0.50,5,27,67,14,10,29,14,0,20.90,14.93,43.28,20.90,0.00,0,0.455000000000,0.460000000000,0.570000000000,0.495000000000,1,7.14,1,0,120
PWL,2+,0.50,15,27,67,20,16,29,2,0,29.85,23.88,43.28,2.99,0.00,2,0.830000000000,0.650000000000,0.860000000000,0.650000000000,6,30.00,3,3,300
PWL,2+,0.50,30,27,67,21,17,29,0,0,31.34,25.37,43.28,0.00,0.00,4,0.955000000000,1.000000000000,0.955000000000,1.000000000000,9,42.86,3,6,540
PWL,2+,1.00,5,27,67,8,6,4,49,0,11.94,8.96,5.97,73.13,0.00,0,0.455000000000,0.460000000000,0.570000000000,0.495000000000,0,0.00,0,0,
PWL,2+,1.00,15,27,67,20,23,4,19,1,29.85,34.33,5.97,28.36,1.49,2,0.830000000000,0.650000000000,0.860000000000,0.650000000000,3,15.00,2,1,120
PWL,2+,1.00,30,27,67,24,29,4,8,2,35.82,43.28,5.97,11.94,2.99,4,0.955000000000,1.000000000000,0.955000000000,1.000000000000,7,29.17,3,4,480
PWL,UNKNOWN,0.25,5,0,0,0,0,0,0,0,,,,,,0,,,,,0,,0,0,
PWL,UNKNOWN,0.25,15,0,0,0,0,0,0,0,,,,,,0,,,,,0,,0,0,
PWL,UNKNOWN,0.25,30,0,0,0,0,0,0,0,,,,,,0,,,,,0,,0,0,
PWL,UNKNOWN,0.50,5,0,0,0,0,0,0,0,,,,,,0,,,,,0,,0,0,
PWL,UNKNOWN,0.50,15,0,0,0,0,0,0,0,,,,,,0,,,,,0,,0,0,
PWL,UNKNOWN,0.50,30,0,0,0,0,0,0,0,,,,,,0,,,,,0,,0,0,
PWL,UNKNOWN,1.00,5,0,0,0,0,0,0,0,,,,,,0,,,,,0,,0,0,
PWL,UNKNOWN,1.00,15,0,0,0,0,0,0,0,,,,,,0,,,,,0,,0,0,
PWL,UNKNOWN,1.00,30,0,0,0,0,0,0,0,,,,,,0,,,,,0,,0,0,
1H_HIGH,0-1,0.25,5,86,196,33,19,125,19,0,16.84,9.69,63.78,9.69,0.00,3,0.297500000000,0.340000000000,0.462500000000,0.360000000000,9,27.27,9,0,120
1H_HIGH,0-1,0.25,15,86,196,42,26,125,3,0,21.43,13.27,63.78,1.53,0.00,9,0.452500000000,0.540000000000,0.610000000000,0.599500000000,19,45.24,13,6,240
1H_HIGH,0-1,0.25,30,86,196,43,28,125,0,0,21.94,14.29,63.78,0.00,0.00,12,0.631300000000,0.722500000000,0.784450000000,0.732500000000,27,62.79,14,13,300
1H_HIGH,0-1,0.50,5,86,196,28,23,69,76,0,14.29,11.73,35.20,38.78,0.00,3,0.297500000000,0.340000000000,0.462500000000,0.360000000000,2,7.14,2,0,180
1H_HIGH,0-1,0.50,15,86,196,45,47,69,33,2,22.96,23.98,35.20,16.84,1.02,9,0.452500000000,0.540000000000,0.610000000000,0.599500000000,6,13.33,5,1,180
1H_HIGH,0-1,0.50,30,86,196,48,57,69,20,2,24.49,29.08,35.20,10.20,1.02,12,0.631300000000,0.722500000000,0.784450000000,0.732500000000,16,33.33,5,11,660
1H_HIGH,0-1,1.00,5,86,196,16,14,18,146,2,8.16,7.14,9.18,74.49,1.02,3,0.297500000000,0.340000000000,0.462500000000,0.360000000000,2,12.50,2,0,150
1H_HIGH,0-1,1.00,15,86,196,43,44,18,83,8,21.94,22.45,9.18,42.35,4.08,9,0.452500000000,0.540000000000,0.610000000000,0.599500000000,8,18.60,4,4,270
1H_HIGH,0-1,1.00,30,86,196,58,53,18,59,8,29.59,27.04,9.18,30.10,4.08,12,0.631300000000,0.722500000000,0.784450000000,0.732500000000,15,25.86,4,11,660
1H_HIGH,2+,0.25,5,131,2102,467,213,1234,186,2,22.22,10.13,58.71,8.85,0.10,45,0.310000000000,0.280000000000,0.450000000000,0.300000000000,119,25.48,119,0,120
1H_HIGH,2+,0.25,15,131,2102,553,295,1234,18,2,26.31,14.03,58.71,0.86,0.10,103,0.550000000000,0.530000000000,0.630000000000,0.540000000000,273,49.37,188,85,180
1H_HIGH,2+,0.25,30,131,2102,563,300,1234,3,2,26.78,14.27,58.71,0.14,0.10,181,0.746300000000,0.715000000000,0.798000000000,0.730000000000,365,64.83,195,170,300
1H_HIGH,2+,0.50,5,131,2102,415,335,553,780,19,19.74,15.94,26.31,37.11,0.90,45,0.310000000000,0.280000000000,0.450000000000,0.300000000000,48,11.57,48,0,120
1H_HIGH,2+,0.50,15,131,2102,670,587,553,265,27,31.87,27.93,26.31,12.61,1.28,103,0.550000000000,0.530000000000,0.630000000000,0.540000000000,217,32.39,143,74,240
1H_HIGH,2+,0.50,30,131,2102,749,665,553,105,30,35.63,31.64,26.31,5.00,1.43,181,0.746300000000,0.715000000000,0.798000000000,0.730000000000,354,47.26,159,195,360
1H_HIGH,2+,1.00,5,131,2102,185,168,111,1599,39,8.80,7.99,5.28,76.07,1.86,45,0.310000000000,0.280000000000,0.450000000000,0.300000000000,8,4.32,8,0,90
1H_HIGH,2+,1.00,15,131,2102,491,484,111,945,71,23.36,23.03,5.28,44.96,3.38,103,0.550000000000,0.530000000000,0.630000000000,0.540000000000,90,18.33,51,39,300
1H_HIGH,2+,1.00,30,131,2102,688,652,111,554,97,32.73,31.02,5.28,26.36,4.61,181,0.746300000000,0.715000000000,0.798000000000,0.730000000000,180,26.16,57,123,450
1H_HIGH,UNKNOWN,0.25,5,0,0,0,0,0,0,0,,,,,,0,,,,,0,,0,0,
1H_HIGH,UNKNOWN,0.25,15,0,0,0,0,0,0,0,,,,,,0,,,,,0,,0,0,
1H_HIGH,UNKNOWN,0.25,30,0,0,0,0,0,0,0,,,,,,0,,,,,0,,0,0,
1H_HIGH,UNKNOWN,0.50,5,0,0,0,0,0,0,0,,,,,,0,,,,,0,,0,0,
1H_HIGH,UNKNOWN,0.50,15,0,0,0,0,0,0,0,,,,,,0,,,,,0,,0,0,
1H_HIGH,UNKNOWN,0.50,30,0,0,0,0,0,0,0,,,,,,0,,,,,0,,0,0,
1H_HIGH,UNKNOWN,1.00,5,0,0,0,0,0,0,0,,,,,,0,,,,,0,,0,0,
1H_HIGH,UNKNOWN,1.00,15,0,0,0,0,0,0,0,,,,,,0,,,,,0,,0,0,
1H_HIGH,UNKNOWN,1.00,30,0,0,0,0,0,0,0,,,,,,0,,,,,0,,0,0,
1H_LOW,0-1,0.25,5,77,178,36,11,129,2,0,20.22,6.18,72.47,1.12,0.00,5,0.400000000000,0.380000000000,0.565000000000,0.410000000000,8,22.22,8,0,60
1H_LOW,0-1,0.25,15,77,178,36,13,129,0,0,20.22,7.30,72.47,0.00,0.00,9,0.750000000000,0.705000000000,0.840000000000,0.752500000000,16,44.44,14,2,180
1H_LOW,0-1,0.25,30,77,178,36,13,129,0,0,20.22,7.30,72.47,0.00,0.00,16,1.015000000000,0.895000000000,1.075000000000,0.990000000000,22,61.11,14,8,270
1H_LOW,0-1,0.50,5,77,178,40,34,64,40,0,22.47,19.10,35.96,22.47,0.00,5,0.400000000000,0.380000000000,0.565000000000,0.410000000000,5,12.50,5,0,60
1H_LOW,0-1,0.50,15,77,178,54,52,64,7,1,30.34,29.21,35.96,3.93,0.56,9,0.750000000000,0.705000000000,0.840000000000,0.752500000000,13,24.07,11,2,180
1H_LOW,0-1,0.50,30,77,178,56,56,64,1,1,31.46,31.46,35.96,0.56,0.56,16,1.015000000000,0.895000000000,1.075000000000,0.990000000000,27,48.21,11,16,420
1H_LOW,0-1,1.00,5,77,178,23,16,18,121,0,12.92,8.99,10.11,67.98,0.00,5,0.400000000000,0.380000000000,0.565000000000,0.410000000000,0,0.00,0,0,
1H_LOW,0-1,1.00,15,77,178,53,49,18,57,1,29.78,27.53,10.11,32.02,0.56,9,0.750000000000,0.705000000000,0.840000000000,0.752500000000,10,18.87,4,6,360
1H_LOW,0-1,1.00,30,77,178,67,66,18,25,2,37.64,37.08,10.11,14.04,1.12,16,1.015000000000,0.895000000000,1.075000000000,0.990000000000,19,28.36,5,14,420
1H_LOW,2+,0.25,5,134,2382,442,235,1606,99,0,18.56,9.87,67.42,4.16,0.00,50,0.360000000000,0.350000000000,0.510000000000,0.370000000000,138,31.22,138,0,120
1H_LOW,2+,0.25,15,134,2382,487,279,1606,10,0,20.45,11.71,67.42,0.42,0.00,126,0.610000000000,0.640000000000,0.700000000000,0.640000000000,275,56.47,193,82,180
1H_LOW,2+,0.25,30,134,2382,492,282,1606,2,0,20.65,11.84,67.42,0.08,0.00,188,0.850000000000,0.855000000000,0.920000000000,0.860000000000,332,67.48,198,134,240
1H_LOW,2+,0.50,5,134,2382,519,412,749,684,18,21.79,17.30,31.44,28.72,0.76,50,0.360000000000,0.350000000000,0.510000000000,0.370000000000,71,13.68,71,0,120
1H_LOW,2+,0.50,15,134,2382,740,653,750,212,27,31.07,27.41,31.49,8.90,1.13,126,0.610000000000,0.640000000000,0.700000000000,0.640000000000,292,39.46,198,94,240
1H_LOW,2+,0.50,30,134,2382,817,715,750,72,28,34.30,30.02,31.49,3.02,1.18,188,0.850000000000,0.855000000000,0.920000000000,0.860000000000,415,50.80,209,206,300
1H_LOW,2+,1.00,5,134,2382,232,223,168,1723,36,9.74,9.36,7.05,72.33,1.51,50,0.360000000000,0.350000000000,0.510000000000,0.370000000000,11,4.74,11,0,120
1H_LOW,2+,1.00,15,134,2382,615,640,168,876,83,25.82,26.87,7.05,36.78,3.48,126,0.610000000000,0.640000000000,0.700000000000,0.640000000000,123,20.00,75,48,300
1H_LOW,2+,1.00,30,134,2382,842,840,168,439,93,35.35,35.26,7.05,18.43,3.90,188,0.850000000000,0.855000000000,0.920000000000,0.860000000000,244,28.98,91,153,420
1H_LOW,UNKNOWN,0.25,5,0,0,0,0,0,0,0,,,,,,0,,,,,0,,0,0,
1H_LOW,UNKNOWN,0.25,15,0,0,0,0,0,0,0,,,,,,0,,,,,0,,0,0,
1H_LOW,UNKNOWN,0.25,30,0,0,0,0,0,0,0,,,,,,0,,,,,0,,0,0,
1H_LOW,UNKNOWN,0.50,5,0,0,0,0,0,0,0,,,,,,0,,,,,0,,0,0,
1H_LOW,UNKNOWN,0.50,15,0,0,0,0,0,0,0,,,,,,0,,,,,0,,0,0,
1H_LOW,UNKNOWN,0.50,30,0,0,0,0,0,0,0,,,,,,0,,,,,0,,0,0,
1H_LOW,UNKNOWN,1.00,5,0,0,0,0,0,0,0,,,,,,0,,,,,0,,0,0,
1H_LOW,UNKNOWN,1.00,15,0,0,0,0,0,0,0,,,,,,0,,,,,0,,0,0,
1H_LOW,UNKNOWN,1.00,30,0,0,0,0,0,0,0,,,,,,0,,,,,0,,0,0,
