family,approach_role,distance,horizon,episodes,valid_next_level,no_next_level,unknown_direction,next_distance_min,next_distance_median,next_distance_max,snapshot_REACHED_FIRST,snapshot_INVALIDATED_FIRST,snapshot_AMBIGUOUS,snapshot_CENSORED,snapshot_UNRESOLVED,relative_AMBIGUOUS,relative_INVALIDATED_BEFORE_REACH,relative_NOT_REACHED_WITHIN_HORIZON,relative_NO_CONFIRMED_REJECTION,relative_NO_NEXT_LEVEL,relative_REACHED_AFTER_RECOGNITION,relative_REACHED_BEFORE_RECOGNITION,relative_SAME_MINUTE_AS_RECOGNITION_AMBIGUOUS,relative_UNKNOWN_DIRECTION
1H_HIGH,RESISTANCE_APPROACH,0.25,5,2298,2283,14,1,0.005000000000,0.300000000000,6.410000000000,179,852,1235,9,8,2,8,128,1789,14,40,91,225,1
1H_HIGH,RESISTANCE_APPROACH,0.25,15,2298,2283,14,1,0.005000000000,0.300000000000,6.410000000000,179,852,1235,9,8,2,26,127,1695,14,64,127,242,1
1H_HIGH,RESISTANCE_APPROACH,0.25,30,2298,2283,14,1,0.005000000000,0.300000000000,6.410000000000,179,852,1235,9,8,3,51,107,1684,14,65,131,242,1
1H_HIGH,RESISTANCE_APPROACH,0.50,5,2298,2283,14,1,0.005000000000,0.300000000000,6.410000000000,179,852,1235,9,8,,6,78,1844,14,30,206,119,1
1H_HIGH,RESISTANCE_APPROACH,0.50,15,2298,2283,14,1,0.005000000000,0.300000000000,6.410000000000,179,852,1235,9,8,,25,114,1575,14,53,360,156,1
1H_HIGH,RESISTANCE_APPROACH,0.50,30,2298,2283,14,1,0.005000000000,0.300000000000,6.410000000000,179,852,1235,9,8,1,56,102,1493,14,55,413,163,1
1H_HIGH,RESISTANCE_APPROACH,1.00,5,2298,2283,14,1,0.005000000000,0.300000000000,6.410000000000,179,852,1235,9,8,,1,7,2082,14,3,139,51,1
1H_HIGH,RESISTANCE_APPROACH,1.00,15,2298,2283,14,1,0.005000000000,0.300000000000,6.410000000000,179,852,1235,9,8,,7,17,1751,14,11,410,87,1
1H_HIGH,RESISTANCE_APPROACH,1.00,30,2298,2283,14,1,0.005000000000,0.300000000000,6.410000000000,179,852,1235,9,8,1,14,34,1542,14,11,581,100,1
1H_LOW,SUPPORT_APPROACH,0.25,5,2560,2556,3,1,0.000100000000,0.260000000000,6.940000000000,198,814,1535,3,6,,9,106,2078,3,40,99,224,1
1H_LOW,SUPPORT_APPROACH,0.25,15,2560,2556,3,1,0.000100000000,0.260000000000,6.940000000000,198,814,1535,3,6,,28,86,2033,3,54,126,229,1
1H_LOW,SUPPORT_APPROACH,0.25,30,2560,2556,3,1,0.000100000000,0.260000000000,6.940000000000,198,814,1535,3,6,,41,66,2028,3,62,129,230,1
1H_LOW,SUPPORT_APPROACH,0.50,5,2560,2556,3,1,0.000100000000,0.260000000000,6.940000000000,198,814,1535,3,6,1,9,79,1998,3,25,294,150,1
1H_LOW,SUPPORT_APPROACH,0.50,15,2560,2556,3,1,0.000100000000,0.260000000000,6.940000000000,198,814,1535,3,6,1,30,88,1763,3,48,450,176,1
1H_LOW,SUPPORT_APPROACH,0.50,30,2560,2556,3,1,0.000100000000,0.260000000000,6.940000000000,198,814,1535,3,6,1,56,73,1684,3,57,502,183,1
1H_LOW,SUPPORT_APPROACH,1.00,5,2560,2556,3,1,0.000100000000,0.260000000000,6.940000000000,198,814,1535,3,6,,1,26,2301,3,4,179,45,1
1H_LOW,SUPPORT_APPROACH,1.00,15,2560,2556,3,1,0.000100000000,0.260000000000,6.940000000000,198,814,1535,3,6,,11,40,1889,3,15,533,68,1
1H_LOW,SUPPORT_APPROACH,1.00,30,2560,2556,3,1,0.000100000000,0.260000000000,6.940000000000,198,814,1535,3,6,,25,39,1648,3,25,735,84,1
ORH5,RESISTANCE_APPROACH,0.25,5,439,424,13,2,0.010000000000,0.600000000000,6.060000000000,31,243,146,1,3,,1,41,342,13,4,15,21,2
ORH5,RESISTANCE_APPROACH,0.25,15,439,424,13,2,0.010000000000,0.600000000000,6.060000000000,31,243,146,1,3,,5,42,327,13,11,17,22,2
ORH5,RESISTANCE_APPROACH,0.25,30,439,424,13,2,0.010000000000,0.600000000000,6.060000000000,31,243,146,1,3,,14,34,326,13,11,17,22,2
ORH5,RESISTANCE_APPROACH,0.50,5,439,424,13,2,0.010000000000,0.600000000000,6.060000000000,31,243,146,1,3,,4,31,334,13,8,34,13,2
ORH5,RESISTANCE_APPROACH,0.50,15,439,424,13,2,0.010000000000,0.600000000000,6.060000000000,31,243,146,1,3,,13,38,285,13,15,54,19,2
ORH5,RESISTANCE_APPROACH,0.50,30,439,424,13,2,0.010000000000,0.600000000000,6.060000000000,31,243,146,1,3,,22,30,274,13,17,58,23,2
ORH5,RESISTANCE_APPROACH,1.00,5,439,424,13,2,0.010000000000,0.600000000000,6.060000000000,31,243,146,1,3,,,3,383,13,1,25,12,2
ORH5,RESISTANCE_APPROACH,1.00,15,439,424,13,2,0.010000000000,0.600000000000,6.060000000000,31,243,146,1,3,,4,13,324,13,2,57,24,2
ORH5,RESISTANCE_APPROACH,1.00,30,439,424,13,2,0.010000000000,0.600000000000,6.060000000000,31,243,146,1,3,,8,20,275,13,4,85,32,2
ORL5,SUPPORT_APPROACH,0.25,5,422,418,4,0,0.010000000000,0.615000000000,8.657600000000,45,221,147,0,5,,1,42,324,4,9,8,34,
ORL5,SUPPORT_APPROACH,0.25,15,422,418,4,0,0.010000000000,0.615000000000,8.657600000000,45,221,147,0,5,,5,38,315,4,16,9,35,
ORL5,SUPPORT_APPROACH,0.25,30,422,418,4,0,0.010000000000,0.615000000000,8.657600000000,45,221,147,0,5,,8,35,314,4,17,9,35,
ORL5,SUPPORT_APPROACH,0.50,5,422,418,4,0,0.010000000000,0.615000000000,8.657600000000,45,221,147,0,5,,2,40,319,4,5,31,21,
ORL5,SUPPORT_APPROACH,0.50,15,422,418,4,0,0.010000000000,0.615000000000,8.657600000000,45,221,147,0,5,,17,43,271,4,15,43,29,
ORL5,SUPPORT_APPROACH,0.50,30,422,418,4,0,0.010000000000,0.615000000000,8.657600000000,45,221,147,0,5,,28,37,260,4,18,46,29,
ORL5,SUPPORT_APPROACH,1.00,5,422,418,4,0,0.010000000000,0.615000000000,8.657600000000,45,221,147,0,5,,1,3,380,4,1,21,12,
ORL5,SUPPORT_APPROACH,1.00,15,422,418,4,0,0.010000000000,0.615000000000,8.657600000000,45,221,147,0,5,,6,12,303,4,3,71,23,
ORL5,SUPPORT_APPROACH,1.00,30,422,418,4,0,0.010000000000,0.615000000000,8.657600000000,45,221,147,0,5,,10,10,276,4,4,90,28,
PDH,RESISTANCE_APPROACH,0.25,5,233,224,9,0,0.010000000000,0.342500000000,6.880000000000,15,104,102,1,2,,,12,186,9,3,7,16,
PDH,RESISTANCE_APPROACH,0.25,15,233,224,9,0,0.010000000000,0.342500000000,6.880000000000,15,104,102,1,2,,4,14,177,9,3,9,17,
PDH,RESISTANCE_APPROACH,0.25,30,233,224,9,0,0.010000000000,0.342500000000,6.880000000000,15,104,102,1,2,,6,11,175,9,4,11,17,
PDH,RESISTANCE_APPROACH,0.50,5,233,224,9,0,0.010000000000,0.342500000000,6.880000000000,15,104,102,1,2,,,8,181,9,1,25,9,
PDH,RESISTANCE_APPROACH,0.50,15,233,224,9,0,0.010000000000,0.342500000000,6.880000000000,15,104,102,1,2,,2,12,169,9,1,31,9,
PDH,RESISTANCE_APPROACH,0.50,30,233,224,9,0,0.010000000000,0.342500000000,6.880000000000,15,104,102,1,2,,4,12,155,9,1,40,12,
PDH,RESISTANCE_APPROACH,1.00,5,233,224,9,0,0.010000000000,0.342500000000,6.880000000000,15,104,102,1,2,,,,210,9,,9,5,
PDH,RESISTANCE_APPROACH,1.00,15,233,224,9,0,0.010000000000,0.342500000000,6.880000000000,15,104,102,1,2,,,2,184,9,,33,5,
PDH,RESISTANCE_APPROACH,1.00,30,233,224,9,0,0.010000000000,0.342500000000,6.880000000000,15,104,102,1,2,,2,6,162,9,,47,7,
PDL,SUPPORT_APPROACH,0.25,5,213,209,4,0,0.005000000000,0.440000000000,6.020000000000,19,103,84,0,3,,2,20,158,4,6,11,12,
PDL,SUPPORT_APPROACH,0.25,15,213,209,4,0,0.005000000000,0.440000000000,6.020000000000,19,103,84,0,3,,2,17,156,4,11,11,12,
PDL,SUPPORT_APPROACH,0.25,30,213,209,4,0,0.005000000000,0.440000000000,6.020000000000,19,103,84,0,3,,6,14,155,4,11,11,12,
PDL,SUPPORT_APPROACH,0.50,5,213,209,4,0,0.005000000000,0.440000000000,6.020000000000,19,103,84,0,3,,2,14,165,4,4,16,8,
PDL,SUPPORT_APPROACH,0.50,15,213,209,4,0,0.005000000000,0.440000000000,6.020000000000,19,103,84,0,3,,4,15,141,4,6,30,13,
PDL,SUPPORT_APPROACH,0.50,30,213,209,4,0,0.005000000000,0.440000000000,6.020000000000,19,103,84,0,3,,10,10,136,4,7,32,14,
PDL,SUPPORT_APPROACH,1.00,5,213,209,4,0,0.005000000000,0.440000000000,6.020000000000,19,103,84,0,3,,,5,186,4,1,11,6,
PDL,SUPPORT_APPROACH,1.00,15,213,209,4,0,0.005000000000,0.440000000000,6.020000000000,19,103,84,0,3,,1,8,159,4,3,29,9,
PDL,SUPPORT_APPROACH,1.00,30,213,209,4,0,0.005000000000,0.440000000000,6.020000000000,19,103,84,0,3,,6,5,140,4,3,44,11,
PMH,RESISTANCE_APPROACH,0.25,5,3,3,0,0,0.110000000000,0.110000000000,0.160000000000,0,0,3,0,0,,,,2,,,,1,
PMH,RESISTANCE_APPROACH,0.25,15,3,3,0,0,0.110000000000,0.110000000000,0.160000000000,0,0,3,0,0,,,,2,,,,1,
PMH,RESISTANCE_APPROACH,0.25,30,3,3,0,0,0.110000000000,0.110000000000,0.160000000000,0,0,3,0,0,,,,2,,,,1,
PMH,RESISTANCE_APPROACH,0.50,5,3,3,0,0,0.110000000000,0.110000000000,0.160000000000,0,0,3,0,0,,,,1,,,2,,
PMH,RESISTANCE_APPROACH,0.50,15,3,3,0,0,0.110000000000,0.110000000000,0.160000000000,0,0,3,0,0,,,,1,,,2,,
PMH,RESISTANCE_APPROACH,0.50,30,3,3,0,0,0.110000000000,0.110000000000,0.160000000000,0,0,3,0,0,,,,1,,,2,,
PMH,RESISTANCE_APPROACH,1.00,5,3,3,0,0,0.110000000000,0.110000000000,0.160000000000,0,0,3,0,0,,,,2,,,1,,
PMH,RESISTANCE_APPROACH,1.00,15,3,3,0,0,0.110000000000,0.110000000000,0.160000000000,0,0,3,0,0,,,,1,,,2,,
PMH,RESISTANCE_APPROACH,1.00,30,3,3,0,0,0.110000000000,0.110000000000,0.160000000000,0,0,3,0,0,,,,,,,3,,
PML,SUPPORT_APPROACH,0.25,5,8,7,1,0,0.240000000000,0.700000000000,2.240000000000,0,4,3,0,0,,,1,6,1,,,,
PML,SUPPORT_APPROACH,0.25,15,8,7,1,0,0.240000000000,0.700000000000,2.240000000000,0,4,3,0,0,,,1,6,1,,,,
PML,SUPPORT_APPROACH,0.25,30,8,7,1,0,0.240000000000,0.700000000000,2.240000000000,0,4,3,0,0,,1,,6,1,,,,
PML,SUPPORT_APPROACH,0.50,5,8,7,1,0,0.240000000000,0.700000000000,2.240000000000,0,4,3,0,0,,,,7,1,,,,
PML,SUPPORT_APPROACH,0.50,15,8,7,1,0,0.240000000000,0.700000000000,2.240000000000,0,4,3,0,0,,,,6,1,,1,,
PML,SUPPORT_APPROACH,0.50,30,8,7,1,0,0.240000000000,0.700000000000,2.240000000000,0,4,3,0,0,,1,,5,1,,1,,
PML,SUPPORT_APPROACH,1.00,5,8,7,1,0,0.240000000000,0.700000000000,2.240000000000,0,4,3,0,0,,,1,5,1,,1,,
PML,SUPPORT_APPROACH,1.00,15,8,7,1,0,0.240000000000,0.700000000000,2.240000000000,0,4,3,0,0,,,1,5,1,,1,,
PML,SUPPORT_APPROACH,1.00,30,8,7,1,0,0.240000000000,0.700000000000,2.240000000000,0,4,3,0,0,,,1,4,1,,2,,
PWH,RESISTANCE_APPROACH,0.25,5,104,98,6,0,0.030000000000,0.535000000000,2.570000000000,11,48,39,0,0,,1,8,80,6,2,4,3,
PWH,RESISTANCE_APPROACH,0.25,15,104,98,6,0,0.030000000000,0.535000000000,2.570000000000,11,48,39,0,0,,4,9,72,6,5,5,3,
PWH,RESISTANCE_APPROACH,0.25,30,104,98,6,0,0.030000000000,0.535000000000,2.570000000000,11,48,39,0,0,,5,8,72,6,5,5,3,
PWH,RESISTANCE_APPROACH,0.50,5,104,98,6,0,0.030000000000,0.535000000000,2.570000000000,11,48,39,0,0,,,4,82,6,2,8,2,
PWH,RESISTANCE_APPROACH,0.50,15,104,98,6,0,0.030000000000,0.535000000000,2.570000000000,11,48,39,0,0,,,6,72,6,4,13,3,
PWH,RESISTANCE_APPROACH,0.50,30,104,98,6,0,0.030000000000,0.535000000000,2.570000000000,11,48,39,0,0,,1,7,66,6,4,16,4,
PWH,RESISTANCE_APPROACH,1.00,5,104,98,6,0,0.030000000000,0.535000000000,2.570000000000,11,48,39,0,0,,,,95,6,,1,2,
PWH,RESISTANCE_APPROACH,1.00,15,104,98,6,0,0.030000000000,0.535000000000,2.570000000000,11,48,39,0,0,,,,85,6,,10,3,
PWH,RESISTANCE_APPROACH,1.00,30,104,98,6,0,0.030000000000,0.535000000000,2.570000000000,11,48,39,0,0,,,1,76,6,,17,4,
PWL,SUPPORT_APPROACH,0.25,5,90,89,1,0,0.010000000000,0.371000000000,2.030000000000,7,36,45,1,0,,,5,75,1,1,5,3,
PWL,SUPPORT_APPROACH,0.25,15,90,89,1,0,0.010000000000,0.371000000000,2.030000000000,7,36,45,1,0,,,4,73,1,2,6,4,
PWL,SUPPORT_APPROACH,0.25,30,90,89,1,0,0.010000000000,0.371000000000,2.030000000000,7,36,45,1,0,,,2,73,1,4,6,4,
PWL,SUPPORT_APPROACH,0.50,5,90,89,1,0,0.010000000000,0.371000000000,2.030000000000,7,36,45,1,0,,,5,72,1,1,8,3,
PWL,SUPPORT_APPROACH,0.50,15,90,89,1,0,0.010000000000,0.371000000000,2.030000000000,7,36,45,1,0,,1,8,61,1,3,13,3,
PWL,SUPPORT_APPROACH,0.50,30,90,89,1,0,0.010000000000,0.371000000000,2.030000000000,7,36,45,1,0,,3,4,60,1,5,14,3,
PWL,SUPPORT_APPROACH,1.00,5,90,89,1,0,0.010000000000,0.371000000000,2.030000000000,7,36,45,1,0,,,2,80,1,,4,3,
PWL,SUPPORT_APPROACH,1.00,15,90,89,1,0,0.010000000000,0.371000000000,2.030000000000,7,36,45,1,0,,,7,59,1,2,17,4,
PWL,SUPPORT_APPROACH,1.00,30,90,89,1,0,0.010000000000,0.371000000000,2.030000000000,7,36,45,1,0,,2,3,55,1,4,21,4,
