family,observed_lifetime_touch,distance,horizon,contributing_sessions,episodes,REJECTION_FIRST_n,CONTINUATION_FIRST_n,AMBIGUOUS_n,UNRESOLVED_n,CENSORED_n,REJECTION_FIRST_pct,CONTINUATION_FIRST_pct,AMBIGUOUS_pct,UNRESOLVED_pct,CENSORED_pct,horizon_censored_flag_n,median_mfe_lower_bound,median_mae_lower_bound,median_mfe_envelope_upper,median_mae_envelope_upper,reclaim_n,reclaim_pct_of_rejection_first,quick_reclaim_n,later_reclaim_n,median_time_to_reclaim_seconds
ALL,1,0.25,5,170,737,121,49,537,30,0,16.42,6.65,72.86,4.07,0.00,10,0.370000000000,0.380000000000,0.550000000000,0.410000000000,39,32.23,39,0,120
ALL,1,0.25,15,170,737,138,59,537,3,0,18.72,8.01,72.86,0.41,0.00,20,0.660000000000,0.700000000000,0.795000000000,0.730000000000,70,50.72,52,18,180
ALL,1,0.25,30,170,737,139,61,537,0,0,18.86,8.28,72.86,0.00,0.00,29,0.950000000000,0.880000000000,1.040000000000,0.900000000000,90,64.75,53,37,240
ALL,1,0.50,5,170,737,163,127,268,177,2,22.12,17.23,36.36,24.02,0.27,10,0.370000000000,0.380000000000,0.550000000000,0.410000000000,31,19.02,31,0,120
ALL,1,0.50,15,170,737,216,193,269,53,6,29.31,26.19,36.50,7.19,0.81,20,0.660000000000,0.700000000000,0.795000000000,0.730000000000,74,34.26,58,16,180
ALL,1,0.50,30,170,737,230,211,269,21,6,31.21,28.63,36.50,2.85,0.81,29,0.950000000000,0.880000000000,1.040000000000,0.900000000000,117,50.87,61,56,300
ALL,1,1.00,5,170,737,91,70,69,504,3,12.35,9.50,9.36,68.39,0.41,10,0.370000000000,0.380000000000,0.550000000000,0.410000000000,10,10.99,10,0,120
ALL,1,1.00,15,170,737,220,208,69,230,10,29.85,28.22,9.36,31.21,1.36,20,0.660000000000,0.700000000000,0.795000000000,0.730000000000,51,23.18,26,25,300
ALL,1,1.00,30,170,737,265,268,69,124,11,35.96,36.36,9.36,16.82,1.49,29,0.950000000000,0.880000000000,1.040000000000,0.900000000000,87,32.83,31,56,420
ALL,2,0.25,5,52,68,17,8,42,1,0,25.00,11.76,61.76,1.47,0.00,1,0.357500000000,0.427500000000,0.535000000000,0.435000000000,5,29.41,5,0,60
ALL,2,0.25,15,52,68,18,8,42,0,0,26.47,11.76,61.76,0.00,0.00,2,0.715000000000,0.504850000000,0.780000000000,0.504850000000,9,50.00,5,4,120
ALL,2,0.25,30,52,68,18,8,42,0,0,26.47,11.76,61.76,0.00,0.00,3,1.000000000000,0.752500000000,1.000000000000,0.752500000000,11,61.11,5,6,360
ALL,2,0.50,5,52,68,11,11,24,22,0,16.18,16.18,35.29,32.35,0.00,1,0.357500000000,0.427500000000,0.535000000000,0.435000000000,0,0.00,0,0,
ALL,2,0.50,15,52,68,19,17,24,8,0,27.94,25.00,35.29,11.76,0.00,2,0.715000000000,0.504850000000,0.780000000000,0.504850000000,2,10.53,1,1,300
ALL,2,0.50,30,52,68,22,20,24,2,0,32.35,29.41,35.29,2.94,0.00,3,1.000000000000,0.752500000000,1.000000000000,0.752500000000,4,18.18,2,2,300
ALL,2,1.00,5,52,68,6,8,3,50,1,8.82,11.76,4.41,73.53,1.47,1,0.357500000000,0.427500000000,0.535000000000,0.435000000000,0,0.00,0,0,
ALL,2,1.00,15,52,68,21,17,3,26,1,30.88,25.00,4.41,38.24,1.47,2,0.715000000000,0.504850000000,0.780000000000,0.504850000000,3,14.29,2,1,180
ALL,2,1.00,30,52,68,30,21,3,13,1,44.12,30.88,4.41,19.12,1.47,3,1.000000000000,0.752500000000,1.000000000000,0.752500000000,5,16.67,2,3,480
ALL,3-5,0.25,5,95,185,49,18,111,7,0,26.49,9.73,60.00,3.78,0.00,5,0.300000000000,0.330000000000,0.420000000000,0.340000000000,16,32.65,16,0,60
ALL,3-5,0.25,15,95,185,52,19,111,3,0,28.11,10.27,60.00,1.62,0.00,8,0.600000000000,0.525000000000,0.640000000000,0.560000000000,24,46.15,18,6,120
ALL,3-5,0.25,30,95,185,52,22,111,0,0,28.11,11.89,60.00,0.00,0.00,9,0.800000000000,0.710000000000,0.812500000000,0.715000000000,32,61.54,18,14,180
ALL,3-5,0.50,5,95,185,33,32,48,69,3,17.84,17.30,25.95,37.30,1.62,5,0.300000000000,0.330000000000,0.420000000000,0.340000000000,6,18.18,6,0,90
ALL,3-5,0.50,15,95,185,57,57,48,19,4,30.81,30.81,25.95,10.27,2.16,8,0.600000000000,0.525000000000,0.640000000000,0.560000000000,11,19.30,9,2,180
ALL,3-5,0.50,30,95,185,63,62,48,8,4,34.05,33.51,25.95,4.32,2.16,9,0.800000000000,0.710000000000,0.812500000000,0.715000000000,26,41.27,13,13,360
ALL,3-5,1.00,5,95,185,16,15,10,140,4,8.65,8.11,5.41,75.68,2.16,5,0.300000000000,0.330000000000,0.420000000000,0.340000000000,1,6.25,1,0,60
ALL,3-5,1.00,15,95,185,43,35,10,90,7,23.24,18.92,5.41,48.65,3.78,8,0.600000000000,0.525000000000,0.640000000000,0.560000000000,5,11.63,3,2,180
ALL,3-5,1.00,30,95,185,62,50,10,56,7,33.51,27.03,5.41,30.27,3.78,9,0.800000000000,0.710000000000,0.812500000000,0.715000000000,16,25.81,5,11,450
ALL,6-10,0.25,5,130,307,61,28,198,20,0,19.87,9.12,64.50,6.51,0.00,4,0.380000000000,0.290000000000,0.500000000000,0.310000000000,8,13.11,8,0,60
ALL,6-10,0.25,15,130,307,70,39,198,0,0,22.80,12.70,64.50,0.00,0.00,8,0.575000000000,0.575000000000,0.650000000000,0.590000000000,30,42.86,17,13,300
ALL,6-10,0.25,30,130,307,70,39,198,0,0,22.80,12.70,64.50,0.00,0.00,9,0.740000000000,0.770000000000,0.835000000000,0.799300000000,39,55.71,17,22,360
ALL,6-10,0.50,5,130,307,75,39,87,106,0,24.43,12.70,28.34,34.53,0.00,4,0.380000000000,0.290000000000,0.500000000000,0.310000000000,6,8.00,6,0,120
ALL,6-10,0.50,15,130,307,111,79,87,29,1,36.16,25.73,28.34,9.45,0.33,8,0.575000000000,0.575000000000,0.650000000000,0.590000000000,42,37.84,26,16,240
ALL,6-10,0.50,30,130,307,120,89,87,10,1,39.09,28.99,28.34,3.26,0.33,9,0.740000000000,0.770000000000,0.835000000000,0.799300000000,62,51.67,26,36,420
ALL,6-10,1.00,5,130,307,22,25,21,238,1,7.17,8.14,6.84,77.52,0.33,4,0.380000000000,0.290000000000,0.500000000000,0.310000000000,0,0.00,0,0,
ALL,6-10,1.00,15,130,307,72,73,21,136,5,23.45,23.78,6.84,44.30,1.63,8,0.575000000000,0.575000000000,0.650000000000,0.590000000000,13,18.06,7,6,300
ALL,6-10,1.00,30,130,307,100,102,21,79,5,32.57,33.22,6.84,25.73,1.63,9,0.740000000000,0.770000000000,0.835000000000,0.799300000000,34,34.00,10,24,480
ALL,11+,0.25,5,165,5073,1037,529,3147,356,4,20.44,10.43,62.03,7.02,0.08,104,0.330000000000,0.310000000000,0.470000000000,0.323600000000,286,27.58,286,0,120
ALL,11+,0.25,15,165,5073,1194,692,3147,36,4,23.54,13.64,62.03,0.71,0.08,262,0.560000000000,0.560000000000,0.650000000000,0.570000000000,627,52.51,433,194,180
ALL,11+,0.25,30,165,5073,1214,699,3147,9,4,23.93,13.78,62.03,0.18,0.08,429,0.770000000000,0.760000000000,0.830000000000,0.770000000000,794,65.40,447,347,300
ALL,11+,0.50,5,165,5073,1044,853,1411,1722,43,20.58,16.81,27.81,33.94,0.85,104,0.330000000000,0.310000000000,0.470000000000,0.323600000000,128,12.26,128,0,120
ALL,11+,0.50,15,165,5073,1590,1433,1412,574,64,31.34,28.25,27.83,11.31,1.26,262,0.560000000000,0.560000000000,0.650000000000,0.570000000000,561,35.28,367,194,240
ALL,11+,0.50,30,165,5073,1768,1609,1412,214,70,34.85,31.72,27.83,4.22,1.38,429,0.770000000000,0.760000000000,0.830000000000,0.770000000000,856,48.42,395,461,360
ALL,11+,1.00,5,165,5073,452,425,297,3815,84,8.91,8.38,5.85,75.20,1.66,104,0.330000000000,0.310000000000,0.470000000000,0.323600000000,19,4.20,19,0,120
ALL,11+,1.00,15,165,5073,1208,1237,297,2148,183,23.81,24.38,5.85,42.34,3.61,262,0.560000000000,0.560000000000,0.650000000000,0.570000000000,218,18.05,128,90,300
ALL,11+,1.00,30,165,5073,1697,1660,297,1189,230,33.45,32.72,5.85,23.44,4.53,429,0.770000000000,0.760000000000,0.830000000000,0.770000000000,451,26.58,155,296,480
PDH,1,0.25,5,86,86,11,9,62,4,0,12.79,10.47,72.09,4.65,0.00,0,0.302500000000,0.452500000000,0.540000000000,0.455000000000,5,45.45,5,0,120
PDH,1,0.25,15,86,86,14,10,62,0,0,16.28,11.63,72.09,0.00,0.00,1,0.515000000000,0.682500000000,0.659900000000,0.730000000000,6,42.86,5,1,150
PDH,1,0.25,30,86,86,14,10,62,0,0,16.28,11.63,72.09,0.00,0.00,1,0.675000000000,1.025000000000,0.922500000000,1.025000000000,8,57.14,5,3,180
PDH,1,0.50,5,86,86,16,12,36,22,0,18.60,13.95,41.86,25.58,0.00,0,0.302500000000,0.452500000000,0.540000000000,0.455000000000,2,12.50,2,0,150
PDH,1,0.50,15,86,86,18,23,36,8,1,20.93,26.74,41.86,9.30,1.16,1,0.515000000000,0.682500000000,0.659900000000,0.730000000000,5,27.78,3,2,300
PDH,1,0.50,30,86,86,22,25,36,2,1,25.58,29.07,41.86,2.33,1.16,1,0.675000000000,1.025000000000,0.922500000000,1.025000000000,8,36.36,4,4,330
PDH,1,1.00,5,86,86,6,7,11,62,0,6.98,8.14,12.79,72.09,0.00,0,0.302500000000,0.452500000000,0.540000000000,0.455000000000,1,16.67,1,0,120
PDH,1,1.00,15,86,86,21,22,11,31,1,24.42,25.58,12.79,36.05,1.16,1,0.515000000000,0.682500000000,0.659900000000,0.730000000000,6,28.57,3,3,300
PDH,1,1.00,30,86,86,27,33,11,14,1,31.40,38.37,12.79,16.28,1.16,1,0.675000000000,1.025000000000,0.922500000000,1.025000000000,8,29.63,4,4,330
PDH,2,0.25,5,6,6,2,0,4,0,0,33.33,0.00,66.67,0.00,0.00,0,0.333750000000,0.500000000000,0.447500000000,0.500000000000,1,50.00,1,0,60
PDH,2,0.25,15,6,6,2,0,4,0,0,33.33,0.00,66.67,0.00,0.00,0,0.890000000000,0.500000000000,0.890000000000,0.500000000000,2,100.00,1,1,210
PDH,2,0.25,30,6,6,2,0,4,0,0,33.33,0.00,66.67,0.00,0.00,0,1.260000000000,0.500000000000,1.260000000000,0.500000000000,2,100.00,1,1,210
PDH,2,0.50,5,6,6,1,2,1,2,0,16.67,33.33,16.67,33.33,0.00,0,0.333750000000,0.500000000000,0.447500000000,0.500000000000,0,0.00,0,0,
PDH,2,0.50,15,6,6,2,2,1,1,0,33.33,33.33,16.67,16.67,0.00,0,0.890000000000,0.500000000000,0.890000000000,0.500000000000,0,0.00,0,0,
PDH,2,0.50,30,6,6,2,2,1,1,0,33.33,33.33,16.67,16.67,0.00,0,1.260000000000,0.500000000000,1.260000000000,0.500000000000,0,0.00,0,0,
PDH,2,1.00,5,6,6,0,1,0,5,0,0.00,16.67,0.00,83.33,0.00,0,0.333750000000,0.500000000000,0.447500000000,0.500000000000,0,,0,0,
PDH,2,1.00,15,6,6,2,1,0,3,0,33.33,16.67,0.00,50.00,0.00,0,0.890000000000,0.500000000000,0.890000000000,0.500000000000,1,50.00,1,0,180
PDH,2,1.00,30,6,6,4,1,0,1,0,66.67,16.67,0.00,16.67,0.00,0,1.260000000000,0.500000000000,1.260000000000,0.500000000000,1,25.00,1,0,180
PDH,3-5,0.25,5,18,20,4,2,13,1,0,20.00,10.00,65.00,5.00,0.00,1,0.148550000000,0.372450000000,0.432500000000,0.372450000000,2,50.00,2,0,180
PDH,3-5,0.25,15,18,20,4,2,13,1,0,20.00,10.00,65.00,5.00,0.00,1,0.283050000000,0.695000000000,0.452500000000,0.695000000000,2,50.00,2,0,180
PDH,3-5,0.25,30,18,20,4,3,13,0,0,20.00,15.00,65.00,0.00,0.00,1,0.650000000000,0.767500000000,0.695000000000,0.767500000000,2,50.00,2,0,180
PDH,3-5,0.50,5,18,20,4,4,5,6,1,20.00,20.00,25.00,30.00,5.00,1,0.148550000000,0.372450000000,0.432500000000,0.372450000000,2,50.00,2,0,120
PDH,3-5,0.50,15,18,20,4,8,5,2,1,20.00,40.00,25.00,10.00,5.00,1,0.283050000000,0.695000000000,0.452500000000,0.695000000000,3,75.00,3,0,180
PDH,3-5,0.50,30,18,20,4,9,5,1,1,20.00,45.00,25.00,5.00,5.00,1,0.650000000000,0.767500000000,0.695000000000,0.767500000000,3,75.00,3,0,180
PDH,3-5,1.00,5,18,20,1,1,2,15,1,5.00,5.00,10.00,75.00,5.00,1,0.148550000000,0.372450000000,0.432500000000,0.372450000000,1,100.00,1,0,60
PDH,3-5,1.00,15,18,20,3,5,2,9,1,15.00,25.00,10.00,45.00,5.00,1,0.283050000000,0.695000000000,0.452500000000,0.695000000000,1,33.33,1,0,60
PDH,3-5,1.00,30,18,20,3,7,2,7,1,15.00,35.00,10.00,35.00,5.00,1,0.650000000000,0.767500000000,0.695000000000,0.767500000000,1,33.33,1,0,60
PDH,6-10,0.25,5,23,23,6,1,13,3,0,26.09,4.35,56.52,13.04,0.00,0,0.330000000000,0.299600000000,0.455000000000,0.299600000000,1,16.67,1,0,60
PDH,6-10,0.25,15,23,23,8,2,13,0,0,34.78,8.70,56.52,0.00,0.00,0,0.555000000000,0.500000000000,0.620000000000,0.500000000000,4,50.00,1,3,420
PDH,6-10,0.25,30,23,23,8,2,13,0,0,34.78,8.70,56.52,0.00,0.00,0,0.860000000000,0.680000000000,0.860000000000,0.680000000000,4,50.00,1,3,420
PDH,6-10,0.50,5,23,23,6,2,5,10,0,26.09,8.70,21.74,43.48,0.00,0,0.330000000000,0.299600000000,0.455000000000,0.299600000000,1,16.67,1,0,60
PDH,6-10,0.50,15,23,23,10,6,5,2,0,43.48,26.09,21.74,8.70,0.00,0,0.555000000000,0.500000000000,0.620000000000,0.500000000000,5,50.00,4,1,240
PDH,6-10,0.50,30,23,23,11,6,5,1,0,47.83,26.09,21.74,4.35,0.00,0,0.860000000000,0.680000000000,0.860000000000,0.680000000000,7,63.64,4,3,300
PDH,6-10,1.00,5,23,23,1,1,3,18,0,4.35,4.35,13.04,78.26,0.00,0,0.330000000000,0.299600000000,0.455000000000,0.299600000000,0,0.00,0,0,
PDH,6-10,1.00,15,23,23,2,4,3,14,0,8.70,17.39,13.04,60.87,0.00,0,0.555000000000,0.500000000000,0.620000000000,0.500000000000,1,50.00,0,1,660
PDH,6-10,1.00,30,23,23,5,6,3,9,0,21.74,26.09,13.04,39.13,0.00,0,0.860000000000,0.680000000000,0.860000000000,0.680000000000,3,60.00,1,2,360
PDH,11+,0.25,5,42,98,17,13,50,17,1,17.35,13.27,51.02,17.35,1.02,1,0.237500000000,0.192550000000,0.352500000000,0.220000000000,3,17.65,3,0,60
PDH,11+,0.25,15,42,98,22,22,50,3,1,22.45,22.45,51.02,3.06,1.02,7,0.350000000000,0.417500000000,0.455000000000,0.417500000000,10,45.45,7,3,180
PDH,11+,0.25,30,42,98,24,22,50,1,1,24.49,22.45,51.02,1.02,1.02,12,0.497500000000,0.540000000000,0.555000000000,0.540000000000,12,50.00,8,4,180
PDH,11+,0.50,5,42,98,20,16,18,43,1,20.41,16.33,18.37,43.88,1.02,1,0.237500000000,0.192550000000,0.352500000000,0.220000000000,3,15.00,3,0,60
PDH,11+,0.50,15,42,98,26,29,18,23,2,26.53,29.59,18.37,23.47,2.04,7,0.350000000000,0.417500000000,0.455000000000,0.417500000000,7,26.92,5,2,120
PDH,11+,0.50,30,42,98,35,34,18,9,2,35.71,34.69,18.37,9.18,2.04,12,0.497500000000,0.540000000000,0.555000000000,0.540000000000,11,31.43,5,6,420
PDH,11+,1.00,5,42,98,6,7,3,81,1,6.12,7.14,3.06,82.65,1.02,1,0.237500000000,0.192550000000,0.352500000000,0.220000000000,0,0.00,0,0,
PDH,11+,1.00,15,42,98,14,19,3,56,6,14.29,19.39,3.06,57.14,6.12,7,0.350000000000,0.417500000000,0.455000000000,0.417500000000,1,7.14,1,0,300
PDH,11+,1.00,30,42,98,27,27,3,34,7,27.55,27.55,3.06,34.69,7.14,12,0.497500000000,0.540000000000,0.555000000000,0.540000000000,1,3.70,1,0,300
PDL,1,0.25,5,66,66,10,1,55,0,0,15.15,1.52,83.33,0.00,0.00,0,0.454950000000,0.447600000000,0.770000000000,0.471200000000,3,30.00,3,0,60
PDL,1,0.25,15,66,66,10,1,55,0,0,15.15,1.52,83.33,0.00,0.00,0,1.007500000000,0.705000000000,1.040000000000,0.705000000000,6,60.00,5,1,150
PDL,1,0.25,30,66,66,10,1,55,0,0,15.15,1.52,83.33,0.00,0.00,1,1.372500000000,0.972500000000,1.372500000000,0.972500000000,8,80.00,5,3,270
PDL,1,0.50,5,66,66,18,13,30,5,0,27.27,19.70,45.45,7.58,0.00,0,0.454950000000,0.447600000000,0.770000000000,0.471200000000,3,16.67,3,0,180
PDL,1,0.50,15,66,66,21,13,30,2,0,31.82,19.70,45.45,3.03,0.00,0,1.007500000000,0.705000000000,1.040000000000,0.705000000000,3,14.29,3,0,180
PDL,1,0.50,30,66,66,22,13,30,1,0,33.33,19.70,45.45,1.52,0.00,1,1.372500000000,0.972500000000,1.372500000000,0.972500000000,10,45.45,4,6,660
PDL,1,1.00,5,66,66,11,9,8,38,0,16.67,13.64,12.12,57.58,0.00,0,0.454950000000,0.447600000000,0.770000000000,0.471200000000,2,18.18,2,0,150
PDL,1,1.00,15,66,66,25,22,8,11,0,37.88,33.33,12.12,16.67,0.00,0,1.007500000000,0.705000000000,1.040000000000,0.705000000000,5,20.00,4,1,180
PDL,1,1.00,30,66,66,26,26,8,6,0,39.39,39.39,12.12,9.09,0.00,1,1.372500000000,0.972500000000,1.372500000000,0.972500000000,10,38.46,4,6,360
PDL,2,0.25,5,7,7,1,2,4,0,0,14.29,28.57,57.14,0.00,0.00,0,0.360000000000,0.310000000000,0.560000000000,0.310000000000,0,0.00,0,0,
PDL,2,0.25,15,7,7,1,2,4,0,0,14.29,28.57,57.14,0.00,0.00,0,0.740000000000,0.480000000000,0.780000000000,0.480000000000,1,100.00,0,1,600
PDL,2,0.25,30,7,7,1,2,4,0,0,14.29,28.57,57.14,0.00,0.00,0,1.000000000000,1.260000000000,1.000000000000,1.260000000000,1,100.00,0,1,600
PDL,2,0.50,5,7,7,0,0,4,3,0,0.00,0.00,57.14,42.86,0.00,0,0.360000000000,0.310000000000,0.560000000000,0.310000000000,0,,0,0,
PDL,2,0.50,15,7,7,2,0,4,1,0,28.57,0.00,57.14,14.29,0.00,0,0.740000000000,0.480000000000,0.780000000000,0.480000000000,0,0.00,0,0,
PDL,2,0.50,30,7,7,2,1,4,0,0,28.57,14.29,57.14,0.00,0.00,0,1.000000000000,1.260000000000,1.000000000000,1.260000000000,0,0.00,0,0,
PDL,2,1.00,5,7,7,1,1,0,5,0,14.29,14.29,0.00,71.43,0.00,0,0.360000000000,0.310000000000,0.560000000000,0.310000000000,0,0.00,0,0,
PDL,2,1.00,15,7,7,2,2,0,3,0,28.57,28.57,0.00,42.86,0.00,0,0.740000000000,0.480000000000,0.780000000000,0.480000000000,1,50.00,0,1,480
PDL,2,1.00,30,7,7,3,3,0,1,0,42.86,42.86,0.00,14.29,0.00,0,1.000000000000,1.260000000000,1.000000000000,1.260000000000,1,33.33,0,1,480
PDL,3-5,0.25,5,14,14,4,3,7,0,0,28.57,21.43,50.00,0.00,0.00,0,0.245000000000,0.360000000000,0.322450000000,0.360000000000,2,50.00,2,0,90
PDL,3-5,0.25,15,14,14,4,3,7,0,0,28.57,21.43,50.00,0.00,0.00,1,0.682500000000,0.585000000000,0.682500000000,0.585000000000,3,75.00,2,1,120
PDL,3-5,0.25,30,14,14,4,3,7,0,0,28.57,21.43,50.00,0.00,0.00,1,0.775000000000,0.905000000000,0.775000000000,0.905000000000,4,100.00,2,2,270
PDL,3-5,0.50,5,14,14,2,5,2,5,0,14.29,35.71,14.29,35.71,0.00,0,0.245000000000,0.360000000000,0.322450000000,0.360000000000,0,0.00,0,0,
PDL,3-5,0.50,15,14,14,5,7,2,0,0,35.71,50.00,14.29,0.00,0.00,1,0.682500000000,0.585000000000,0.682500000000,0.585000000000,0,0.00,0,0,
PDL,3-5,0.50,30,14,14,5,7,2,0,0,35.71,50.00,14.29,0.00,0.00,1,0.775000000000,0.905000000000,0.775000000000,0.905000000000,2,40.00,1,1,570
PDL,3-5,1.00,5,14,14,3,0,0,11,0,21.43,0.00,0.00,78.57,0.00,0,0.245000000000,0.360000000000,0.322450000000,0.360000000000,0,0.00,0,0,
PDL,3-5,1.00,15,14,14,4,1,0,8,1,28.57,7.14,0.00,57.14,7.14,1,0.682500000000,0.585000000000,0.682500000000,0.585000000000,1,25.00,1,0,180
PDL,3-5,1.00,30,14,14,5,3,0,5,1,35.71,21.43,0.00,35.71,7.14,1,0.775000000000,0.905000000000,0.775000000000,0.905000000000,2,40.00,1,1,570
PDL,6-10,0.25,5,26,30,7,2,20,1,0,23.33,6.67,66.67,3.33,0.00,1,0.390000000000,0.230000000000,0.532500000000,0.230000000000,0,0.00,0,0,
PDL,6-10,0.25,15,26,30,8,2,20,0,0,26.67,6.67,66.67,0.00,0.00,3,0.520000000000,0.430000000000,0.620050000000,0.430000000000,3,37.50,2,1,240
PDL,6-10,0.25,30,26,30,8,2,20,0,0,26.67,6.67,66.67,0.00,0.00,3,0.775000000000,0.535000000000,0.845000000000,0.569950000000,5,62.50,2,3,780
PDL,6-10,0.50,5,26,30,6,5,11,8,0,20.00,16.67,36.67,26.67,0.00,1,0.390000000000,0.230000000000,0.532500000000,0.230000000000,0,0.00,0,0,
PDL,6-10,0.50,15,26,30,11,6,11,1,1,36.67,20.00,36.67,3.33,3.33,3,0.520000000000,0.430000000000,0.620050000000,0.430000000000,4,36.36,2,2,330
PDL,6-10,0.50,30,26,30,12,6,11,0,1,40.00,20.00,36.67,0.00,3.33,3,0.775000000000,0.535000000000,0.845000000000,0.569950000000,8,66.67,2,6,630
PDL,6-10,1.00,5,26,30,2,1,3,24,0,6.67,3.33,10.00,80.00,0.00,1,0.390000000000,0.230000000000,0.532500000000,0.230000000000,0,0.00,0,0,
PDL,6-10,1.00,15,26,30,7,4,3,14,2,23.33,13.33,10.00,46.67,6.67,3,0.520000000000,0.430000000000,0.620050000000,0.430000000000,1,14.29,1,0,300
PDL,6-10,1.00,30,26,30,9,8,3,8,2,30.00,26.67,10.00,26.67,6.67,3,0.775000000000,0.535000000000,0.845000000000,0.569950000000,3,33.33,1,2,660
PDL,11+,0.25,5,38,96,29,18,45,4,0,30.21,18.75,46.88,4.17,0.00,1,0.245000000000,0.390000000000,0.382000000000,0.430000000000,7,24.14,7,0,60
PDL,11+,0.25,15,38,96,30,20,45,1,0,31.25,20.83,46.88,1.04,0.00,6,0.465000000000,0.545000000000,0.540050000000,0.545000000000,19,63.33,10,9,300
PDL,11+,0.25,30,38,96,31,20,45,0,0,32.29,20.83,46.88,0.00,0.00,9,0.650050000000,0.765000000000,0.685000000000,0.765000000000,20,64.52,10,10,330
PDL,11+,0.50,5,38,96,20,30,14,32,0,20.83,31.25,14.58,33.33,0.00,1,0.245000000000,0.390000000000,0.382000000000,0.430000000000,0,0.00,0,0,
PDL,11+,0.50,15,38,96,31,40,14,11,0,32.29,41.67,14.58,11.46,0.00,6,0.465000000000,0.545000000000,0.540050000000,0.545000000000,11,35.48,4,7,480
PDL,11+,0.50,30,38,96,34,45,14,3,0,35.42,46.88,14.58,3.12,0.00,9,0.650050000000,0.765000000000,0.685000000000,0.765000000000,13,38.24,4,9,480
PDL,11+,1.00,5,38,96,6,10,3,77,0,6.25,10.42,3.12,80.21,0.00,1,0.245000000000,0.390000000000,0.382000000000,0.430000000000,0,0.00,0,0,
PDL,11+,1.00,15,38,96,13,22,3,53,5,13.54,22.92,3.12,55.21,5.21,6,0.465000000000,0.545000000000,0.540050000000,0.545000000000,2,15.38,0,2,540
PDL,11+,1.00,30,38,96,28,37,3,23,5,29.17,38.54,3.12,23.96,5.21,9,0.650050000000,0.765000000000,0.685000000000,0.765000000000,4,14.29,0,4,600
PMH,1,0.25,5,2,2,1,0,1,0,0,50.00,0.00,50.00,0.00,0.00,0,0.710000000000,0.345000000000,0.740000000000,0.345000000000,0,0.00,0,0,
PMH,1,0.25,15,2,2,1,0,1,0,0,50.00,0.00,50.00,0.00,0.00,0,0.810000000000,0.410000000000,0.840000000000,0.410000000000,0,0.00,0,0,
PMH,1,0.25,30,2,2,1,0,1,0,0,50.00,0.00,50.00,0.00,0.00,0,2.410000000000,0.410000000000,2.410000000000,0.410000000000,0,0.00,0,0,
PMH,1,0.50,5,2,2,1,1,0,0,0,50.00,50.00,0.00,0.00,0.00,0,0.710000000000,0.345000000000,0.740000000000,0.345000000000,0,0.00,0,0,
PMH,1,0.50,15,2,2,1,1,0,0,0,50.00,50.00,0.00,0.00,0.00,0,0.810000000000,0.410000000000,0.840000000000,0.410000000000,0,0.00,0,0,
PMH,1,0.50,30,2,2,1,1,0,0,0,50.00,50.00,0.00,0.00,0.00,0,2.410000000000,0.410000000000,2.410000000000,0.410000000000,0,0.00,0,0,
PMH,1,1.00,5,2,2,1,0,0,1,0,50.00,0.00,0.00,50.00,0.00,0,0.710000000000,0.345000000000,0.740000000000,0.345000000000,0,0.00,0,0,
PMH,1,1.00,15,2,2,1,0,0,1,0,50.00,0.00,0.00,50.00,0.00,0,0.810000000000,0.410000000000,0.840000000000,0.410000000000,0,0.00,0,0,
PMH,1,1.00,30,2,2,2,0,0,0,0,100.00,0.00,0.00,0.00,0.00,0,2.410000000000,0.410000000000,2.410000000000,0.410000000000,0,0.00,0,0,
PMH,2,0.25,5,0,0,0,0,0,0,0,,,,,,0,,,,,0,,0,0,
PMH,2,0.25,15,0,0,0,0,0,0,0,,,,,,0,,,,,0,,0,0,
PMH,2,0.25,30,0,0,0,0,0,0,0,,,,,,0,,,,,0,,0,0,
PMH,2,0.50,5,0,0,0,0,0,0,0,,,,,,0,,,,,0,,0,0,
PMH,2,0.50,15,0,0,0,0,0,0,0,,,,,,0,,,,,0,,0,0,
PMH,2,0.50,30,0,0,0,0,0,0,0,,,,,,0,,,,,0,,0,0,
PMH,2,1.00,5,0,0,0,0,0,0,0,,,,,,0,,,,,0,,0,0,
PMH,2,1.00,15,0,0,0,0,0,0,0,,,,,,0,,,,,0,,0,0,
PMH,2,1.00,30,0,0,0,0,0,0,0,,,,,,0,,,,,0,,0,0,
PMH,3-5,0.25,5,1,1,0,0,1,0,0,0.00,0.00,100.00,0.00,0.00,0,0.630000000000,0.740000000000,0.630000000000,0.740000000000,0,,0,0,
PMH,3-5,0.25,15,1,1,0,0,1,0,0,0.00,0.00,100.00,0.00,0.00,0,1.200000000000,0.740000000000,1.200000000000,0.740000000000,0,,0,0,
PMH,3-5,0.25,30,1,1,0,0,1,0,0,0.00,0.00,100.00,0.00,0.00,0,1.200000000000,0.740000000000,1.200000000000,0.740000000000,0,,0,0,
PMH,3-5,0.50,5,1,1,1,0,0,0,0,100.00,0.00,0.00,0.00,0.00,0,0.630000000000,0.740000000000,0.630000000000,0.740000000000,1,100.00,1,0,60
PMH,3-5,0.50,15,1,1,1,0,0,0,0,100.00,0.00,0.00,0.00,0.00,0,1.200000000000,0.740000000000,1.200000000000,0.740000000000,1,100.00,1,0,60
PMH,3-5,0.50,30,1,1,1,0,0,0,0,100.00,0.00,0.00,0.00,0.00,0,1.200000000000,0.740000000000,1.200000000000,0.740000000000,1,100.00,1,0,60
PMH,3-5,1.00,5,1,1,0,0,0,1,0,0.00,0.00,0.00,100.00,0.00,0,0.630000000000,0.740000000000,0.630000000000,0.740000000000,0,,0,0,
PMH,3-5,1.00,15,1,1,1,0,0,0,0,100.00,0.00,0.00,0.00,0.00,0,1.200000000000,0.740000000000,1.200000000000,0.740000000000,0,0.00,0,0,
PMH,3-5,1.00,30,1,1,1,0,0,0,0,100.00,0.00,0.00,0.00,0.00,0,1.200000000000,0.740000000000,1.200000000000,0.740000000000,0,0.00,0,0,
PMH,6-10,0.25,5,0,0,0,0,0,0,0,,,,,,0,,,,,0,,0,0,
PMH,6-10,0.25,15,0,0,0,0,0,0,0,,,,,,0,,,,,0,,0,0,
PMH,6-10,0.25,30,0,0,0,0,0,0,0,,,,,,0,,,,,0,,0,0,
PMH,6-10,0.50,5,0,0,0,0,0,0,0,,,,,,0,,,,,0,,0,0,
PMH,6-10,0.50,15,0,0,0,0,0,0,0,,,,,,0,,,,,0,,0,0,
PMH,6-10,0.50,30,0,0,0,0,0,0,0,,,,,,0,,,,,0,,0,0,
PMH,6-10,1.00,5,0,0,0,0,0,0,0,,,,,,0,,,,,0,,0,0,
PMH,6-10,1.00,15,0,0,0,0,0,0,0,,,,,,0,,,,,0,,0,0,
PMH,6-10,1.00,30,0,0,0,0,0,0,0,,,,,,0,,,,,0,,0,0,
PMH,11+,0.25,5,0,0,0,0,0,0,0,,,,,,0,,,,,0,,0,0,
PMH,11+,0.25,15,0,0,0,0,0,0,0,,,,,,0,,,,,0,,0,0,
PMH,11+,0.25,30,0,0,0,0,0,0,0,,,,,,0,,,,,0,,0,0,
PMH,11+,0.50,5,0,0,0,0,0,0,0,,,,,,0,,,,,0,,0,0,
PMH,11+,0.50,15,0,0,0,0,0,0,0,,,,,,0,,,,,0,,0,0,
PMH,11+,0.50,30,0,0,0,0,0,0,0,,,,,,0,,,,,0,,0,0,
PMH,11+,1.00,5,0,0,0,0,0,0,0,,,,,,0,,,,,0,,0,0,
PMH,11+,1.00,15,0,0,0,0,0,0,0,,,,,,0,,,,,0,,0,0,
PMH,11+,1.00,30,0,0,0,0,0,0,0,,,,,,0,,,,,0,,0,0,
PML,1,0.25,5,2,2,0,0,2,0,0,0.00,0.00,100.00,0.00,0.00,0,0.955000000000,0.445000000000,1.340000000000,0.480000000000,0,,0,0,
PML,1,0.25,15,2,2,0,0,2,0,0,0.00,0.00,100.00,0.00,0.00,0,1.125000000000,0.640000000000,1.340000000000,0.640000000000,0,,0,0,
PML,1,0.25,30,2,2,0,0,2,0,0,0.00,0.00,100.00,0.00,0.00,0,1.160000000000,1.625000000000,1.340000000000,1.625000000000,0,,0,0,
PML,1,0.50,5,2,2,0,0,2,0,0,0.00,0.00,100.00,0.00,0.00,0,0.955000000000,0.445000000000,1.340000000000,0.480000000000,0,,0,0,
PML,1,0.50,15,2,2,0,0,2,0,0,0.00,0.00,100.00,0.00,0.00,0,1.125000000000,0.640000000000,1.340000000000,0.640000000000,0,,0,0,
PML,1,0.50,30,2,2,0,0,2,0,0,0.00,0.00,100.00,0.00,0.00,0,1.160000000000,1.625000000000,1.340000000000,1.625000000000,0,,0,0,
PML,1,1.00,5,2,2,1,0,0,1,0,50.00,0.00,0.00,50.00,0.00,0,0.955000000000,0.445000000000,1.340000000000,0.480000000000,0,0.00,0,0,
PML,1,1.00,15,2,2,1,0,0,1,0,50.00,0.00,0.00,50.00,0.00,0,1.125000000000,0.640000000000,1.340000000000,0.640000000000,1,100.00,1,0,240
PML,1,1.00,30,2,2,1,0,0,1,0,50.00,0.00,0.00,50.00,0.00,0,1.160000000000,1.625000000000,1.340000000000,1.625000000000,1,100.00,1,0,240
PML,2,0.25,5,0,0,0,0,0,0,0,,,,,,0,,,,,0,,0,0,
PML,2,0.25,15,0,0,0,0,0,0,0,,,,,,0,,,,,0,,0,0,
PML,2,0.25,30,0,0,0,0,0,0,0,,,,,,0,,,,,0,,0,0,
PML,2,0.50,5,0,0,0,0,0,0,0,,,,,,0,,,,,0,,0,0,
PML,2,0.50,15,0,0,0,0,0,0,0,,,,,,0,,,,,0,,0,0,
PML,2,0.50,30,0,0,0,0,0,0,0,,,,,,0,,,,,0,,0,0,
PML,2,1.00,5,0,0,0,0,0,0,0,,,,,,0,,,,,0,,0,0,
PML,2,1.00,15,0,0,0,0,0,0,0,,,,,,0,,,,,0,,0,0,
PML,2,1.00,30,0,0,0,0,0,0,0,,,,,,0,,,,,0,,0,0,
PML,3-5,0.25,5,0,0,0,0,0,0,0,,,,,,0,,,,,0,,0,0,
PML,3-5,0.25,15,0,0,0,0,0,0,0,,,,,,0,,,,,0,,0,0,
PML,3-5,0.25,30,0,0,0,0,0,0,0,,,,,,0,,,,,0,,0,0,
PML,3-5,0.50,5,0,0,0,0,0,0,0,,,,,,0,,,,,0,,0,0,
PML,3-5,0.50,15,0,0,0,0,0,0,0,,,,,,0,,,,,0,,0,0,
PML,3-5,0.50,30,0,0,0,0,0,0,0,,,,,,0,,,,,0,,0,0,
PML,3-5,1.00,5,0,0,0,0,0,0,0,,,,,,0,,,,,0,,0,0,
PML,3-5,1.00,15,0,0,0,0,0,0,0,,,,,,0,,,,,0,,0,0,
PML,3-5,1.00,30,0,0,0,0,0,0,0,,,,,,0,,,,,0,,0,0,
PML,6-10,0.25,5,0,0,0,0,0,0,0,,,,,,0,,,,,0,,0,0,
PML,6-10,0.25,15,0,0,0,0,0,0,0,,,,,,0,,,,,0,,0,0,
PML,6-10,0.25,30,0,0,0,0,0,0,0,,,,,,0,,,,,0,,0,0,
PML,6-10,0.50,5,0,0,0,0,0,0,0,,,,,,0,,,,,0,,0,0,
PML,6-10,0.50,15,0,0,0,0,0,0,0,,,,,,0,,,,,0,,0,0,
PML,6-10,0.50,30,0,0,0,0,0,0,0,,,,,,0,,,,,0,,0,0,
PML,6-10,1.00,5,0,0,0,0,0,0,0,,,,,,0,,,,,0,,0,0,
PML,6-10,1.00,15,0,0,0,0,0,0,0,,,,,,0,,,,,0,,0,0,
PML,6-10,1.00,30,0,0,0,0,0,0,0,,,,,,0,,,,,0,,0,0,
PML,11+,0.25,5,2,6,2,1,3,0,0,33.33,16.67,50.00,0.00,0.00,0,0.350000000000,0.280000000000,0.350000000000,0.315000000000,0,0.00,0,0,
PML,11+,0.25,15,2,6,2,1,3,0,0,33.33,16.67,50.00,0.00,0.00,0,0.496250000000,0.360000000000,0.496250000000,0.380000000000,0,0.00,0,0,
PML,11+,0.25,30,2,6,2,1,3,0,0,33.33,16.67,50.00,0.00,0.00,1,0.896250000000,1.192500000000,0.896250000000,1.192500000000,1,50.00,0,1,1620
PML,11+,0.50,5,2,6,0,1,2,3,0,0.00,16.67,33.33,50.00,0.00,0,0.350000000000,0.280000000000,0.350000000000,0.315000000000,0,,0,0,
PML,11+,0.50,15,2,6,1,2,2,1,0,16.67,33.33,33.33,16.67,0.00,0,0.496250000000,0.360000000000,0.496250000000,0.380000000000,1,100.00,1,0,180
PML,11+,0.50,30,2,6,2,2,2,0,0,33.33,33.33,33.33,0.00,0.00,1,0.896250000000,1.192500000000,0.896250000000,1.192500000000,1,50.00,1,0,180
PML,11+,1.00,5,2,6,1,0,1,4,0,16.67,0.00,16.67,66.67,0.00,0,0.350000000000,0.280000000000,0.350000000000,0.315000000000,0,0.00,0,0,
PML,11+,1.00,15,2,6,1,1,1,3,0,16.67,16.67,16.67,50.00,0.00,0,0.496250000000,0.360000000000,0.496250000000,0.380000000000,0,0.00,0,0,
PML,11+,1.00,30,2,6,2,2,1,1,0,33.33,33.33,16.67,16.67,0.00,1,0.896250000000,1.192500000000,0.896250000000,1.192500000000,1,50.00,0,1,1140
ORH5,1,0.25,5,154,154,29,13,108,4,0,18.83,8.44,70.13,2.60,0.00,1,0.380000000000,0.360000000000,0.522500000000,0.385000000000,9,31.03,9,0,120
ORH5,1,0.25,15,154,154,31,15,108,0,0,20.13,9.74,70.13,0.00,0.00,2,0.730000000000,0.660000000000,0.745000000000,0.670000000000,19,61.29,11,8,120
ORH5,1,0.25,30,154,154,31,15,108,0,0,20.13,9.74,70.13,0.00,0.00,2,1.050000000000,0.882500000000,1.090500000000,0.882500000000,22,70.97,11,11,300
ORH5,1,0.50,5,154,154,38,34,43,39,0,24.68,22.08,27.92,25.32,0.00,1,0.380000000000,0.360000000000,0.522500000000,0.385000000000,7,18.42,7,0,60
ORH5,1,0.50,15,154,154,53,50,43,8,0,34.42,32.47,27.92,5.19,0.00,2,0.730000000000,0.660000000000,0.745000000000,0.670000000000,25,47.17,15,10,180
ORH5,1,0.50,30,154,154,55,55,43,1,0,35.71,35.71,27.92,0.65,0.00,2,1.050000000000,0.882500000000,1.090500000000,0.882500000000,38,69.09,16,22,510
ORH5,1,1.00,5,154,154,25,14,7,108,0,16.23,9.09,4.55,70.13,0.00,1,0.380000000000,0.360000000000,0.522500000000,0.385000000000,1,4.00,1,0,60
ORH5,1,1.00,15,154,154,53,41,7,53,0,34.42,26.62,4.55,34.42,0.00,2,0.730000000000,0.660000000000,0.745000000000,0.670000000000,14,26.42,5,9,420
ORH5,1,1.00,30,154,154,65,58,7,24,0,42.21,37.66,4.55,15.58,0.00,2,1.050000000000,0.882500000000,1.090500000000,0.882500000000,28,43.08,7,21,510
ORH5,2,0.25,5,9,9,3,2,4,0,0,33.33,22.22,44.44,0.00,0.00,0,0.250000000000,0.450000000000,0.445000000000,0.450000000000,1,33.33,1,0,60
ORH5,2,0.25,15,9,9,3,2,4,0,0,33.33,22.22,44.44,0.00,0.00,0,0.670000000000,0.590100000000,0.670000000000,0.590100000000,1,33.33,1,0,60
ORH5,2,0.25,30,9,9,3,2,4,0,0,33.33,22.22,44.44,0.00,0.00,0,0.790000000000,0.685000000000,0.790000000000,0.685000000000,1,33.33,1,0,60
ORH5,2,0.50,5,9,9,2,2,1,4,0,22.22,22.22,11.11,44.44,0.00,0,0.250000000000,0.450000000000,0.445000000000,0.450000000000,0,0.00,0,0,
ORH5,2,0.50,15,9,9,3,4,1,1,0,33.33,44.44,11.11,11.11,0.00,0,0.670000000000,0.590100000000,0.670000000000,0.590100000000,1,33.33,1,0,180
ORH5,2,0.50,30,9,9,4,4,1,0,0,44.44,44.44,11.11,0.00,0.00,0,0.790000000000,0.685000000000,0.790000000000,0.685000000000,1,25.00,1,0,180
ORH5,2,1.00,5,9,9,0,1,0,8,0,0.00,11.11,0.00,88.89,0.00,0,0.250000000000,0.450000000000,0.445000000000,0.450000000000,0,,0,0,
ORH5,2,1.00,15,9,9,2,2,0,5,0,22.22,22.22,0.00,55.56,0.00,0,0.670000000000,0.590100000000,0.670000000000,0.590100000000,0,0.00,0,0,
ORH5,2,1.00,30,9,9,3,3,0,3,0,33.33,33.33,0.00,33.33,0.00,0,0.790000000000,0.685000000000,0.790000000000,0.685000000000,1,33.33,0,1,840
ORH5,3-5,0.25,5,19,20,4,2,13,1,0,20.00,10.00,65.00,5.00,0.00,2,0.340000000000,0.365000000000,0.600000000000,0.465000000000,1,25.00,1,0,120
ORH5,3-5,0.25,15,19,20,5,2,13,0,0,25.00,10.00,65.00,0.00,0.00,2,0.745000000000,0.525000000000,0.942500000000,0.575000000000,2,40.00,1,1,270
ORH5,3-5,0.25,30,19,20,5,2,13,0,0,25.00,10.00,65.00,0.00,0.00,2,1.300000000000,0.925000000000,1.735000000000,1.095000000000,3,60.00,1,2,420
ORH5,3-5,0.50,5,19,20,3,5,7,5,0,15.00,25.00,35.00,25.00,0.00,2,0.340000000000,0.365000000000,0.600000000000,0.465000000000,1,33.33,1,0,120
ORH5,3-5,0.50,15,19,20,6,6,7,1,0,30.00,30.00,35.00,5.00,0.00,2,0.745000000000,0.525000000000,0.942500000000,0.575000000000,2,33.33,2,0,120
ORH5,3-5,0.50,30,19,20,7,6,7,0,0,35.00,30.00,35.00,0.00,0.00,2,1.300000000000,0.925000000000,1.735000000000,1.095000000000,4,57.14,2,2,450
ORH5,3-5,1.00,5,19,20,2,3,3,11,1,10.00,15.00,15.00,55.00,5.00,2,0.340000000000,0.365000000000,0.600000000000,0.465000000000,0,0.00,0,0,
ORH5,3-5,1.00,15,19,20,5,4,3,7,1,25.00,20.00,15.00,35.00,5.00,2,0.745000000000,0.525000000000,0.942500000000,0.575000000000,1,20.00,0,1,420
ORH5,3-5,1.00,30,19,20,9,5,3,2,1,45.00,25.00,15.00,10.00,5.00,2,1.300000000000,0.925000000000,1.735000000000,1.095000000000,3,33.33,0,3,780
ORH5,6-10,0.25,5,45,48,9,4,33,2,0,18.75,8.33,68.75,4.17,0.00,0,0.395000000000,0.270000000000,0.492450000000,0.305000000000,2,22.22,2,0,120
ORH5,6-10,0.25,15,45,48,10,5,33,0,0,20.83,10.42,68.75,0.00,0.00,0,0.660000000000,0.645500000000,0.675000000000,0.645500000000,4,40.00,3,1,150
ORH5,6-10,0.25,30,45,48,10,5,33,0,0,20.83,10.42,68.75,0.00,0.00,0,0.850000000000,0.672500000000,0.850000000000,0.672500000000,7,70.00,3,4,540
ORH5,6-10,0.50,5,45,48,13,8,11,16,0,27.08,16.67,22.92,33.33,0.00,0,0.395000000000,0.270000000000,0.492450000000,0.305000000000,1,7.69,1,0,180
ORH5,6-10,0.50,15,45,48,19,15,11,3,0,39.58,31.25,22.92,6.25,0.00,0,0.660000000000,0.645500000000,0.675000000000,0.645500000000,8,42.11,4,4,360
ORH5,6-10,0.50,30,45,48,20,16,11,1,0,41.67,33.33,22.92,2.08,0.00,0,0.850000000000,0.672500000000,0.850000000000,0.672500000000,11,55.00,4,7,420
ORH5,6-10,1.00,5,45,48,5,4,0,39,0,10.42,8.33,0.00,81.25,0.00,0,0.395000000000,0.270000000000,0.492450000000,0.305000000000,0,0.00,0,0,
ORH5,6-10,1.00,15,45,48,12,14,0,22,0,25.00,29.17,0.00,45.83,0.00,0,0.660000000000,0.645500000000,0.675000000000,0.645500000000,2,16.67,0,2,390
ORH5,6-10,1.00,30,45,48,17,16,0,15,0,35.42,33.33,0.00,31.25,0.00,0,0.850000000000,0.672500000000,0.850000000000,0.672500000000,5,29.41,0,5,540
ORH5,11+,0.25,5,78,208,40,32,114,22,0,19.23,15.38,54.81,10.58,0.00,5,0.260000000000,0.265000000000,0.370000000000,0.274950000000,11,27.50,11,0,120
ORH5,11+,0.25,15,78,208,51,41,114,2,0,24.52,19.71,54.81,0.96,0.00,11,0.450000000000,0.485000000000,0.555000000000,0.485000000000,27,52.94,18,9,180
ORH5,11+,0.25,30,78,208,52,42,114,0,0,25.00,20.19,54.81,0.00,0.00,16,0.635000000000,0.650000000000,0.717550000000,0.650000000000,36,69.23,19,17,240
ORH5,11+,0.50,5,78,208,38,34,38,96,2,18.27,16.35,18.27,46.15,0.96,5,0.260000000000,0.265000000000,0.370000000000,0.274950000000,2,5.26,2,0,120
ORH5,11+,0.50,15,78,208,64,69,38,32,5,30.77,33.17,18.27,15.38,2.40,11,0.450000000000,0.485000000000,0.555000000000,0.485000000000,19,29.69,10,9,300
ORH5,11+,0.50,30,78,208,70,82,38,12,6,33.65,39.42,18.27,5.77,2.88,16,0.635000000000,0.650000000000,0.717550000000,0.650000000000,35,50.00,10,25,480
ORH5,11+,1.00,5,78,208,9,12,6,176,5,4.33,5.77,2.88,84.62,2.40,5,0.260000000000,0.265000000000,0.370000000000,0.274950000000,0,0.00,0,0,
ORH5,11+,1.00,15,78,208,32,34,6,126,10,15.38,16.35,2.88,60.58,4.81,11,0.450000000000,0.485000000000,0.555000000000,0.485000000000,4,12.50,3,1,240
ORH5,11+,1.00,30,78,208,60,61,6,67,14,28.85,29.33,2.88,32.21,6.73,16,0.635000000000,0.650000000000,0.717550000000,0.650000000000,14,23.33,7,7,330
ORL5,1,0.25,5,145,145,27,7,110,1,0,18.62,4.83,75.86,0.69,0.00,2,0.430000000000,0.380000000000,0.570000000000,0.406300000000,9,33.33,9,0,180
ORL5,1,0.25,15,145,145,27,8,110,0,0,18.62,5.52,75.86,0.00,0.00,2,0.789900000000,0.732500000000,0.830000000000,0.755000000000,13,48.15,9,4,180
ORL5,1,0.25,30,145,145,27,8,110,0,0,18.62,5.52,75.86,0.00,0.00,2,1.220000000000,0.940000000000,1.260000000000,0.990000000000,16,59.26,9,7,180
ORL5,1,0.50,5,145,145,46,26,47,25,1,31.72,17.93,32.41,17.24,0.69,2,0.430000000000,0.380000000000,0.570000000000,0.406300000000,13,28.26,13,0,120
ORL5,1,0.50,15,145,145,58,36,48,2,1,40.00,24.83,33.10,1.38,0.69,2,0.789900000000,0.732500000000,0.830000000000,0.755000000000,27,46.55,23,4,180
ORL5,1,0.50,30,145,145,59,37,48,0,1,40.69,25.52,33.10,0.00,0.69,2,1.220000000000,0.940000000000,1.260000000000,0.990000000000,30,50.85,23,7,180
ORL5,1,1.00,5,145,145,22,18,7,97,1,15.17,12.41,4.83,66.90,0.69,2,0.430000000000,0.380000000000,0.570000000000,0.406300000000,4,18.18,4,0,150
ORL5,1,1.00,15,145,145,52,49,7,36,1,35.86,33.79,4.83,24.83,0.69,2,0.789900000000,0.732500000000,0.830000000000,0.755000000000,7,13.46,5,2,180
ORL5,1,1.00,30,145,145,61,58,7,18,1,42.07,40.00,4.83,12.41,0.69,2,1.220000000000,0.940000000000,1.260000000000,0.990000000000,13,21.31,6,7,360
ORL5,2,0.25,5,12,12,4,1,6,1,0,33.33,8.33,50.00,8.33,0.00,0,0.420000000000,0.274950000000,0.655000000000,0.274950000000,2,50.00,2,0,90
ORL5,2,0.25,15,12,12,5,1,6,0,0,41.67,8.33,50.00,0.00,0.00,0,1.055050000000,0.514900000000,1.150050000000,0.514900000000,3,60.00,2,1,120
ORL5,2,0.25,30,12,12,5,1,6,0,0,41.67,8.33,50.00,0.00,0.00,0,1.310050000000,0.922150000000,1.310050000000,0.922150000000,4,80.00,2,2,300
ORL5,2,0.50,5,12,12,2,1,5,4,0,16.67,8.33,41.67,33.33,0.00,0,0.420000000000,0.274950000000,0.655000000000,0.274950000000,0,0.00,0,0,
ORL5,2,0.50,15,12,12,2,2,5,3,0,16.67,16.67,41.67,25.00,0.00,0,1.055050000000,0.514900000000,1.150050000000,0.514900000000,1,50.00,0,1,420
ORL5,2,0.50,30,12,12,4,3,5,0,0,33.33,25.00,41.67,0.00,0.00,0,1.310050000000,0.922150000000,1.310050000000,0.922150000000,2,50.00,1,1,240
ORL5,2,1.00,5,12,12,2,1,1,8,0,16.67,8.33,8.33,66.67,0.00,0,0.420000000000,0.274950000000,0.655000000000,0.274950000000,0,0.00,0,0,
ORL5,2,1.00,15,12,12,5,3,1,3,0,41.67,25.00,8.33,25.00,0.00,0,1.055050000000,0.514900000000,1.150050000000,0.514900000000,1,20.00,1,0,180
ORL5,2,1.00,30,12,12,6,4,1,1,0,50.00,33.33,8.33,8.33,0.00,0,1.310050000000,0.922150000000,1.310050000000,0.922150000000,2,33.33,1,1,600
ORL5,3-5,0.25,5,25,30,9,2,18,1,0,30.00,6.67,60.00,3.33,0.00,0,0.350000000000,0.285000000000,0.530000000000,0.300000000000,3,33.33,3,0,60
ORL5,3-5,0.25,15,25,30,9,3,18,0,0,30.00,10.00,60.00,0.00,0.00,1,0.745000000000,0.435000000000,0.795000000000,0.450000000000,5,55.56,4,1,180
ORL5,3-5,0.25,30,25,30,9,3,18,0,0,30.00,10.00,60.00,0.00,0.00,1,0.935000000000,0.570000000000,1.045000000000,0.570000000000,6,66.67,4,2,180
ORL5,3-5,0.50,5,25,30,4,3,12,11,0,13.33,10.00,40.00,36.67,0.00,0,0.350000000000,0.285000000000,0.530000000000,0.300000000000,1,25.00,1,0,180
ORL5,3-5,0.50,15,25,30,10,5,12,2,1,33.33,16.67,40.00,6.67,3.33,1,0.745000000000,0.435000000000,0.795000000000,0.450000000000,2,20.00,2,0,240
ORL5,3-5,0.50,30,25,30,10,6,12,1,1,33.33,20.00,40.00,3.33,3.33,1,0.935000000000,0.570000000000,1.045000000000,0.570000000000,3,30.00,2,1,300
ORL5,3-5,1.00,5,25,30,3,2,3,22,0,10.00,6.67,10.00,73.33,0.00,0,0.350000000000,0.285000000000,0.530000000000,0.300000000000,0,0.00,0,0,
ORL5,3-5,1.00,15,25,30,7,5,3,14,1,23.33,16.67,10.00,46.67,3.33,1,0.745000000000,0.435000000000,0.795000000000,0.450000000000,0,0.00,0,0,
ORL5,3-5,1.00,30,25,30,11,6,3,9,1,36.67,20.00,10.00,30.00,3.33,1,0.935000000000,0.570000000000,1.045000000000,0.570000000000,2,18.18,1,1,390
ORL5,6-10,0.25,5,42,46,9,3,33,1,0,19.57,6.52,71.74,2.17,0.00,0,0.382500000000,0.445000000000,0.535000000000,0.445000000000,3,33.33,3,0,60
ORL5,6-10,0.25,15,42,46,9,4,33,0,0,19.57,8.70,71.74,0.00,0.00,0,0.638450000000,0.880000000000,0.775000000000,0.905000000000,5,55.56,4,1,120
ORL5,6-10,0.25,30,42,46,9,4,33,0,0,19.57,8.70,71.74,0.00,0.00,0,0.765000000000,1.047500000000,0.900000000000,1.047500000000,5,55.56,4,1,120
ORL5,6-10,0.50,5,42,46,8,7,16,15,0,17.39,15.22,34.78,32.61,0.00,0,0.382500000000,0.445000000000,0.535000000000,0.445000000000,1,12.50,1,0,120
ORL5,6-10,0.50,15,42,46,13,15,16,2,0,28.26,32.61,34.78,4.35,0.00,0,0.638450000000,0.880000000000,0.775000000000,0.905000000000,3,23.08,3,0,240
ORL5,6-10,0.50,30,42,46,13,16,16,1,0,28.26,34.78,34.78,2.17,0.00,0,0.765000000000,1.047500000000,0.900000000000,1.047500000000,3,23.08,3,0,240
ORL5,6-10,1.00,5,42,46,1,4,4,37,0,2.17,8.70,8.70,80.43,0.00,0,0.382500000000,0.445000000000,0.535000000000,0.445000000000,0,0.00,0,0,
ORL5,6-10,1.00,15,42,46,12,18,4,12,0,26.09,39.13,8.70,26.09,0.00,0,0.638450000000,0.880000000000,0.775000000000,0.905000000000,1,8.33,1,0,60
ORL5,6-10,1.00,30,42,46,15,20,4,7,0,32.61,43.48,8.70,15.22,0.00,0,0.765000000000,1.047500000000,0.900000000000,1.047500000000,3,20.00,1,2,600
ORL5,11+,0.25,5,67,189,45,16,101,27,0,23.81,8.47,53.44,14.29,0.00,3,0.340000000000,0.200000000000,0.430000000000,0.220000000000,10,22.22,10,0,120
ORL5,11+,0.25,15,67,189,53,33,101,2,0,28.04,17.46,53.44,1.06,0.00,8,0.500000000000,0.420000000000,0.560000000000,0.420000000000,25,47.17,18,7,240
ORL5,11+,0.25,30,67,189,54,33,101,1,0,28.57,17.46,53.44,0.53,0.00,15,0.650000000000,0.640000000000,0.680000000000,0.640000000000,30,55.56,18,12,240
ORL5,11+,0.50,5,67,189,40,22,32,93,2,21.16,11.64,16.93,49.21,1.06,3,0.340000000000,0.200000000000,0.430000000000,0.220000000000,5,12.50,5,0,120
ORL5,11+,0.50,15,67,189,66,56,32,33,2,34.92,29.63,16.93,17.46,1.06,8,0.500000000000,0.420000000000,0.560000000000,0.420000000000,22,33.33,11,11,330
ORL5,11+,0.50,30,67,189,74,69,32,12,2,39.15,36.51,16.93,6.35,1.06,15,0.650000000000,0.640000000000,0.680000000000,0.640000000000,37,50.00,13,24,480
ORL5,11+,1.00,5,67,189,10,9,8,159,3,5.29,4.76,4.23,84.13,1.59,3,0.340000000000,0.200000000000,0.430000000000,0.220000000000,0,0.00,0,0,
ORL5,11+,1.00,15,67,189,40,32,8,102,7,21.16,16.93,4.23,53.97,3.70,8,0.500000000000,0.420000000000,0.560000000000,0.420000000000,2,5.00,2,0,180
ORL5,11+,1.00,30,67,189,51,47,8,72,11,26.98,24.87,4.23,38.10,5.82,15,0.650000000000,0.640000000000,0.680000000000,0.640000000000,13,25.49,3,10,600
PWH,1,0.25,5,19,19,2,1,12,4,0,10.53,5.26,63.16,21.05,0.00,0,0.250000000000,0.230000000000,0.550000000000,0.285000000000,1,50.00,1,0,120
PWH,1,0.25,15,19,19,6,1,12,0,0,31.58,5.26,63.16,0.00,0.00,0,0.418000000000,0.740000000000,0.579000000000,0.740000000000,2,33.33,2,0,180
PWH,1,0.25,30,19,19,6,1,12,0,0,31.58,5.26,63.16,0.00,0.00,0,0.579000000000,0.800000000000,0.670000000000,0.800000000000,3,50.00,2,1,240
PWH,1,0.50,5,19,19,3,2,8,6,0,15.79,10.53,42.11,31.58,0.00,0,0.250000000000,0.230000000000,0.550000000000,0.285000000000,0,0.00,0,0,
PWH,1,0.50,15,19,19,3,4,8,4,0,15.79,21.05,42.11,21.05,0.00,0,0.418000000000,0.740000000000,0.579000000000,0.740000000000,1,33.33,1,0,300
PWH,1,0.50,30,19,19,5,4,8,2,0,26.32,21.05,42.11,10.53,0.00,0,0.579000000000,0.800000000000,0.670000000000,0.800000000000,1,20.00,1,0,300
PWH,1,1.00,5,19,19,0,1,3,15,0,0.00,5.26,15.79,78.95,0.00,0,0.250000000000,0.230000000000,0.550000000000,0.285000000000,0,,0,0,
PWH,1,1.00,15,19,19,3,7,3,6,0,15.79,36.84,15.79,31.58,0.00,0,0.418000000000,0.740000000000,0.579000000000,0.740000000000,1,33.33,0,1,360
PWH,1,1.00,30,19,19,4,7,3,5,0,21.05,36.84,15.79,26.32,0.00,0,0.579000000000,0.800000000000,0.670000000000,0.800000000000,1,25.00,0,1,360
PWH,2,0.25,5,1,1,0,0,1,0,0,0.00,0.00,100.00,0.00,0.00,0,0.585000000000,0.490000000000,0.585000000000,0.490000000000,0,,0,0,
PWH,2,0.25,15,1,1,0,0,1,0,0,0.00,0.00,100.00,0.00,0.00,0,1.100000000000,0.490000000000,1.100000000000,0.490000000000,0,,0,0,
PWH,2,0.25,30,1,1,0,0,1,0,0,0.00,0.00,100.00,0.00,0.00,0,1.860000000000,0.490000000000,1.860000000000,0.490000000000,0,,0,0,
PWH,2,0.50,5,1,1,1,0,0,0,0,100.00,0.00,0.00,0.00,0.00,0,0.585000000000,0.490000000000,0.585000000000,0.490000000000,0,0.00,0,0,
PWH,2,0.50,15,1,1,1,0,0,0,0,100.00,0.00,0.00,0.00,0.00,0,1.100000000000,0.490000000000,1.100000000000,0.490000000000,0,0.00,0,0,
PWH,2,0.50,30,1,1,1,0,0,0,0,100.00,0.00,0.00,0.00,0.00,0,1.860000000000,0.490000000000,1.860000000000,0.490000000000,0,0.00,0,0,
PWH,2,1.00,5,1,1,0,0,0,1,0,0.00,0.00,0.00,100.00,0.00,0,0.585000000000,0.490000000000,0.585000000000,0.490000000000,0,,0,0,
PWH,2,1.00,15,1,1,1,0,0,0,0,100.00,0.00,0.00,0.00,0.00,0,1.100000000000,0.490000000000,1.100000000000,0.490000000000,0,0.00,0,0,
PWH,2,1.00,30,1,1,1,0,0,0,0,100.00,0.00,0.00,0.00,0.00,0,1.860000000000,0.490000000000,1.860000000000,0.490000000000,0,0.00,0,0,
PWH,3-5,0.25,5,7,9,3,0,6,0,0,33.33,0.00,66.67,0.00,0.00,1,0.042000000000,0.490000000000,0.325000000000,0.490000000000,0,0.00,0,0,
PWH,3-5,0.25,15,7,9,3,0,6,0,0,33.33,0.00,66.67,0.00,0.00,2,0.210000000000,0.760000000000,0.325000000000,0.760000000000,0,0.00,0,0,
PWH,3-5,0.25,30,7,9,3,0,6,0,0,33.33,0.00,66.67,0.00,0.00,2,0.230000000000,0.760000000000,0.415000000000,0.760000000000,1,33.33,0,1,1080
PWH,3-5,0.50,5,7,9,2,2,2,2,1,22.22,22.22,22.22,22.22,11.11,1,0.042000000000,0.490000000000,0.325000000000,0.490000000000,0,0.00,0,0,
PWH,3-5,0.50,15,7,9,2,3,2,1,1,22.22,33.33,22.22,11.11,11.11,2,0.210000000000,0.760000000000,0.325000000000,0.760000000000,0,0.00,0,0,
PWH,3-5,0.50,30,7,9,3,3,2,0,1,33.33,33.33,22.22,0.00,11.11,2,0.230000000000,0.760000000000,0.415000000000,0.760000000000,2,66.67,1,1,630
PWH,3-5,1.00,5,7,9,0,2,0,6,1,0.00,22.22,0.00,66.67,11.11,1,0.042000000000,0.490000000000,0.325000000000,0.490000000000,0,,0,0,
PWH,3-5,1.00,15,7,9,1,3,0,3,2,11.11,33.33,0.00,33.33,22.22,2,0.210000000000,0.760000000000,0.325000000000,0.760000000000,0,0.00,0,0,
PWH,3-5,1.00,30,7,9,1,3,0,3,2,11.11,33.33,0.00,33.33,22.22,2,0.230000000000,0.760000000000,0.415000000000,0.760000000000,0,0.00,0,0,
PWH,6-10,0.25,5,8,8,2,1,2,3,0,25.00,12.50,25.00,37.50,0.00,0,0.185000000000,0.172500000000,0.310000000000,0.222500000000,0,0.00,0,0,
PWH,6-10,0.25,15,8,8,4,2,2,0,0,50.00,25.00,25.00,0.00,0.00,0,0.345350000000,0.348200000000,0.400000000000,0.348200000000,2,50.00,1,1,330
PWH,6-10,0.25,30,8,8,4,2,2,0,0,50.00,25.00,25.00,0.00,0.00,0,0.482500000000,0.565000000000,0.482500000000,0.565000000000,2,50.00,1,1,330
PWH,6-10,0.50,5,8,8,0,1,1,6,0,0.00,12.50,12.50,75.00,0.00,0,0.185000000000,0.172500000000,0.310000000000,0.222500000000,0,,0,0,
PWH,6-10,0.50,15,8,8,1,2,1,4,0,12.50,25.00,12.50,50.00,0.00,0,0.345350000000,0.348200000000,0.400000000000,0.348200000000,0,0.00,0,0,
PWH,6-10,0.50,30,8,8,2,4,1,1,0,25.00,50.00,12.50,12.50,0.00,0,0.482500000000,0.565000000000,0.482500000000,0.565000000000,0,0.00,0,0,
PWH,6-10,1.00,5,8,8,0,0,0,8,0,0.00,0.00,0.00,100.00,0.00,0,0.185000000000,0.172500000000,0.310000000000,0.222500000000,0,,0,0,
PWH,6-10,1.00,15,8,8,0,2,0,6,0,0.00,25.00,0.00,75.00,0.00,0,0.345350000000,0.348200000000,0.400000000000,0.348200000000,0,,0,0,
PWH,6-10,1.00,30,8,8,1,3,0,4,0,12.50,37.50,0.00,50.00,0.00,0,0.482500000000,0.565000000000,0.482500000000,0.565000000000,0,0.00,0,0,
PWH,11+,0.25,5,24,67,13,10,34,9,1,19.40,14.93,50.75,13.43,1.49,2,0.250000000000,0.207300000000,0.330000000000,0.210000000000,1,7.69,1,0,60
PWH,11+,0.25,15,24,67,16,14,34,2,1,23.88,20.90,50.75,2.99,1.49,3,0.460000000000,0.400000000000,0.510000000000,0.400000000000,4,25.00,2,2,420
PWH,11+,0.25,30,24,67,16,14,34,2,1,23.88,20.90,50.75,2.99,1.49,8,0.590000000000,0.570000000000,0.610000000000,0.570000000000,8,50.00,2,6,630
PWH,11+,0.50,5,24,67,11,6,12,36,2,16.42,8.96,17.91,53.73,2.99,2,0.250000000000,0.207300000000,0.330000000000,0.210000000000,1,9.09,1,0,120
PWH,11+,0.50,15,24,67,21,16,12,16,2,31.34,23.88,17.91,23.88,2.99,3,0.460000000000,0.400000000000,0.510000000000,0.400000000000,4,19.05,2,2,300
PWH,11+,0.50,30,24,67,23,21,12,8,3,34.33,31.34,17.91,11.94,4.48,8,0.590000000000,0.570000000000,0.610000000000,0.570000000000,9,39.13,2,7,780
PWH,11+,1.00,5,24,67,3,3,3,56,2,4.48,4.48,4.48,83.58,2.99,2,0.250000000000,0.207300000000,0.330000000000,0.210000000000,0,0.00,0,0,
PWH,11+,1.00,15,24,67,9,8,3,44,3,13.43,11.94,4.48,65.67,4.48,3,0.460000000000,0.400000000000,0.510000000000,0.400000000000,0,0.00,0,0,
PWH,11+,1.00,30,24,67,16,11,3,33,4,23.88,16.42,4.48,49.25,5.97,8,0.590000000000,0.570000000000,0.610000000000,0.570000000000,3,18.75,1,2,780
PWL,1,0.25,5,16,16,2,1,13,0,0,12.50,6.25,81.25,0.00,0.00,1,0.325000000000,0.357450000000,0.454750000000,0.357450000000,1,50.00,1,0,120
PWL,1,0.25,15,16,16,2,1,13,0,0,12.50,6.25,81.25,0.00,0.00,1,1.135000000000,0.545000000000,1.135000000000,0.545000000000,2,100.00,2,0,180
PWL,1,0.25,30,16,16,2,1,13,0,0,12.50,6.25,81.25,0.00,0.00,1,1.275000000000,0.640000000000,1.275000000000,0.640000000000,2,100.00,2,0,180
PWL,1,0.50,5,16,16,2,3,6,4,1,12.50,18.75,37.50,25.00,6.25,1,0.325000000000,0.357450000000,0.454750000000,0.357450000000,0,0.00,0,0,
PWL,1,0.50,15,16,16,6,3,6,0,1,37.50,18.75,37.50,0.00,6.25,1,1.135000000000,0.545000000000,1.135000000000,0.545000000000,1,16.67,1,0,60
PWL,1,0.50,30,16,16,6,3,6,0,1,37.50,18.75,37.50,0.00,6.25,1,1.275000000000,0.640000000000,1.275000000000,0.640000000000,3,50.00,1,2,480
PWL,1,1.00,5,16,16,1,3,1,10,1,6.25,18.75,6.25,62.50,6.25,1,0.325000000000,0.357450000000,0.454750000000,0.357450000000,0,0.00,0,0,
PWL,1,1.00,15,16,16,7,4,1,3,1,43.75,25.00,6.25,18.75,6.25,1,1.135000000000,0.545000000000,1.135000000000,0.545000000000,2,28.57,0,2,420
PWL,1,1.00,30,16,16,7,5,1,2,1,43.75,31.25,6.25,12.50,6.25,1,1.275000000000,0.640000000000,1.275000000000,0.640000000000,3,42.86,0,3,420
PWL,2,0.25,5,1,1,0,0,1,0,0,0.00,0.00,100.00,0.00,0.00,0,0.292800000000,1.620000000000,0.410000000000,1.620000000000,0,,0,0,
PWL,2,0.25,15,1,1,0,0,1,0,0,0.00,0.00,100.00,0.00,0.00,0,0.690000000000,1.620000000000,0.690000000000,1.620000000000,0,,0,0,
PWL,2,0.25,30,1,1,0,0,1,0,0,0.00,0.00,100.00,0.00,0.00,0,2.390000000000,1.620000000000,2.390000000000,1.620000000000,0,,0,0,
PWL,2,0.50,5,1,1,0,0,1,0,0,0.00,0.00,100.00,0.00,0.00,0,0.292800000000,1.620000000000,0.410000000000,1.620000000000,0,,0,0,
PWL,2,0.50,15,1,1,0,0,1,0,0,0.00,0.00,100.00,0.00,0.00,0,0.690000000000,1.620000000000,0.690000000000,1.620000000000,0,,0,0,
PWL,2,0.50,30,1,1,0,0,1,0,0,0.00,0.00,100.00,0.00,0.00,0,2.390000000000,1.620000000000,2.390000000000,1.620000000000,0,,0,0,
PWL,2,1.00,5,1,1,0,0,1,0,0,0.00,0.00,100.00,0.00,0.00,0,0.292800000000,1.620000000000,0.410000000000,1.620000000000,0,,0,0,
PWL,2,1.00,15,1,1,0,0,1,0,0,0.00,0.00,100.00,0.00,0.00,0,0.690000000000,1.620000000000,0.690000000000,1.620000000000,0,,0,0,
PWL,2,1.00,30,1,1,0,0,1,0,0,0.00,0.00,100.00,0.00,0.00,0,2.390000000000,1.620000000000,2.390000000000,1.620000000000,0,,0,0,
PWL,3-5,0.25,5,5,5,0,1,4,0,0,0.00,20.00,80.00,0.00,0.00,0,0.330000000000,0.290000000000,0.400000000000,0.290000000000,0,,0,0,
PWL,3-5,0.25,15,5,5,0,1,4,0,0,0.00,20.00,80.00,0.00,0.00,0,0.515000000000,0.725000000000,0.515000000000,0.725000000000,0,,0,0,
PWL,3-5,0.25,30,5,5,0,1,4,0,0,0.00,20.00,80.00,0.00,0.00,0,0.565000000000,0.845000000000,0.565000000000,0.845000000000,0,,0,0,
PWL,3-5,0.50,5,5,5,0,1,1,3,0,0.00,20.00,20.00,60.00,0.00,0,0.330000000000,0.290000000000,0.400000000000,0.290000000000,0,,0,0,
PWL,3-5,0.50,15,5,5,1,3,1,0,0,20.00,60.00,20.00,0.00,0.00,0,0.515000000000,0.725000000000,0.515000000000,0.725000000000,0,0.00,0,0,
PWL,3-5,0.50,30,5,5,1,3,1,0,0,20.00,60.00,20.00,0.00,0.00,0,0.565000000000,0.845000000000,0.565000000000,0.845000000000,1,100.00,1,0,180
PWL,3-5,1.00,5,5,5,0,0,0,5,0,0.00,0.00,0.00,100.00,0.00,0,0.330000000000,0.290000000000,0.400000000000,0.290000000000,0,,0,0,
PWL,3-5,1.00,15,5,5,2,2,0,1,0,40.00,40.00,0.00,20.00,0.00,0,0.515000000000,0.725000000000,0.515000000000,0.725000000000,0,0.00,0,0,
PWL,3-5,1.00,30,5,5,2,2,0,1,0,40.00,40.00,0.00,20.00,0.00,0,0.565000000000,0.845000000000,0.565000000000,0.845000000000,1,50.00,1,0,300
PWL,6-10,0.25,5,7,8,3,0,5,0,0,37.50,0.00,62.50,0.00,0.00,0,0.637500000000,0.247500000000,0.665000000000,0.247500000000,0,0.00,0,0,
PWL,6-10,0.25,15,7,8,3,0,5,0,0,37.50,0.00,62.50,0.00,0.00,0,1.372500000000,0.540000000000,1.372500000000,0.540000000000,0,0.00,0,0,
PWL,6-10,0.25,30,7,8,3,0,5,0,0,37.50,0.00,62.50,0.00,0.00,0,1.397500000000,1.165000000000,1.397500000000,1.165000000000,0,0.00,0,0,
PWL,6-10,0.50,5,7,8,4,0,3,1,0,50.00,0.00,37.50,12.50,0.00,0,0.637500000000,0.247500000000,0.665000000000,0.247500000000,0,0.00,0,0,
PWL,6-10,0.50,15,7,8,5,0,3,0,0,62.50,0.00,37.50,0.00,0.00,0,1.372500000000,0.540000000000,1.372500000000,0.540000000000,1,20.00,0,1,540
PWL,6-10,0.50,30,7,8,5,0,3,0,0,62.50,0.00,37.50,0.00,0.00,0,1.397500000000,1.165000000000,1.397500000000,1.165000000000,2,40.00,0,2,840
PWL,6-10,1.00,5,7,8,1,1,1,5,0,12.50,12.50,12.50,62.50,0.00,0,0.637500000000,0.247500000000,0.665000000000,0.247500000000,0,0.00,0,0,
PWL,6-10,1.00,15,7,8,6,1,1,0,0,75.00,12.50,12.50,0.00,0.00,0,1.372500000000,0.540000000000,1.372500000000,0.540000000000,1,16.67,1,0,120
PWL,6-10,1.00,30,7,8,6,1,1,0,0,75.00,12.50,12.50,0.00,0.00,0,1.397500000000,1.165000000000,1.397500000000,1.165000000000,3,50.00,1,2,480
PWL,11+,0.25,5,25,60,9,6,43,2,0,15.00,10.00,71.67,3.33,0.00,0,0.452500000000,0.497500000000,0.575000000000,0.500000000000,2,22.22,2,0,180
PWL,11+,0.25,15,25,60,11,6,43,0,0,18.33,10.00,71.67,0.00,0.00,2,0.845000000000,0.634950000000,0.872450000000,0.634950000000,7,63.64,4,3,240
PWL,11+,0.25,30,25,60,11,6,43,0,0,18.33,10.00,71.67,0.00,0.00,4,0.957500000000,0.890000000000,0.957500000000,0.890000000000,7,63.64,4,3,240
PWL,11+,0.50,5,25,60,12,10,27,11,0,20.00,16.67,45.00,18.33,0.00,0,0.452500000000,0.497500000000,0.575000000000,0.500000000000,1,8.33,1,0,120
PWL,11+,0.50,15,25,60,17,14,27,2,0,28.33,23.33,45.00,3.33,0.00,2,0.845000000000,0.634950000000,0.872450000000,0.634950000000,5,29.41,3,2,180
PWL,11+,0.50,30,25,60,18,15,27,0,0,30.00,25.00,45.00,0.00,0.00,4,0.957500000000,0.890000000000,0.957500000000,0.890000000000,7,38.89,3,4,420
PWL,11+,1.00,5,25,60,7,6,3,44,0,11.67,10.00,5.00,73.33,0.00,0,0.452500000000,0.497500000000,0.575000000000,0.500000000000,0,0.00,0,0,
PWL,11+,1.00,15,25,60,16,21,3,19,1,26.67,35.00,5.00,31.67,1.67,2,0.845000000000,0.634950000000,0.872450000000,0.634950000000,2,12.50,1,1,300
PWL,11+,1.00,30,25,60,20,27,3,8,2,33.33,45.00,5.00,13.33,3.33,4,0.957500000000,0.890000000000,0.957500000000,0.890000000000,4,20.00,2,2,360
1H_HIGH,1,0.25,5,77,128,18,11,84,15,0,14.06,8.59,65.62,11.72,0.00,2,0.295000000000,0.350000000000,0.490000000000,0.365000000000,6,33.33,6,0,120
1H_HIGH,1,0.25,15,77,128,26,15,84,3,0,20.31,11.72,65.62,2.34,0.00,7,0.460000000000,0.640000000000,0.631300000000,0.665000000000,11,42.31,9,2,180
1H_HIGH,1,0.25,30,77,128,27,17,84,0,0,21.09,13.28,65.62,0.00,0.00,9,0.617500000000,0.790000000000,0.794500000000,0.790000000000,17,62.96,10,7,300
1H_HIGH,1,0.50,5,77,128,15,10,50,53,0,11.72,7.81,39.06,41.41,0.00,2,0.295000000000,0.350000000000,0.490000000000,0.365000000000,2,13.33,2,0,180
1H_HIGH,1,0.50,15,77,128,27,25,50,24,2,21.09,19.53,39.06,18.75,1.56,7,0.460000000000,0.640000000000,0.631300000000,0.665000000000,4,14.81,4,0,180
1H_HIGH,1,0.50,30,77,128,29,33,50,14,2,22.66,25.78,39.06,10.94,1.56,9,0.617500000000,0.790000000000,0.794500000000,0.790000000000,11,37.93,4,7,600
1H_HIGH,1,1.00,5,77,128,11,6,18,92,1,8.59,4.69,14.06,71.88,0.78,2,0.295000000000,0.350000000000,0.490000000000,0.365000000000,2,18.18,2,0,150
1H_HIGH,1,1.00,15,77,128,24,29,18,51,6,18.75,22.66,14.06,39.84,4.69,7,0.460000000000,0.640000000000,0.631300000000,0.665000000000,6,25.00,4,2,180
1H_HIGH,1,1.00,30,77,128,31,35,18,38,6,24.22,27.34,14.06,29.69,4.69,9,0.617500000000,0.790000000000,0.794500000000,0.790000000000,8,25.81,4,4,270
1H_HIGH,2,0.25,5,15,17,4,1,12,0,0,23.53,5.88,70.59,0.00,0.00,1,0.310000000000,0.260000000000,0.395200000000,0.260000000000,1,25.00,1,0,60
1H_HIGH,2,0.25,15,15,17,4,1,12,0,0,23.53,5.88,70.59,0.00,0.00,1,0.585000000000,0.335000000000,0.849000000000,0.499000000000,2,50.00,1,1,210
1H_HIGH,2,0.25,30,15,17,4,1,12,0,0,23.53,5.88,70.59,0.00,0.00,1,0.995000000000,0.395000000000,0.995000000000,0.499000000000,2,50.00,1,1,210
1H_HIGH,2,0.50,5,15,17,3,4,5,5,0,17.65,23.53,29.41,29.41,0.00,1,0.310000000000,0.260000000000,0.395200000000,0.260000000000,0,0.00,0,0,
1H_HIGH,2,0.50,15,15,17,6,5,5,1,0,35.29,29.41,29.41,5.88,0.00,1,0.585000000000,0.335000000000,0.849000000000,0.499000000000,0,0.00,0,0,
1H_HIGH,2,0.50,30,15,17,6,5,5,1,0,35.29,29.41,29.41,5.88,0.00,1,0.995000000000,0.395000000000,0.995000000000,0.499000000000,0,0.00,0,0,
1H_HIGH,2,1.00,5,15,17,1,3,0,12,1,5.88,17.65,0.00,70.59,5.88,1,0.310000000000,0.260000000000,0.395200000000,0.260000000000,0,0.00,0,0,
1H_HIGH,2,1.00,15,15,17,5,4,0,7,1,29.41,23.53,0.00,41.18,5.88,1,0.585000000000,0.335000000000,0.849000000000,0.499000000000,0,0.00,0,0,
1H_HIGH,2,1.00,30,15,17,8,4,0,4,1,47.06,23.53,0.00,23.53,5.88,1,0.995000000000,0.395000000000,0.995000000000,0.499000000000,0,0.00,0,0,
1H_HIGH,3-5,0.25,5,32,49,15,4,26,4,0,30.61,8.16,53.06,8.16,0.00,1,0.215000000000,0.300000000000,0.385000000000,0.320000000000,3,20.00,3,0,120
1H_HIGH,3-5,0.25,15,32,49,17,4,26,2,0,34.69,8.16,53.06,4.08,0.00,1,0.490000000000,0.435000000000,0.515000000000,0.435000000000,5,29.41,3,2,180
1H_HIGH,3-5,0.25,30,32,49,17,6,26,0,0,34.69,12.24,53.06,0.00,0.00,1,0.670000000000,0.585000000000,0.680000000000,0.585000000000,8,47.06,3,5,660
1H_HIGH,3-5,0.50,5,32,49,10,7,9,22,1,20.41,14.29,18.37,44.90,2.04,1,0.215000000000,0.300000000000,0.385000000000,0.320000000000,0,0.00,0,0,
1H_HIGH,3-5,0.50,15,32,49,18,14,9,7,1,36.73,28.57,18.37,14.29,2.04,1,0.490000000000,0.435000000000,0.515000000000,0.435000000000,1,5.56,0,1,780
1H_HIGH,3-5,0.50,30,32,49,19,16,9,4,1,38.78,32.65,18.37,8.16,2.04,1,0.670000000000,0.585000000000,0.680000000000,0.585000000000,6,31.58,1,5,870
1H_HIGH,3-5,1.00,5,32,49,2,6,0,40,1,4.08,12.24,0.00,81.63,2.04,1,0.215000000000,0.300000000000,0.385000000000,0.320000000000,0,0.00,0,0,
1H_HIGH,3-5,1.00,15,32,49,13,8,0,27,1,26.53,16.33,0.00,55.10,2.04,1,0.490000000000,0.435000000000,0.515000000000,0.435000000000,1,7.69,0,1,360
1H_HIGH,3-5,1.00,30,32,49,17,13,0,18,1,34.69,26.53,0.00,36.73,2.04,1,0.670000000000,0.585000000000,0.680000000000,0.585000000000,4,23.53,0,4,600
1H_HIGH,6-10,0.25,5,46,65,12,9,36,8,0,18.46,13.85,55.38,12.31,0.00,1,0.265000000000,0.270000000000,0.410000000000,0.270000000000,1,8.33,1,0,180
1H_HIGH,6-10,0.25,15,46,65,15,14,36,0,0,23.08,21.54,55.38,0.00,0.00,1,0.455000000000,0.489900000000,0.490000000000,0.500000000000,7,46.67,3,4,360
1H_HIGH,6-10,0.25,30,46,65,15,14,36,0,0,23.08,21.54,55.38,0.00,0.00,2,0.630000000000,0.600000000000,0.630000000000,0.605000000000,9,60.00,3,6,480
1H_HIGH,6-10,0.50,5,46,65,12,7,15,31,0,18.46,10.77,23.08,47.69,0.00,1,0.265000000000,0.270000000000,0.410000000000,0.270000000000,1,8.33,1,0,120
1H_HIGH,6-10,0.50,15,46,65,19,18,15,13,0,29.23,27.69,23.08,20.00,0.00,1,0.455000000000,0.489900000000,0.490000000000,0.500000000000,6,31.58,4,2,270
1H_HIGH,6-10,0.50,30,46,65,22,23,15,5,0,33.85,35.38,23.08,7.69,0.00,2,0.630000000000,0.600000000000,0.630000000000,0.605000000000,9,40.91,4,5,480
1H_HIGH,6-10,1.00,5,46,65,6,3,6,50,0,9.23,4.62,9.23,76.92,0.00,1,0.265000000000,0.270000000000,0.410000000000,0.270000000000,0,0.00,0,0,
1H_HIGH,6-10,1.00,15,46,65,11,10,6,38,0,16.92,15.38,9.23,58.46,0.00,1,0.455000000000,0.489900000000,0.490000000000,0.500000000000,2,18.18,0,2,570
1H_HIGH,6-10,1.00,30,46,65,17,17,6,25,0,26.15,26.15,9.23,38.46,0.00,2,0.630000000000,0.600000000000,0.630000000000,0.605000000000,6,35.29,1,5,540
1H_HIGH,11+,0.25,5,129,2039,451,207,1201,178,2,22.12,10.15,58.90,8.73,0.10,43,0.315000000000,0.280000000000,0.450000000000,0.300050000000,117,25.94,117,0,120
1H_HIGH,11+,0.25,15,129,2039,533,287,1201,16,2,26.14,14.08,58.90,0.78,0.10,102,0.550000000000,0.530000000000,0.632550000000,0.550000000000,267,50.09,185,82,180
1H_HIGH,11+,0.25,30,129,2039,543,290,1201,3,2,26.63,14.22,58.90,0.15,0.10,180,0.750000000000,0.720000000000,0.800000000000,0.730000000000,356,65.56,192,164,300
1H_HIGH,11+,0.50,5,129,2039,403,330,543,745,18,19.76,16.18,26.63,36.54,0.88,43,0.315000000000,0.280000000000,0.450000000000,0.300050000000,47,11.66,47,0,120
1H_HIGH,11+,0.50,15,129,2039,645,572,543,253,26,31.63,28.05,26.63,12.41,1.28,102,0.550000000000,0.530000000000,0.632550000000,0.550000000000,212,32.87,140,72,240
1H_HIGH,11+,0.50,30,129,2039,721,645,543,101,29,35.36,31.63,26.63,4.95,1.42,180,0.750000000000,0.720000000000,0.800000000000,0.730000000000,344,47.71,155,189,360
1H_HIGH,11+,1.00,5,129,2039,181,164,105,1551,38,8.88,8.04,5.15,76.07,1.86,43,0.315000000000,0.280000000000,0.450000000000,0.300050000000,8,4.42,8,0,90
1H_HIGH,11+,1.00,15,129,2039,481,477,105,905,71,23.59,23.39,5.15,44.38,3.48,102,0.550000000000,0.530000000000,0.632550000000,0.550000000000,89,18.50,51,38,300
1H_HIGH,11+,1.00,30,129,2039,673,636,105,528,97,33.01,31.19,5.15,25.90,4.76,180,0.750000000000,0.720000000000,0.800000000000,0.730000000000,177,26.30,56,121,480
1H_LOW,1,0.25,5,67,119,21,6,90,2,0,17.65,5.04,75.63,1.68,0.00,4,0.394500000000,0.400000000000,0.570000000000,0.445000000000,5,23.81,5,0,120
1H_LOW,1,0.25,15,67,119,21,8,90,0,0,17.65,6.72,75.63,0.00,0.00,7,0.730000000000,0.780000000000,0.840000000000,0.800000000000,11,52.38,9,2,240
1H_LOW,1,0.25,30,67,119,21,8,90,0,0,17.65,6.72,75.63,0.00,0.00,13,0.977500000000,1.049700000000,1.040000000000,1.140000000000,14,66.67,9,5,270
1H_LOW,1,0.50,5,67,119,24,26,46,23,0,20.17,21.85,38.66,19.33,0.00,4,0.394500000000,0.400000000000,0.570000000000,0.445000000000,4,16.67,4,0,120
1H_LOW,1,0.50,15,67,119,29,38,46,5,1,24.37,31.93,38.66,4.20,0.84,7,0.730000000000,0.780000000000,0.840000000000,0.800000000000,8,27.59,8,0,150
1H_LOW,1,0.50,30,67,119,31,40,46,1,1,26.05,33.61,38.66,0.84,0.84,13,0.977500000000,1.049700000000,1.040000000000,1.140000000000,16,51.61,8,8,390
1H_LOW,1,1.00,5,67,119,13,12,14,80,0,10.92,10.08,11.76,67.23,0.00,4,0.394500000000,0.400000000000,0.570000000000,0.445000000000,0,0.00,0,0,
1H_LOW,1,1.00,15,67,119,33,34,14,37,1,27.73,28.57,11.76,31.09,0.84,7,0.730000000000,0.780000000000,0.840000000000,0.800000000000,9,27.27,4,5,360
1H_LOW,1,1.00,30,67,119,41,46,14,16,2,34.45,38.66,11.76,13.45,1.68,13,0.977500000000,1.049700000000,1.040000000000,1.140000000000,15,36.59,5,10,420
1H_LOW,2,0.25,5,15,15,3,2,10,0,0,20.00,13.33,66.67,0.00,0.00,0,0.380000000000,0.430000000000,0.560000000000,0.430000000000,0,0.00,0,0,
1H_LOW,2,0.25,15,15,15,3,2,10,0,0,20.00,13.33,66.67,0.00,0.00,1,0.660000000000,0.852400000000,0.660000000000,0.852400000000,0,0.00,0,0,
1H_LOW,2,0.25,30,15,15,3,2,10,0,0,20.00,13.33,66.67,0.00,0.00,2,1.060000000000,0.880000000000,1.060000000000,0.880000000000,1,33.33,0,1,780
1H_LOW,2,0.50,5,15,15,2,2,7,4,0,13.33,13.33,46.67,26.67,0.00,0,0.380000000000,0.430000000000,0.560000000000,0.430000000000,0,0.00,0,0,
1H_LOW,2,0.50,15,15,15,3,4,7,1,0,20.00,26.67,46.67,6.67,0.00,1,0.660000000000,0.852400000000,0.660000000000,0.852400000000,0,0.00,0,0,
1H_LOW,2,0.50,30,15,15,3,5,7,0,0,20.00,33.33,46.67,0.00,0.00,2,1.060000000000,0.880000000000,1.060000000000,0.880000000000,1,33.33,0,1,720
1H_LOW,2,1.00,5,15,15,2,1,1,11,0,13.33,6.67,6.67,73.33,0.00,0,0.380000000000,0.430000000000,0.560000000000,0.430000000000,0,0.00,0,0,
1H_LOW,2,1.00,15,15,15,4,5,1,5,0,26.67,33.33,6.67,33.33,0.00,1,0.660000000000,0.852400000000,0.660000000000,0.852400000000,0,0.00,0,0,
1H_LOW,2,1.00,30,15,15,5,6,1,3,0,33.33,40.00,6.67,20.00,0.00,2,1.060000000000,0.880000000000,1.060000000000,0.880000000000,0,0.00,0,0,
1H_LOW,3-5,0.25,5,26,37,10,4,23,0,0,27.03,10.81,62.16,0.00,0.00,0,0.330000000000,0.337600000000,0.440000000000,0.337600000000,5,50.00,5,0,60
1H_LOW,3-5,0.25,15,26,37,10,4,23,0,0,27.03,10.81,62.16,0.00,0.00,0,0.630000000000,0.560000000000,0.671000000000,0.560000000000,7,70.00,6,1,60
1H_LOW,3-5,0.25,30,26,37,10,4,23,0,0,27.03,10.81,62.16,0.00,0.00,1,0.800000000000,0.680000000000,0.800000000000,0.680000000000,8,80.00,6,2,60
1H_LOW,3-5,0.50,5,26,37,7,5,10,15,0,18.92,13.51,27.03,40.54,0.00,0,0.330000000000,0.337600000000,0.440000000000,0.337600000000,1,14.29,1,0,60
1H_LOW,3-5,0.50,15,26,37,10,11,10,6,0,27.03,29.73,27.03,16.22,0.00,0,0.630000000000,0.560000000000,0.671000000000,0.560000000000,2,20.00,1,1,240
1H_LOW,3-5,0.50,30,26,37,13,12,10,2,0,35.14,32.43,27.03,5.41,0.00,1,0.800000000000,0.680000000000,0.800000000000,0.680000000000,4,30.77,1,3,690
1H_LOW,3-5,1.00,5,26,37,5,1,2,29,0,13.51,2.70,5.41,78.38,0.00,0,0.330000000000,0.337600000000,0.440000000000,0.337600000000,0,0.00,0,0,
1H_LOW,3-5,1.00,15,26,37,7,7,2,21,0,18.92,18.92,5.41,56.76,0.00,0,0.630000000000,0.560000000000,0.671000000000,0.560000000000,1,14.29,1,0,120
1H_LOW,3-5,1.00,30,26,37,13,11,2,11,0,35.14,29.73,5.41,29.73,0.00,1,0.800000000000,0.680000000000,0.800000000000,0.680000000000,3,23.08,1,2,360
1H_LOW,6-10,0.25,5,50,79,13,8,56,2,0,16.46,10.13,70.89,2.53,0.00,2,0.450000000000,0.340000000000,0.570000000000,0.390000000000,1,7.69,1,0,60
1H_LOW,6-10,0.25,15,50,79,13,10,56,0,0,16.46,12.66,70.89,0.00,0.00,4,0.701000000000,0.680000000000,0.730000000000,0.690000000000,5,38.46,3,2,300
1H_LOW,6-10,0.25,30,50,79,13,10,56,0,0,16.46,12.66,70.89,0.00,0.00,4,0.830000000000,1.040000000000,0.910000000000,1.140000000000,7,53.85,3,4,540
1H_LOW,6-10,0.50,5,50,79,26,9,25,19,0,32.91,11.39,31.65,24.05,0.00,2,0.450000000000,0.340000000000,0.570000000000,0.390000000000,2,7.69,2,0,120
1H_LOW,6-10,0.50,15,50,79,33,17,25,4,0,41.77,21.52,31.65,5.06,0.00,4,0.701000000000,0.680000000000,0.730000000000,0.690000000000,15,45.45,9,6,240
1H_LOW,6-10,0.50,30,50,79,35,18,25,1,0,44.30,22.78,31.65,1.27,0.00,4,0.830000000000,1.040000000000,0.910000000000,1.140000000000,22,62.86,9,13,360
1H_LOW,6-10,1.00,5,50,79,6,11,4,57,1,7.59,13.92,5.06,72.15,1.27,2,0.450000000000,0.340000000000,0.570000000000,0.390000000000,0,0.00,0,0,
1H_LOW,6-10,1.00,15,50,79,22,20,4,30,3,27.85,25.32,5.06,37.97,3.80,4,0.701000000000,0.680000000000,0.730000000000,0.690000000000,5,22.73,4,1,240
1H_LOW,6-10,1.00,30,50,79,30,31,4,11,3,37.97,39.24,5.06,13.92,3.80,4,0.830000000000,1.040000000000,0.910000000000,1.140000000000,11,36.67,5,6,360
1H_LOW,11+,0.25,5,132,2310,431,226,1556,97,0,18.66,9.78,67.36,4.20,0.00,49,0.360000000000,0.350000000000,0.510000000000,0.370000000000,135,31.32,135,0,120
1H_LOW,11+,0.25,15,132,2310,476,268,1556,10,0,20.61,11.60,67.36,0.43,0.00,123,0.619700000000,0.640000000000,0.708000000000,0.640000000000,268,56.30,189,79,180
1H_LOW,11+,0.25,30,132,2310,481,271,1556,2,0,20.82,11.73,67.36,0.09,0.00,184,0.860000000000,0.850000000000,0.925000000000,0.855000000000,324,67.36,194,130,240
1H_LOW,11+,0.50,5,132,2310,500,404,725,663,18,21.65,17.49,31.39,28.70,0.78,49,0.360000000000,0.350000000000,0.510000000000,0.370000000000,69,13.80,69,0,120
1H_LOW,11+,0.50,15,132,2310,719,635,726,203,27,31.13,27.49,31.43,8.79,1.17,123,0.619700000000,0.640000000000,0.708000000000,0.640000000000,280,38.94,191,89,240
1H_LOW,11+,0.50,30,132,2310,791,696,726,69,28,34.24,30.13,31.43,2.99,1.21,184,0.860000000000,0.850000000000,0.925000000000,0.855000000000,399,50.44,202,197,300
1H_LOW,11+,1.00,5,132,2310,229,214,165,1667,35,9.91,9.26,7.14,72.16,1.52,49,0.360000000000,0.350000000000,0.510000000000,0.370000000000,11,4.80,11,0,120
1H_LOW,11+,1.00,15,132,2310,602,623,165,840,80,26.06,26.97,7.14,36.36,3.46,123,0.619700000000,0.640000000000,0.708000000000,0.640000000000,118,19.60,70,48,300
1H_LOW,11+,1.00,30,132,2310,820,812,165,423,90,35.50,35.15,7.14,18.31,3.90,184,0.860000000000,0.850000000000,0.925000000000,0.855000000000,234,28.54,85,149,420
