family,same_session_touch,distance,horizon,contributing_sessions,episodes,REJECTION_FIRST_n,CONTINUATION_FIRST_n,AMBIGUOUS_n,UNRESOLVED_n,CENSORED_n,REJECTION_FIRST_pct,CONTINUATION_FIRST_pct,AMBIGUOUS_pct,UNRESOLVED_pct,CENSORED_pct,horizon_censored_flag_n,median_mfe_lower_bound,median_mae_lower_bound,median_mfe_envelope_upper,median_mae_envelope_upper,reclaim_n,reclaim_pct_of_rejection_first,quick_reclaim_n,later_reclaim_n,median_time_to_reclaim_seconds
ALL,1,0.25,5,170,2362,429,147,1714,72,0,18.16,6.22,72.57,3.05,0.00,20,0.400000000000,0.400000000000,0.599350000000,0.425000000000,149,34.73,149,0,120
ALL,1,0.25,15,170,2362,463,177,1714,8,0,19.60,7.49,72.57,0.34,0.00,57,0.710000000000,0.750000000000,0.810000000000,0.760000000000,259,55.94,193,66,180
ALL,1,0.25,30,170,2362,466,180,1714,2,0,19.73,7.62,72.57,0.08,0.00,97,0.990000000000,1.000000000000,1.051350000000,1.010000000000,312,66.95,197,115,240
ALL,1,0.50,5,170,2362,512,395,952,499,4,21.68,16.72,40.30,21.13,0.17,20,0.400000000000,0.400000000000,0.599350000000,0.425000000000,87,16.99,87,0,120
ALL,1,0.50,15,170,2362,682,572,953,142,13,28.87,24.22,40.35,6.01,0.55,57,0.710000000000,0.750000000000,0.810000000000,0.760000000000,266,39.00,189,77,240
ALL,1,0.50,30,170,2362,720,621,953,55,13,30.48,26.29,40.35,2.33,0.55,97,0.990000000000,1.000000000000,1.051350000000,1.010000000000,377,52.36,197,180,300
ALL,1,1.00,5,170,2362,293,275,222,1563,9,12.40,11.64,9.40,66.17,0.38,20,0.400000000000,0.400000000000,0.599350000000,0.425000000000,17,5.80,17,0,120
ALL,1,1.00,15,170,2362,686,741,222,688,25,29.04,31.37,9.40,29.13,1.06,57,0.710000000000,0.750000000000,0.810000000000,0.760000000000,158,23.03,89,69,300
ALL,1,1.00,30,170,2362,855,915,222,343,27,36.20,38.74,9.40,14.52,1.14,97,0.990000000000,1.000000000000,1.051350000000,1.010000000000,258,30.18,100,158,420
ALL,2,0.25,5,77,143,38,17,83,5,0,26.57,11.89,58.04,3.50,0.00,1,0.357500000000,0.310000000000,0.445000000000,0.335000000000,10,26.32,10,0,120
ALL,2,0.25,15,77,143,41,19,83,0,0,28.67,13.29,58.04,0.00,0.00,1,0.600000000000,0.510000000000,0.655000000000,0.510000000000,21,51.22,15,6,180
ALL,2,0.25,30,77,143,41,19,83,0,0,28.67,13.29,58.04,0.00,0.00,4,0.840000000000,0.670000000000,0.980000000000,0.670000000000,30,73.17,16,14,300
ALL,2,0.50,5,77,143,30,23,34,56,0,20.98,16.08,23.78,39.16,0.00,1,0.357500000000,0.310000000000,0.445000000000,0.335000000000,2,6.67,2,0,90
ALL,2,0.50,15,77,143,50,41,34,18,0,34.97,28.67,23.78,12.59,0.00,1,0.600000000000,0.510000000000,0.655000000000,0.510000000000,12,24.00,8,4,300
ALL,2,0.50,30,77,143,57,48,34,4,0,39.86,33.57,23.78,2.80,0.00,4,0.840000000000,0.670000000000,0.980000000000,0.670000000000,25,43.86,12,13,420
ALL,2,1.00,5,77,143,15,11,8,109,0,10.49,7.69,5.59,76.22,0.00,1,0.357500000000,0.310000000000,0.445000000000,0.335000000000,0,0.00,0,0,
ALL,2,1.00,15,77,143,37,20,8,78,0,25.87,13.99,5.59,54.55,0.00,1,0.600000000000,0.510000000000,0.655000000000,0.510000000000,6,16.22,2,4,510
ALL,2,1.00,30,77,143,59,34,8,42,0,41.26,23.78,5.59,29.37,0.00,4,0.840000000000,0.670000000000,0.980000000000,0.670000000000,12,20.34,2,10,540
ALL,3+,0.25,5,168,3865,818,468,2238,337,4,21.16,12.11,57.90,8.72,0.10,103,0.300000000000,0.270000000000,0.420000000000,0.285000000000,195,23.84,195,0,120
ALL,3+,0.25,15,168,3865,968,621,2238,34,4,25.05,16.07,57.90,0.88,0.10,242,0.520000000000,0.510000000000,0.590000000000,0.520000000000,480,49.59,317,163,240
ALL,3+,0.25,30,168,3865,986,630,2238,7,4,25.51,16.30,57.90,0.18,0.10,378,0.700000000000,0.690000000000,0.750000000000,0.690000000000,624,63.29,327,297,300
ALL,3+,0.50,5,168,3865,784,644,852,1541,44,20.28,16.66,22.04,39.87,1.14,103,0.300000000000,0.270000000000,0.420000000000,0.285000000000,82,10.46,82,0,120
ALL,3+,0.50,15,168,3865,1261,1166,853,523,62,32.63,30.17,22.07,13.53,1.60,242,0.520000000000,0.510000000000,0.590000000000,0.520000000000,412,32.67,264,148,240
ALL,3+,0.50,30,168,3865,1426,1322,853,196,68,36.90,34.20,22.07,5.07,1.76,378,0.700000000000,0.690000000000,0.750000000000,0.690000000000,663,46.49,288,375,420
ALL,3+,1.00,5,168,3865,279,257,170,3075,84,7.22,6.65,4.40,79.56,2.17,103,0.300000000000,0.270000000000,0.420000000000,0.285000000000,13,4.66,13,0,120
ALL,3+,1.00,15,168,3865,841,809,170,1864,181,21.76,20.93,4.40,48.23,4.68,242,0.520000000000,0.510000000000,0.590000000000,0.520000000000,126,14.98,75,51,300
ALL,3+,1.00,30,168,3865,1240,1152,170,1076,227,32.08,29.81,4.40,27.84,5.87,378,0.700000000000,0.690000000000,0.750000000000,0.690000000000,323,26.05,101,222,480
ALL,UNAVAILABLE,0.25,5,0,0,0,0,0,0,0,,,,,,0,,,,,0,,0,0,
ALL,UNAVAILABLE,0.25,15,0,0,0,0,0,0,0,,,,,,0,,,,,0,,0,0,
ALL,UNAVAILABLE,0.25,30,0,0,0,0,0,0,0,,,,,,0,,,,,0,,0,0,
ALL,UNAVAILABLE,0.50,5,0,0,0,0,0,0,0,,,,,,0,,,,,0,,0,0,
ALL,UNAVAILABLE,0.50,15,0,0,0,0,0,0,0,,,,,,0,,,,,0,,0,0,
ALL,UNAVAILABLE,0.50,30,0,0,0,0,0,0,0,,,,,,0,,,,,0,,0,0,
ALL,UNAVAILABLE,1.00,5,0,0,0,0,0,0,0,,,,,,0,,,,,0,,0,0,
ALL,UNAVAILABLE,1.00,15,0,0,0,0,0,0,0,,,,,,0,,,,,0,,0,0,
ALL,UNAVAILABLE,1.00,30,0,0,0,0,0,0,0,,,,,,0,,,,,0,,0,0,
PDH,1,0.25,5,86,86,11,9,62,4,0,12.79,10.47,72.09,4.65,0.00,0,0.302500000000,0.452500000000,0.540000000000,0.455000000000,5,45.45,5,0,120
PDH,1,0.25,15,86,86,14,10,62,0,0,16.28,11.63,72.09,0.00,0.00,1,0.515000000000,0.682500000000,0.659900000000,0.730000000000,6,42.86,5,1,150
PDH,1,0.25,30,86,86,14,10,62,0,0,16.28,11.63,72.09,0.00,0.00,1,0.675000000000,1.025000000000,0.922500000000,1.025000000000,8,57.14,5,3,180
PDH,1,0.50,5,86,86,16,12,36,22,0,18.60,13.95,41.86,25.58,0.00,0,0.302500000000,0.452500000000,0.540000000000,0.455000000000,2,12.50,2,0,150
PDH,1,0.50,15,86,86,18,23,36,8,1,20.93,26.74,41.86,9.30,1.16,1,0.515000000000,0.682500000000,0.659900000000,0.730000000000,5,27.78,3,2,300
PDH,1,0.50,30,86,86,22,25,36,2,1,25.58,29.07,41.86,2.33,1.16,1,0.675000000000,1.025000000000,0.922500000000,1.025000000000,8,36.36,4,4,330
PDH,1,1.00,5,86,86,6,7,11,62,0,6.98,8.14,12.79,72.09,0.00,0,0.302500000000,0.452500000000,0.540000000000,0.455000000000,1,16.67,1,0,120
PDH,1,1.00,15,86,86,21,22,11,31,1,24.42,25.58,12.79,36.05,1.16,1,0.515000000000,0.682500000000,0.659900000000,0.730000000000,6,28.57,3,3,300
PDH,1,1.00,30,86,86,27,33,11,14,1,31.40,38.37,12.79,16.28,1.16,1,0.675000000000,1.025000000000,0.922500000000,1.025000000000,8,29.63,4,4,330
PDH,2,0.25,5,6,6,2,0,4,0,0,33.33,0.00,66.67,0.00,0.00,0,0.333750000000,0.500000000000,0.447500000000,0.500000000000,1,50.00,1,0,60
PDH,2,0.25,15,6,6,2,0,4,0,0,33.33,0.00,66.67,0.00,0.00,0,0.890000000000,0.500000000000,0.890000000000,0.500000000000,2,100.00,1,1,210
PDH,2,0.25,30,6,6,2,0,4,0,0,33.33,0.00,66.67,0.00,0.00,0,1.260000000000,0.500000000000,1.260000000000,0.500000000000,2,100.00,1,1,210
PDH,2,0.50,5,6,6,1,2,1,2,0,16.67,33.33,16.67,33.33,0.00,0,0.333750000000,0.500000000000,0.447500000000,0.500000000000,0,0.00,0,0,
PDH,2,0.50,15,6,6,2,2,1,1,0,33.33,33.33,16.67,16.67,0.00,0,0.890000000000,0.500000000000,0.890000000000,0.500000000000,0,0.00,0,0,
PDH,2,0.50,30,6,6,2,2,1,1,0,33.33,33.33,16.67,16.67,0.00,0,1.260000000000,0.500000000000,1.260000000000,0.500000000000,0,0.00,0,0,
PDH,2,1.00,5,6,6,0,1,0,5,0,0.00,16.67,0.00,83.33,0.00,0,0.333750000000,0.500000000000,0.447500000000,0.500000000000,0,,0,0,
PDH,2,1.00,15,6,6,2,1,0,3,0,33.33,16.67,0.00,50.00,0.00,0,0.890000000000,0.500000000000,0.890000000000,0.500000000000,1,50.00,1,0,180
PDH,2,1.00,30,6,6,4,1,0,1,0,66.67,16.67,0.00,16.67,0.00,0,1.260000000000,0.500000000000,1.260000000000,0.500000000000,1,25.00,1,0,180
PDH,3+,0.25,5,55,141,27,16,76,21,1,19.15,11.35,53.90,14.89,0.71,2,0.240000000000,0.230000000000,0.399900000000,0.250000000000,6,22.22,6,0,90
PDH,3+,0.25,15,55,141,34,26,76,4,1,24.11,18.44,53.90,2.84,0.71,8,0.350000000000,0.470000000000,0.490000000000,0.470000000000,16,47.06,10,6,210
PDH,3+,0.25,30,55,141,36,27,76,1,1,25.53,19.15,53.90,0.71,0.71,13,0.555000000000,0.605000000000,0.590000000000,0.605000000000,18,50.00,11,7,210
PDH,3+,0.50,5,55,141,30,22,28,59,2,21.28,15.60,19.86,41.84,1.42,2,0.240000000000,0.230000000000,0.399900000000,0.250000000000,6,20.00,6,0,60
PDH,3+,0.50,15,55,141,40,43,28,27,3,28.37,30.50,19.86,19.15,2.13,8,0.350000000000,0.470000000000,0.490000000000,0.470000000000,15,37.50,12,3,180
PDH,3+,0.50,30,55,141,50,49,28,11,3,35.46,34.75,19.86,7.80,2.13,13,0.555000000000,0.605000000000,0.590000000000,0.605000000000,21,42.00,12,9,240
PDH,3+,1.00,5,55,141,8,9,8,114,2,5.67,6.38,5.67,80.85,1.42,2,0.240000000000,0.230000000000,0.399900000000,0.250000000000,1,12.50,1,0,60
PDH,3+,1.00,15,55,141,19,28,8,79,7,13.48,19.86,5.67,56.03,4.96,8,0.350000000000,0.470000000000,0.490000000000,0.470000000000,3,15.79,2,1,300
PDH,3+,1.00,30,55,141,35,40,8,50,8,24.82,28.37,5.67,35.46,5.67,13,0.555000000000,0.605000000000,0.590000000000,0.605000000000,5,14.29,3,2,300
PDH,UNAVAILABLE,0.25,5,0,0,0,0,0,0,0,,,,,,0,,,,,0,,0,0,
PDH,UNAVAILABLE,0.25,15,0,0,0,0,0,0,0,,,,,,0,,,,,0,,0,0,
PDH,UNAVAILABLE,0.25,30,0,0,0,0,0,0,0,,,,,,0,,,,,0,,0,0,
PDH,UNAVAILABLE,0.50,5,0,0,0,0,0,0,0,,,,,,0,,,,,0,,0,0,
PDH,UNAVAILABLE,0.50,15,0,0,0,0,0,0,0,,,,,,0,,,,,0,,0,0,
PDH,UNAVAILABLE,0.50,30,0,0,0,0,0,0,0,,,,,,0,,,,,0,,0,0,
PDH,UNAVAILABLE,1.00,5,0,0,0,0,0,0,0,,,,,,0,,,,,0,,0,0,
PDH,UNAVAILABLE,1.00,15,0,0,0,0,0,0,0,,,,,,0,,,,,0,,0,0,
PDH,UNAVAILABLE,1.00,30,0,0,0,0,0,0,0,,,,,,0,,,,,0,,0,0,
PDL,1,0.25,5,66,66,10,1,55,0,0,15.15,1.52,83.33,0.00,0.00,0,0.454950000000,0.447600000000,0.770000000000,0.471200000000,3,30.00,3,0,60
PDL,1,0.25,15,66,66,10,1,55,0,0,15.15,1.52,83.33,0.00,0.00,0,1.007500000000,0.705000000000,1.040000000000,0.705000000000,6,60.00,5,1,150
PDL,1,0.25,30,66,66,10,1,55,0,0,15.15,1.52,83.33,0.00,0.00,1,1.372500000000,0.972500000000,1.372500000000,0.972500000000,8,80.00,5,3,270
PDL,1,0.50,5,66,66,18,13,30,5,0,27.27,19.70,45.45,7.58,0.00,0,0.454950000000,0.447600000000,0.770000000000,0.471200000000,3,16.67,3,0,180
PDL,1,0.50,15,66,66,21,13,30,2,0,31.82,19.70,45.45,3.03,0.00,0,1.007500000000,0.705000000000,1.040000000000,0.705000000000,3,14.29,3,0,180
PDL,1,0.50,30,66,66,22,13,30,1,0,33.33,19.70,45.45,1.52,0.00,1,1.372500000000,0.972500000000,1.372500000000,0.972500000000,10,45.45,4,6,660
PDL,1,1.00,5,66,66,11,9,8,38,0,16.67,13.64,12.12,57.58,0.00,0,0.454950000000,0.447600000000,0.770000000000,0.471200000000,2,18.18,2,0,150
PDL,1,1.00,15,66,66,25,22,8,11,0,37.88,33.33,12.12,16.67,0.00,0,1.007500000000,0.705000000000,1.040000000000,0.705000000000,5,20.00,4,1,180
PDL,1,1.00,30,66,66,26,26,8,6,0,39.39,39.39,12.12,9.09,0.00,1,1.372500000000,0.972500000000,1.372500000000,0.972500000000,10,38.46,4,6,360
PDL,2,0.25,5,7,7,1,2,4,0,0,14.29,28.57,57.14,0.00,0.00,0,0.360000000000,0.310000000000,0.560000000000,0.310000000000,0,0.00,0,0,
PDL,2,0.25,15,7,7,1,2,4,0,0,14.29,28.57,57.14,0.00,0.00,0,0.740000000000,0.480000000000,0.780000000000,0.480000000000,1,100.00,0,1,600
PDL,2,0.25,30,7,7,1,2,4,0,0,14.29,28.57,57.14,0.00,0.00,0,1.000000000000,1.260000000000,1.000000000000,1.260000000000,1,100.00,0,1,600
PDL,2,0.50,5,7,7,0,0,4,3,0,0.00,0.00,57.14,42.86,0.00,0,0.360000000000,0.310000000000,0.560000000000,0.310000000000,0,,0,0,
PDL,2,0.50,15,7,7,2,0,4,1,0,28.57,0.00,57.14,14.29,0.00,0,0.740000000000,0.480000000000,0.780000000000,0.480000000000,0,0.00,0,0,
PDL,2,0.50,30,7,7,2,1,4,0,0,28.57,14.29,57.14,0.00,0.00,0,1.000000000000,1.260000000000,1.000000000000,1.260000000000,0,0.00,0,0,
PDL,2,1.00,5,7,7,1,1,0,5,0,14.29,14.29,0.00,71.43,0.00,0,0.360000000000,0.310000000000,0.560000000000,0.310000000000,0,0.00,0,0,
PDL,2,1.00,15,7,7,2,2,0,3,0,28.57,28.57,0.00,42.86,0.00,0,0.740000000000,0.480000000000,0.780000000000,0.480000000000,1,50.00,0,1,480
PDL,2,1.00,30,7,7,3,3,0,1,0,42.86,42.86,0.00,14.29,0.00,0,1.000000000000,1.260000000000,1.000000000000,1.260000000000,1,33.33,0,1,480
PDL,3+,0.25,5,47,140,40,23,72,5,0,28.57,16.43,51.43,3.57,0.00,2,0.270000000000,0.335050000000,0.400000000000,0.350000000000,9,22.50,9,0,60
PDL,3+,0.25,15,47,140,42,25,72,1,0,30.00,17.86,51.43,0.71,0.00,10,0.510000000000,0.520000000000,0.570000000000,0.522500000000,25,59.52,14,11,240
PDL,3+,0.25,30,47,140,43,25,72,0,0,30.71,17.86,51.43,0.00,0.00,13,0.700000000000,0.745000000000,0.735050000000,0.760000000000,29,67.44,14,15,360
PDL,3+,0.50,5,47,140,28,40,27,45,0,20.00,28.57,19.29,32.14,0.00,2,0.270000000000,0.335050000000,0.400000000000,0.350000000000,0,0.00,0,0,
PDL,3+,0.50,15,47,140,47,53,27,12,1,33.57,37.86,19.29,8.57,0.71,10,0.510000000000,0.520000000000,0.570000000000,0.522500000000,15,31.91,6,9,420
PDL,3+,0.50,30,47,140,51,58,27,3,1,36.43,41.43,19.29,2.14,0.71,13,0.700000000000,0.745000000000,0.735050000000,0.760000000000,23,45.10,7,16,480
PDL,3+,1.00,5,47,140,11,11,6,112,0,7.86,7.86,4.29,80.00,0.00,2,0.270000000000,0.335050000000,0.400000000000,0.350000000000,0,0.00,0,0,
PDL,3+,1.00,15,47,140,24,27,6,75,8,17.14,19.29,4.29,53.57,5.71,10,0.510000000000,0.520000000000,0.570000000000,0.522500000000,4,16.67,2,2,360
PDL,3+,1.00,30,47,140,42,48,6,36,8,30.00,34.29,4.29,25.71,5.71,13,0.700000000000,0.745000000000,0.735050000000,0.760000000000,9,21.43,2,7,660
PDL,UNAVAILABLE,0.25,5,0,0,0,0,0,0,0,,,,,,0,,,,,0,,0,0,
PDL,UNAVAILABLE,0.25,15,0,0,0,0,0,0,0,,,,,,0,,,,,0,,0,0,
PDL,UNAVAILABLE,0.25,30,0,0,0,0,0,0,0,,,,,,0,,,,,0,,0,0,
PDL,UNAVAILABLE,0.50,5,0,0,0,0,0,0,0,,,,,,0,,,,,0,,0,0,
PDL,UNAVAILABLE,0.50,15,0,0,0,0,0,0,0,,,,,,0,,,,,0,,0,0,
PDL,UNAVAILABLE,0.50,30,0,0,0,0,0,0,0,,,,,,0,,,,,0,,0,0,
PDL,UNAVAILABLE,1.00,5,0,0,0,0,0,0,0,,,,,,0,,,,,0,,0,0,
PDL,UNAVAILABLE,1.00,15,0,0,0,0,0,0,0,,,,,,0,,,,,0,,0,0,
PDL,UNAVAILABLE,1.00,30,0,0,0,0,0,0,0,,,,,,0,,,,,0,,0,0,
PMH,1,0.25,5,2,2,1,0,1,0,0,50.00,0.00,50.00,0.00,0.00,0,0.710000000000,0.345000000000,0.740000000000,0.345000000000,0,0.00,0,0,
PMH,1,0.25,15,2,2,1,0,1,0,0,50.00,0.00,50.00,0.00,0.00,0,0.810000000000,0.410000000000,0.840000000000,0.410000000000,0,0.00,0,0,
PMH,1,0.25,30,2,2,1,0,1,0,0,50.00,0.00,50.00,0.00,0.00,0,2.410000000000,0.410000000000,2.410000000000,0.410000000000,0,0.00,0,0,
PMH,1,0.50,5,2,2,1,1,0,0,0,50.00,50.00,0.00,0.00,0.00,0,0.710000000000,0.345000000000,0.740000000000,0.345000000000,0,0.00,0,0,
PMH,1,0.50,15,2,2,1,1,0,0,0,50.00,50.00,0.00,0.00,0.00,0,0.810000000000,0.410000000000,0.840000000000,0.410000000000,0,0.00,0,0,
PMH,1,0.50,30,2,2,1,1,0,0,0,50.00,50.00,0.00,0.00,0.00,0,2.410000000000,0.410000000000,2.410000000000,0.410000000000,0,0.00,0,0,
PMH,1,1.00,5,2,2,1,0,0,1,0,50.00,0.00,0.00,50.00,0.00,0,0.710000000000,0.345000000000,0.740000000000,0.345000000000,0,0.00,0,0,
PMH,1,1.00,15,2,2,1,0,0,1,0,50.00,0.00,0.00,50.00,0.00,0,0.810000000000,0.410000000000,0.840000000000,0.410000000000,0,0.00,0,0,
PMH,1,1.00,30,2,2,2,0,0,0,0,100.00,0.00,0.00,0.00,0.00,0,2.410000000000,0.410000000000,2.410000000000,0.410000000000,0,0.00,0,0,
PMH,2,0.25,5,0,0,0,0,0,0,0,,,,,,0,,,,,0,,0,0,
PMH,2,0.25,15,0,0,0,0,0,0,0,,,,,,0,,,,,0,,0,0,
PMH,2,0.25,30,0,0,0,0,0,0,0,,,,,,0,,,,,0,,0,0,
PMH,2,0.50,5,0,0,0,0,0,0,0,,,,,,0,,,,,0,,0,0,
PMH,2,0.50,15,0,0,0,0,0,0,0,,,,,,0,,,,,0,,0,0,
PMH,2,0.50,30,0,0,0,0,0,0,0,,,,,,0,,,,,0,,0,0,
PMH,2,1.00,5,0,0,0,0,0,0,0,,,,,,0,,,,,0,,0,0,
PMH,2,1.00,15,0,0,0,0,0,0,0,,,,,,0,,,,,0,,0,0,
PMH,2,1.00,30,0,0,0,0,0,0,0,,,,,,0,,,,,0,,0,0,
PMH,3+,0.25,5,1,1,0,0,1,0,0,0.00,0.00,100.00,0.00,0.00,0,0.630000000000,0.740000000000,0.630000000000,0.740000000000,0,,0,0,
PMH,3+,0.25,15,1,1,0,0,1,0,0,0.00,0.00,100.00,0.00,0.00,0,1.200000000000,0.740000000000,1.200000000000,0.740000000000,0,,0,0,
PMH,3+,0.25,30,1,1,0,0,1,0,0,0.00,0.00,100.00,0.00,0.00,0,1.200000000000,0.740000000000,1.200000000000,0.740000000000,0,,0,0,
PMH,3+,0.50,5,1,1,1,0,0,0,0,100.00,0.00,0.00,0.00,0.00,0,0.630000000000,0.740000000000,0.630000000000,0.740000000000,1,100.00,1,0,60
PMH,3+,0.50,15,1,1,1,0,0,0,0,100.00,0.00,0.00,0.00,0.00,0,1.200000000000,0.740000000000,1.200000000000,0.740000000000,1,100.00,1,0,60
PMH,3+,0.50,30,1,1,1,0,0,0,0,100.00,0.00,0.00,0.00,0.00,0,1.200000000000,0.740000000000,1.200000000000,0.740000000000,1,100.00,1,0,60
PMH,3+,1.00,5,1,1,0,0,0,1,0,0.00,0.00,0.00,100.00,0.00,0,0.630000000000,0.740000000000,0.630000000000,0.740000000000,0,,0,0,
PMH,3+,1.00,15,1,1,1,0,0,0,0,100.00,0.00,0.00,0.00,0.00,0,1.200000000000,0.740000000000,1.200000000000,0.740000000000,0,0.00,0,0,
PMH,3+,1.00,30,1,1,1,0,0,0,0,100.00,0.00,0.00,0.00,0.00,0,1.200000000000,0.740000000000,1.200000000000,0.740000000000,0,0.00,0,0,
PMH,UNAVAILABLE,0.25,5,0,0,0,0,0,0,0,,,,,,0,,,,,0,,0,0,
PMH,UNAVAILABLE,0.25,15,0,0,0,0,0,0,0,,,,,,0,,,,,0,,0,0,
PMH,UNAVAILABLE,0.25,30,0,0,0,0,0,0,0,,,,,,0,,,,,0,,0,0,
PMH,UNAVAILABLE,0.50,5,0,0,0,0,0,0,0,,,,,,0,,,,,0,,0,0,
PMH,UNAVAILABLE,0.50,15,0,0,0,0,0,0,0,,,,,,0,,,,,0,,0,0,
PMH,UNAVAILABLE,0.50,30,0,0,0,0,0,0,0,,,,,,0,,,,,0,,0,0,
PMH,UNAVAILABLE,1.00,5,0,0,0,0,0,0,0,,,,,,0,,,,,0,,0,0,
PMH,UNAVAILABLE,1.00,15,0,0,0,0,0,0,0,,,,,,0,,,,,0,,0,0,
PMH,UNAVAILABLE,1.00,30,0,0,0,0,0,0,0,,,,,,0,,,,,0,,0,0,
PML,1,0.25,5,2,2,0,0,2,0,0,0.00,0.00,100.00,0.00,0.00,0,0.955000000000,0.445000000000,1.340000000000,0.480000000000,0,,0,0,
PML,1,0.25,15,2,2,0,0,2,0,0,0.00,0.00,100.00,0.00,0.00,0,1.125000000000,0.640000000000,1.340000000000,0.640000000000,0,,0,0,
PML,1,0.25,30,2,2,0,0,2,0,0,0.00,0.00,100.00,0.00,0.00,0,1.160000000000,1.625000000000,1.340000000000,1.625000000000,0,,0,0,
PML,1,0.50,5,2,2,0,0,2,0,0,0.00,0.00,100.00,0.00,0.00,0,0.955000000000,0.445000000000,1.340000000000,0.480000000000,0,,0,0,
PML,1,0.50,15,2,2,0,0,2,0,0,0.00,0.00,100.00,0.00,0.00,0,1.125000000000,0.640000000000,1.340000000000,0.640000000000,0,,0,0,
PML,1,0.50,30,2,2,0,0,2,0,0,0.00,0.00,100.00,0.00,0.00,0,1.160000000000,1.625000000000,1.340000000000,1.625000000000,0,,0,0,
PML,1,1.00,5,2,2,1,0,0,1,0,50.00,0.00,0.00,50.00,0.00,0,0.955000000000,0.445000000000,1.340000000000,0.480000000000,0,0.00,0,0,
PML,1,1.00,15,2,2,1,0,0,1,0,50.00,0.00,0.00,50.00,0.00,0,1.125000000000,0.640000000000,1.340000000000,0.640000000000,1,100.00,1,0,240
PML,1,1.00,30,2,2,1,0,0,1,0,50.00,0.00,0.00,50.00,0.00,0,1.160000000000,1.625000000000,1.340000000000,1.625000000000,1,100.00,1,0,240
PML,2,0.25,5,0,0,0,0,0,0,0,,,,,,0,,,,,0,,0,0,
PML,2,0.25,15,0,0,0,0,0,0,0,,,,,,0,,,,,0,,0,0,
PML,2,0.25,30,0,0,0,0,0,0,0,,,,,,0,,,,,0,,0,0,
PML,2,0.50,5,0,0,0,0,0,0,0,,,,,,0,,,,,0,,0,0,
PML,2,0.50,15,0,0,0,0,0,0,0,,,,,,0,,,,,0,,0,0,
PML,2,0.50,30,0,0,0,0,0,0,0,,,,,,0,,,,,0,,0,0,
PML,2,1.00,5,0,0,0,0,0,0,0,,,,,,0,,,,,0,,0,0,
PML,2,1.00,15,0,0,0,0,0,0,0,,,,,,0,,,,,0,,0,0,
PML,2,1.00,30,0,0,0,0,0,0,0,,,,,,0,,,,,0,,0,0,
PML,3+,0.25,5,2,6,2,1,3,0,0,33.33,16.67,50.00,0.00,0.00,0,0.350000000000,0.280000000000,0.350000000000,0.315000000000,0,0.00,0,0,
PML,3+,0.25,15,2,6,2,1,3,0,0,33.33,16.67,50.00,0.00,0.00,0,0.496250000000,0.360000000000,0.496250000000,0.380000000000,0,0.00,0,0,
PML,3+,0.25,30,2,6,2,1,3,0,0,33.33,16.67,50.00,0.00,0.00,1,0.896250000000,1.192500000000,0.896250000000,1.192500000000,1,50.00,0,1,1620
PML,3+,0.50,5,2,6,0,1,2,3,0,0.00,16.67,33.33,50.00,0.00,0,0.350000000000,0.280000000000,0.350000000000,0.315000000000,0,,0,0,
PML,3+,0.50,15,2,6,1,2,2,1,0,16.67,33.33,33.33,16.67,0.00,0,0.496250000000,0.360000000000,0.496250000000,0.380000000000,1,100.00,1,0,180
PML,3+,0.50,30,2,6,2,2,2,0,0,33.33,33.33,33.33,0.00,0.00,1,0.896250000000,1.192500000000,0.896250000000,1.192500000000,1,50.00,1,0,180
PML,3+,1.00,5,2,6,1,0,1,4,0,16.67,0.00,16.67,66.67,0.00,0,0.350000000000,0.280000000000,0.350000000000,0.315000000000,0,0.00,0,0,
PML,3+,1.00,15,2,6,1,1,1,3,0,16.67,16.67,16.67,50.00,0.00,0,0.496250000000,0.360000000000,0.496250000000,0.380000000000,0,0.00,0,0,
PML,3+,1.00,30,2,6,2,2,1,1,0,33.33,33.33,16.67,16.67,0.00,1,0.896250000000,1.192500000000,0.896250000000,1.192500000000,1,50.00,0,1,1140
PML,UNAVAILABLE,0.25,5,0,0,0,0,0,0,0,,,,,,0,,,,,0,,0,0,
PML,UNAVAILABLE,0.25,15,0,0,0,0,0,0,0,,,,,,0,,,,,0,,0,0,
PML,UNAVAILABLE,0.25,30,0,0,0,0,0,0,0,,,,,,0,,,,,0,,0,0,
PML,UNAVAILABLE,0.50,5,0,0,0,0,0,0,0,,,,,,0,,,,,0,,0,0,
PML,UNAVAILABLE,0.50,15,0,0,0,0,0,0,0,,,,,,0,,,,,0,,0,0,
PML,UNAVAILABLE,0.50,30,0,0,0,0,0,0,0,,,,,,0,,,,,0,,0,0,
PML,UNAVAILABLE,1.00,5,0,0,0,0,0,0,0,,,,,,0,,,,,0,,0,0,
PML,UNAVAILABLE,1.00,15,0,0,0,0,0,0,0,,,,,,0,,,,,0,,0,0,
PML,UNAVAILABLE,1.00,30,0,0,0,0,0,0,0,,,,,,0,,,,,0,,0,0,
ORH5,1,0.25,5,154,154,29,13,108,4,0,18.83,8.44,70.13,2.60,0.00,1,0.380000000000,0.360000000000,0.522500000000,0.385000000000,9,31.03,9,0,120
ORH5,1,0.25,15,154,154,31,15,108,0,0,20.13,9.74,70.13,0.00,0.00,2,0.730000000000,0.660000000000,0.745000000000,0.670000000000,19,61.29,11,8,120
ORH5,1,0.25,30,154,154,31,15,108,0,0,20.13,9.74,70.13,0.00,0.00,2,1.050000000000,0.882500000000,1.090500000000,0.882500000000,22,70.97,11,11,300
ORH5,1,0.50,5,154,154,38,34,43,39,0,24.68,22.08,27.92,25.32,0.00,1,0.380000000000,0.360000000000,0.522500000000,0.385000000000,7,18.42,7,0,60
ORH5,1,0.50,15,154,154,53,50,43,8,0,34.42,32.47,27.92,5.19,0.00,2,0.730000000000,0.660000000000,0.745000000000,0.670000000000,25,47.17,15,10,180
ORH5,1,0.50,30,154,154,55,55,43,1,0,35.71,35.71,27.92,0.65,0.00,2,1.050000000000,0.882500000000,1.090500000000,0.882500000000,38,69.09,16,22,510
ORH5,1,1.00,5,154,154,25,14,7,108,0,16.23,9.09,4.55,70.13,0.00,1,0.380000000000,0.360000000000,0.522500000000,0.385000000000,1,4.00,1,0,60
ORH5,1,1.00,15,154,154,53,41,7,53,0,34.42,26.62,4.55,34.42,0.00,2,0.730000000000,0.660000000000,0.745000000000,0.670000000000,14,26.42,5,9,420
ORH5,1,1.00,30,154,154,65,58,7,24,0,42.21,37.66,4.55,15.58,0.00,2,1.050000000000,0.882500000000,1.090500000000,0.882500000000,28,43.08,7,21,510
ORH5,2,0.25,5,9,9,3,2,4,0,0,33.33,22.22,44.44,0.00,0.00,0,0.250000000000,0.450000000000,0.445000000000,0.450000000000,1,33.33,1,0,60
ORH5,2,0.25,15,9,9,3,2,4,0,0,33.33,22.22,44.44,0.00,0.00,0,0.670000000000,0.590100000000,0.670000000000,0.590100000000,1,33.33,1,0,60
ORH5,2,0.25,30,9,9,3,2,4,0,0,33.33,22.22,44.44,0.00,0.00,0,0.790000000000,0.685000000000,0.790000000000,0.685000000000,1,33.33,1,0,60
ORH5,2,0.50,5,9,9,2,2,1,4,0,22.22,22.22,11.11,44.44,0.00,0,0.250000000000,0.450000000000,0.445000000000,0.450000000000,0,0.00,0,0,
ORH5,2,0.50,15,9,9,3,4,1,1,0,33.33,44.44,11.11,11.11,0.00,0,0.670000000000,0.590100000000,0.670000000000,0.590100000000,1,33.33,1,0,180
ORH5,2,0.50,30,9,9,4,4,1,0,0,44.44,44.44,11.11,0.00,0.00,0,0.790000000000,0.685000000000,0.790000000000,0.685000000000,1,25.00,1,0,180
ORH5,2,1.00,5,9,9,0,1,0,8,0,0.00,11.11,0.00,88.89,0.00,0,0.250000000000,0.450000000000,0.445000000000,0.450000000000,0,,0,0,
ORH5,2,1.00,15,9,9,2,2,0,5,0,22.22,22.22,0.00,55.56,0.00,0,0.670000000000,0.590100000000,0.670000000000,0.590100000000,0,0.00,0,0,
ORH5,2,1.00,30,9,9,3,3,0,3,0,33.33,33.33,0.00,33.33,0.00,0,0.790000000000,0.685000000000,0.790000000000,0.685000000000,1,33.33,0,1,840
ORH5,3+,0.25,5,101,276,53,38,160,25,0,19.20,13.77,57.97,9.06,0.00,7,0.277500000000,0.270000000000,0.390000000000,0.288000000000,14,26.42,14,0,120
ORH5,3+,0.25,15,101,276,66,48,160,2,0,23.91,17.39,57.97,0.72,0.00,13,0.499750000000,0.510000000000,0.605000000000,0.510000000000,33,50.00,22,11,180
ORH5,3+,0.25,30,101,276,67,49,160,0,0,24.28,17.75,57.97,0.00,0.00,18,0.705050000000,0.660000000000,0.770000000000,0.660000000000,46,68.66,23,23,300
ORH5,3+,0.50,5,101,276,54,47,56,117,2,19.57,17.03,20.29,42.39,0.72,7,0.277500000000,0.270000000000,0.390000000000,0.288000000000,4,7.41,4,0,120
ORH5,3+,0.50,15,101,276,89,90,56,36,5,32.25,32.61,20.29,13.04,1.81,13,0.499750000000,0.510000000000,0.605000000000,0.510000000000,29,32.58,16,13,300
ORH5,3+,0.50,30,101,276,97,104,56,13,6,35.14,37.68,20.29,4.71,2.17,18,0.705050000000,0.660000000000,0.770000000000,0.660000000000,50,51.55,16,34,480
ORH5,3+,1.00,5,101,276,16,19,9,226,6,5.80,6.88,3.26,81.88,2.17,7,0.277500000000,0.270000000000,0.390000000000,0.288000000000,0,0.00,0,0,
ORH5,3+,1.00,15,101,276,49,52,9,155,11,17.75,18.84,3.26,56.16,3.99,13,0.499750000000,0.510000000000,0.605000000000,0.510000000000,7,14.29,3,4,360
ORH5,3+,1.00,30,101,276,86,82,9,84,15,31.16,29.71,3.26,30.43,5.43,18,0.705050000000,0.660000000000,0.770000000000,0.660000000000,22,25.58,7,15,480
ORH5,UNAVAILABLE,0.25,5,0,0,0,0,0,0,0,,,,,,0,,,,,0,,0,0,
ORH5,UNAVAILABLE,0.25,15,0,0,0,0,0,0,0,,,,,,0,,,,,0,,0,0,
ORH5,UNAVAILABLE,0.25,30,0,0,0,0,0,0,0,,,,,,0,,,,,0,,0,0,
ORH5,UNAVAILABLE,0.50,5,0,0,0,0,0,0,0,,,,,,0,,,,,0,,0,0,
ORH5,UNAVAILABLE,0.50,15,0,0,0,0,0,0,0,,,,,,0,,,,,0,,0,0,
ORH5,UNAVAILABLE,0.50,30,0,0,0,0,0,0,0,,,,,,0,,,,,0,,0,0,
ORH5,UNAVAILABLE,1.00,5,0,0,0,0,0,0,0,,,,,,0,,,,,0,,0,0,
ORH5,UNAVAILABLE,1.00,15,0,0,0,0,0,0,0,,,,,,0,,,,,0,,0,0,
ORH5,UNAVAILABLE,1.00,30,0,0,0,0,0,0,0,,,,,,0,,,,,0,,0,0,
ORL5,1,0.25,5,145,145,27,7,110,1,0,18.62,4.83,75.86,0.69,0.00,2,0.430000000000,0.380000000000,0.570000000000,0.406300000000,9,33.33,9,0,180
ORL5,1,0.25,15,145,145,27,8,110,0,0,18.62,5.52,75.86,0.00,0.00,2,0.789900000000,0.732500000000,0.830000000000,0.755000000000,13,48.15,9,4,180
ORL5,1,0.25,30,145,145,27,8,110,0,0,18.62,5.52,75.86,0.00,0.00,2,1.220000000000,0.940000000000,1.260000000000,0.990000000000,16,59.26,9,7,180
ORL5,1,0.50,5,145,145,46,26,47,25,1,31.72,17.93,32.41,17.24,0.69,2,0.430000000000,0.380000000000,0.570000000000,0.406300000000,13,28.26,13,0,120
ORL5,1,0.50,15,145,145,58,36,48,2,1,40.00,24.83,33.10,1.38,0.69,2,0.789900000000,0.732500000000,0.830000000000,0.755000000000,27,46.55,23,4,180
ORL5,1,0.50,30,145,145,59,37,48,0,1,40.69,25.52,33.10,0.00,0.69,2,1.220000000000,0.940000000000,1.260000000000,0.990000000000,30,50.85,23,7,180
ORL5,1,1.00,5,145,145,22,18,7,97,1,15.17,12.41,4.83,66.90,0.69,2,0.430000000000,0.380000000000,0.570000000000,0.406300000000,4,18.18,4,0,150
ORL5,1,1.00,15,145,145,52,49,7,36,1,35.86,33.79,4.83,24.83,0.69,2,0.789900000000,0.732500000000,0.830000000000,0.755000000000,7,13.46,5,2,180
ORL5,1,1.00,30,145,145,61,58,7,18,1,42.07,40.00,4.83,12.41,0.69,2,1.220000000000,0.940000000000,1.260000000000,0.990000000000,13,21.31,6,7,360
ORL5,2,0.25,5,12,12,4,1,6,1,0,33.33,8.33,50.00,8.33,0.00,0,0.420000000000,0.274950000000,0.655000000000,0.274950000000,2,50.00,2,0,90
ORL5,2,0.25,15,12,12,5,1,6,0,0,41.67,8.33,50.00,0.00,0.00,0,1.055050000000,0.514900000000,1.150050000000,0.514900000000,3,60.00,2,1,120
ORL5,2,0.25,30,12,12,5,1,6,0,0,41.67,8.33,50.00,0.00,0.00,0,1.310050000000,0.922150000000,1.310050000000,0.922150000000,4,80.00,2,2,300
ORL5,2,0.50,5,12,12,2,1,5,4,0,16.67,8.33,41.67,33.33,0.00,0,0.420000000000,0.274950000000,0.655000000000,0.274950000000,0,0.00,0,0,
ORL5,2,0.50,15,12,12,2,2,5,3,0,16.67,16.67,41.67,25.00,0.00,0,1.055050000000,0.514900000000,1.150050000000,0.514900000000,1,50.00,0,1,420
ORL5,2,0.50,30,12,12,4,3,5,0,0,33.33,25.00,41.67,0.00,0.00,0,1.310050000000,0.922150000000,1.310050000000,0.922150000000,2,50.00,1,1,240
ORL5,2,1.00,5,12,12,2,1,1,8,0,16.67,8.33,8.33,66.67,0.00,0,0.420000000000,0.274950000000,0.655000000000,0.274950000000,0,0.00,0,0,
ORL5,2,1.00,15,12,12,5,3,1,3,0,41.67,25.00,8.33,25.00,0.00,0,1.055050000000,0.514900000000,1.150050000000,0.514900000000,1,20.00,1,0,180
ORL5,2,1.00,30,12,12,6,4,1,1,0,50.00,33.33,8.33,8.33,0.00,0,1.310050000000,0.922150000000,1.310050000000,0.922150000000,2,33.33,1,1,600
ORL5,3+,0.25,5,95,265,63,21,152,29,0,23.77,7.92,57.36,10.94,0.00,3,0.350000000000,0.230000000000,0.440000000000,0.240000000000,16,25.40,16,0,120
ORL5,3+,0.25,15,95,265,71,40,152,2,0,26.79,15.09,57.36,0.75,0.00,9,0.550000000000,0.460000000000,0.620000000000,0.465000000000,35,49.30,26,9,180
ORL5,3+,0.25,30,95,265,72,40,152,1,0,27.17,15.09,57.36,0.38,0.00,16,0.690000000000,0.660000000000,0.760000000000,0.670100000000,41,56.94,26,15,240
ORL5,3+,0.50,5,95,265,52,32,60,119,2,19.62,12.08,22.64,44.91,0.75,3,0.350000000000,0.230000000000,0.440000000000,0.240000000000,7,13.46,7,0,120
ORL5,3+,0.50,15,95,265,89,76,60,37,3,33.58,28.68,22.64,13.96,1.13,9,0.550000000000,0.460000000000,0.620000000000,0.465000000000,27,30.34,16,11,300
ORL5,3+,0.50,30,95,265,97,91,60,14,3,36.60,34.34,22.64,5.28,1.13,16,0.690000000000,0.660000000000,0.760000000000,0.670100000000,43,44.33,18,25,420
ORL5,3+,1.00,5,95,265,14,15,15,218,3,5.28,5.66,5.66,82.26,1.13,3,0.350000000000,0.230000000000,0.440000000000,0.240000000000,0,0.00,0,0,
ORL5,3+,1.00,15,95,265,59,55,15,128,8,22.26,20.75,5.66,48.30,3.02,9,0.550000000000,0.460000000000,0.620000000000,0.465000000000,3,5.08,3,0,120
ORL5,3+,1.00,30,95,265,77,73,15,88,12,29.06,27.55,5.66,33.21,4.53,16,0.690000000000,0.660000000000,0.760000000000,0.670100000000,18,23.38,5,13,570
ORL5,UNAVAILABLE,0.25,5,0,0,0,0,0,0,0,,,,,,0,,,,,0,,0,0,
ORL5,UNAVAILABLE,0.25,15,0,0,0,0,0,0,0,,,,,,0,,,,,0,,0,0,
ORL5,UNAVAILABLE,0.25,30,0,0,0,0,0,0,0,,,,,,0,,,,,0,,0,0,
ORL5,UNAVAILABLE,0.50,5,0,0,0,0,0,0,0,,,,,,0,,,,,0,,0,0,
ORL5,UNAVAILABLE,0.50,15,0,0,0,0,0,0,0,,,,,,0,,,,,0,,0,0,
ORL5,UNAVAILABLE,0.50,30,0,0,0,0,0,0,0,,,,,,0,,,,,0,,0,0,
ORL5,UNAVAILABLE,1.00,5,0,0,0,0,0,0,0,,,,,,0,,,,,0,,0,0,
ORL5,UNAVAILABLE,1.00,15,0,0,0,0,0,0,0,,,,,,0,,,,,0,,0,0,
ORL5,UNAVAILABLE,1.00,30,0,0,0,0,0,0,0,,,,,,0,,,,,0,,0,0,
PWH,1,0.25,5,39,39,9,1,24,5,0,23.08,2.56,61.54,12.82,0.00,0,0.270000000000,0.210000000000,0.550000000000,0.235000000000,2,22.22,2,0,90
PWH,1,0.25,15,39,39,13,2,24,0,0,33.33,5.13,61.54,0.00,0.00,1,0.480000000000,0.570000000000,0.579000000000,0.570000000000,6,46.15,4,2,270
PWH,1,0.25,30,39,39,13,2,24,0,0,33.33,5.13,61.54,0.00,0.00,2,0.590000000000,0.760000000000,0.610000000000,0.760000000000,8,61.54,4,4,420
PWH,1,0.50,5,39,39,8,4,15,12,0,20.51,10.26,38.46,30.77,0.00,0,0.270000000000,0.210000000000,0.550000000000,0.235000000000,0,0.00,0,0,
PWH,1,0.50,15,39,39,9,7,15,8,0,23.08,17.95,38.46,20.51,0.00,1,0.480000000000,0.570000000000,0.579000000000,0.570000000000,3,33.33,2,1,300
PWH,1,0.50,30,39,39,13,8,15,3,0,33.33,20.51,38.46,7.69,0.00,2,0.590000000000,0.760000000000,0.610000000000,0.760000000000,6,46.15,3,3,540
PWH,1,1.00,5,39,39,2,4,5,28,0,5.13,10.26,12.82,71.79,0.00,0,0.270000000000,0.210000000000,0.550000000000,0.235000000000,0,0.00,0,0,
PWH,1,1.00,15,39,39,8,13,5,12,1,20.51,33.33,12.82,30.77,2.56,1,0.480000000000,0.570000000000,0.579000000000,0.570000000000,1,12.50,0,1,360
PWH,1,1.00,30,39,39,9,14,5,10,1,23.08,35.90,12.82,25.64,2.56,2,0.590000000000,0.760000000000,0.610000000000,0.760000000000,2,22.22,0,2,570
PWH,2,0.25,5,6,6,3,0,3,0,0,50.00,0.00,50.00,0.00,0.00,0,0.492500000000,0.362500000000,0.492500000000,0.362500000000,0,0.00,0,0,
PWH,2,0.25,15,6,6,3,0,3,0,0,50.00,0.00,50.00,0.00,0.00,0,0.547500000000,0.362500000000,0.547500000000,0.362500000000,1,33.33,1,0,300
PWH,2,0.25,30,6,6,3,0,3,0,0,50.00,0.00,50.00,0.00,0.00,0,1.042500000000,0.520000000000,1.042500000000,0.520000000000,3,100.00,1,2,1080
PWH,2,0.50,5,6,6,3,2,0,1,0,50.00,33.33,0.00,16.67,0.00,0,0.492500000000,0.362500000000,0.492500000000,0.362500000000,0,0.00,0,0,
PWH,2,0.50,15,6,6,3,2,0,1,0,50.00,33.33,0.00,16.67,0.00,0,0.547500000000,0.362500000000,0.547500000000,0.362500000000,0,0.00,0,0,
PWH,2,0.50,30,6,6,3,3,0,0,0,50.00,50.00,0.00,0.00,0.00,0,1.042500000000,0.520000000000,1.042500000000,0.520000000000,2,66.67,0,2,1200
PWH,2,1.00,5,6,6,1,0,0,5,0,16.67,0.00,0.00,83.33,0.00,0,0.492500000000,0.362500000000,0.492500000000,0.362500000000,0,0.00,0,0,
PWH,2,1.00,15,6,6,2,0,0,4,0,33.33,0.00,0.00,66.67,0.00,0,0.547500000000,0.362500000000,0.547500000000,0.362500000000,0,0.00,0,0,
PWH,2,1.00,30,6,6,3,0,0,3,0,50.00,0.00,0.00,50.00,0.00,0,1.042500000000,0.520000000000,1.042500000000,0.520000000000,1,33.33,0,1,1260
PWH,3+,0.25,5,21,59,8,11,28,11,1,13.56,18.64,47.46,18.64,1.69,3,0.220000000000,0.210000000000,0.310000000000,0.220000000000,0,0.00,0,0,
PWH,3+,0.25,15,21,59,13,15,28,2,1,22.03,25.42,47.46,3.39,1.69,4,0.410000000000,0.400000000000,0.430000000000,0.400000000000,1,7.69,0,1,360
PWH,3+,0.25,30,21,59,13,15,28,2,1,22.03,25.42,47.46,3.39,1.69,8,0.480000000000,0.540000000000,0.526500000000,0.540000000000,3,23.08,0,3,600
PWH,3+,0.50,5,21,59,6,5,8,37,3,10.17,8.47,13.56,62.71,5.08,3,0.220000000000,0.210000000000,0.310000000000,0.220000000000,1,16.67,1,0,120
PWH,3+,0.50,15,21,59,16,16,8,16,3,27.12,27.12,13.56,27.12,5.08,4,0.410000000000,0.400000000000,0.430000000000,0.400000000000,2,12.50,1,1,240
PWH,3+,0.50,30,21,59,18,21,8,8,4,30.51,35.59,13.56,13.56,6.78,8,0.480000000000,0.540000000000,0.526500000000,0.540000000000,4,22.22,1,3,510
PWH,3+,1.00,5,21,59,0,2,1,53,3,0.00,3.39,1.69,89.83,5.08,3,0.220000000000,0.210000000000,0.310000000000,0.220000000000,0,,0,0,
PWH,3+,1.00,15,21,59,4,7,1,43,4,6.78,11.86,1.69,72.88,6.78,4,0.410000000000,0.400000000000,0.430000000000,0.400000000000,0,0.00,0,0,
PWH,3+,1.00,30,21,59,11,10,1,32,5,18.64,16.95,1.69,54.24,8.47,8,0.480000000000,0.540000000000,0.526500000000,0.540000000000,1,9.09,1,0,180
PWH,UNAVAILABLE,0.25,5,0,0,0,0,0,0,0,,,,,,0,,,,,0,,0,0,
PWH,UNAVAILABLE,0.25,15,0,0,0,0,0,0,0,,,,,,0,,,,,0,,0,0,
PWH,UNAVAILABLE,0.25,30,0,0,0,0,0,0,0,,,,,,0,,,,,0,,0,0,
PWH,UNAVAILABLE,0.50,5,0,0,0,0,0,0,0,,,,,,0,,,,,0,,0,0,
PWH,UNAVAILABLE,0.50,15,0,0,0,0,0,0,0,,,,,,0,,,,,0,,0,0,
PWH,UNAVAILABLE,0.50,30,0,0,0,0,0,0,0,,,,,,0,,,,,0,,0,0,
PWH,UNAVAILABLE,1.00,5,0,0,0,0,0,0,0,,,,,,0,,,,,0,,0,0,
PWH,UNAVAILABLE,1.00,15,0,0,0,0,0,0,0,,,,,,0,,,,,0,,0,0,
PWH,UNAVAILABLE,1.00,30,0,0,0,0,0,0,0,,,,,,0,,,,,0,,0,0,
PWL,1,0.25,5,34,34,3,2,29,0,0,8.82,5.88,85.29,0.00,0.00,1,0.345000000000,0.452500000000,0.585000000000,0.452500000000,1,33.33,1,0,120
PWL,1,0.25,15,34,34,3,2,29,0,0,8.82,5.88,85.29,0.00,0.00,1,1.225000000000,0.762500000000,1.225000000000,0.762500000000,3,100.00,2,1,240
PWL,1,0.25,30,34,34,3,2,29,0,0,8.82,5.88,85.29,0.00,0.00,1,1.475000000000,0.837500000000,1.475000000000,0.837500000000,3,100.00,2,1,240
PWL,1,0.50,5,34,34,4,5,18,6,1,11.76,14.71,52.94,17.65,2.94,1,0.345000000000,0.452500000000,0.585000000000,0.452500000000,0,0.00,0,0,
PWL,1,0.50,15,34,34,9,6,18,0,1,26.47,17.65,52.94,0.00,2.94,1,1.225000000000,0.762500000000,1.225000000000,0.762500000000,2,22.22,1,1,300
PWL,1,0.50,30,34,34,9,6,18,0,1,26.47,17.65,52.94,0.00,2.94,1,1.475000000000,0.837500000000,1.475000000000,0.837500000000,5,55.56,1,4,540
PWL,1,1.00,5,34,34,3,6,4,20,1,8.82,17.65,11.76,58.82,2.94,1,0.345000000000,0.452500000000,0.585000000000,0.452500000000,0,0.00,0,0,
PWL,1,1.00,15,34,34,14,11,4,4,1,41.18,32.35,11.76,11.76,2.94,1,1.225000000000,0.762500000000,1.225000000000,0.762500000000,4,28.57,2,2,270
PWL,1,1.00,30,34,34,14,12,4,3,1,41.18,35.29,11.76,8.82,2.94,1,1.475000000000,0.837500000000,1.475000000000,0.837500000000,6,42.86,3,3,360
PWL,2,0.25,5,0,0,0,0,0,0,0,,,,,,0,,,,,0,,0,0,
PWL,2,0.25,15,0,0,0,0,0,0,0,,,,,,0,,,,,0,,0,0,
PWL,2,0.25,30,0,0,0,0,0,0,0,,,,,,0,,,,,0,,0,0,
PWL,2,0.50,5,0,0,0,0,0,0,0,,,,,,0,,,,,0,,0,0,
PWL,2,0.50,15,0,0,0,0,0,0,0,,,,,,0,,,,,0,,0,0,
PWL,2,0.50,30,0,0,0,0,0,0,0,,,,,,0,,,,,0,,0,0,
PWL,2,1.00,5,0,0,0,0,0,0,0,,,,,,0,,,,,0,,0,0,
PWL,2,1.00,15,0,0,0,0,0,0,0,,,,,,0,,,,,0,,0,0,
PWL,2,1.00,30,0,0,0,0,0,0,0,,,,,,0,,,,,0,,0,0,
PWL,3+,0.25,5,24,56,11,6,37,2,0,19.64,10.71,66.07,3.57,0.00,0,0.452500000000,0.431000000000,0.555000000000,0.450000000000,2,18.18,2,0,180
PWL,3+,0.25,15,24,56,13,6,37,0,0,23.21,10.71,66.07,0.00,0.00,2,0.655000000000,0.610000000000,0.685000000000,0.610000000000,6,46.15,4,2,240
PWL,3+,0.25,30,24,56,13,6,37,0,0,23.21,10.71,66.07,0.00,0.00,4,0.825000000000,0.817500000000,0.825000000000,0.817500000000,6,46.15,4,2,240
PWL,3+,0.50,5,24,56,14,9,20,13,0,25.00,16.07,35.71,23.21,0.00,0,0.452500000000,0.431000000000,0.555000000000,0.450000000000,1,7.14,1,0,120
PWL,3+,0.50,15,24,56,20,14,20,2,0,35.71,25.00,35.71,3.57,0.00,2,0.655000000000,0.610000000000,0.685000000000,0.610000000000,5,25.00,3,2,180
PWL,3+,0.50,30,24,56,21,15,20,0,0,37.50,26.79,35.71,0.00,0.00,4,0.825000000000,0.817500000000,0.825000000000,0.817500000000,8,38.10,4,4,300
PWL,3+,1.00,5,24,56,6,4,2,44,0,10.71,7.14,3.57,78.57,0.00,0,0.452500000000,0.431000000000,0.555000000000,0.450000000000,0,0.00,0,0,
PWL,3+,1.00,15,24,56,17,17,2,19,1,30.36,30.36,3.57,33.93,1.79,2,0.655000000000,0.610000000000,0.685000000000,0.610000000000,1,5.88,0,1,480
PWL,3+,1.00,30,24,56,21,23,2,8,2,37.50,41.07,3.57,14.29,3.57,4,0.825000000000,0.817500000000,0.825000000000,0.817500000000,5,23.81,1,4,480
PWL,UNAVAILABLE,0.25,5,0,0,0,0,0,0,0,,,,,,0,,,,,0,,0,0,
PWL,UNAVAILABLE,0.25,15,0,0,0,0,0,0,0,,,,,,0,,,,,0,,0,0,
PWL,UNAVAILABLE,0.25,30,0,0,0,0,0,0,0,,,,,,0,,,,,0,,0,0,
PWL,UNAVAILABLE,0.50,5,0,0,0,0,0,0,0,,,,,,0,,,,,0,,0,0,
PWL,UNAVAILABLE,0.50,15,0,0,0,0,0,0,0,,,,,,0,,,,,0,,0,0,
PWL,UNAVAILABLE,0.50,30,0,0,0,0,0,0,0,,,,,,0,,,,,0,,0,0,
PWL,UNAVAILABLE,1.00,5,0,0,0,0,0,0,0,,,,,,0,,,,,0,,0,0,
PWL,UNAVAILABLE,1.00,15,0,0,0,0,0,0,0,,,,,,0,,,,,0,,0,0,
PWL,UNAVAILABLE,1.00,30,0,0,0,0,0,0,0,,,,,,0,,,,,0,,0,0,
1H_HIGH,1,0.25,5,140,894,184,52,620,38,0,20.58,5.82,69.35,4.25,0.00,8,0.370000000000,0.370000000000,0.580000000000,0.410000000000,60,32.61,60,0,120
1H_HIGH,1,0.25,15,140,894,203,64,620,7,0,22.71,7.16,69.35,0.78,0.00,24,0.640000000000,0.710000000000,0.770000000000,0.740000000000,108,53.20,82,26,180
1H_HIGH,1,0.25,30,140,894,206,67,620,1,0,23.04,7.49,69.35,0.11,0.00,40,0.859900000000,0.920000000000,0.961300000000,0.940000000000,136,66.02,85,51,240
1H_HIGH,1,0.50,5,140,894,174,137,361,220,2,19.46,15.32,40.38,24.61,0.22,8,0.370000000000,0.370000000000,0.580000000000,0.410000000000,26,14.94,26,0,120
1H_HIGH,1,0.50,15,140,894,244,211,361,72,6,27.29,23.60,40.38,8.05,0.67,24,0.640000000000,0.710000000000,0.770000000000,0.740000000000,87,35.66,62,25,240
1H_HIGH,1,0.50,30,140,894,259,232,361,36,6,28.97,25.95,40.38,4.03,0.67,40,0.859900000000,0.920000000000,0.961300000000,0.940000000000,127,49.03,65,62,300
1H_HIGH,1,1.00,5,140,894,108,93,79,609,5,12.08,10.40,8.84,68.12,0.56,8,0.370000000000,0.370000000000,0.580000000000,0.410000000000,5,4.63,5,0,120
1H_HIGH,1,1.00,15,140,894,243,274,79,285,13,27.18,30.65,8.84,31.88,1.45,24,0.640000000000,0.710000000000,0.770000000000,0.740000000000,52,21.40,30,22,300
1H_HIGH,1,1.00,30,140,894,311,337,79,153,14,34.79,37.70,8.84,17.11,1.57,40,0.859900000000,0.920000000000,0.961300000000,0.940000000000,85,27.33,33,52,420
1H_HIGH,2,0.25,5,41,59,16,7,33,3,0,27.12,11.86,55.93,5.08,0.00,1,0.350000000000,0.310000000000,0.440000000000,0.335000000000,4,25.00,4,0,120
1H_HIGH,2,0.25,15,41,59,18,8,33,0,0,30.51,13.56,55.93,0.00,0.00,1,0.600000000000,0.480000000000,0.660000000000,0.480000000000,10,55.56,7,3,210
1H_HIGH,2,0.25,30,41,59,18,8,33,0,0,30.51,13.56,55.93,0.00,0.00,3,0.890000000000,0.640000000000,1.130000000000,0.640000000000,14,77.78,8,6,300
1H_HIGH,2,0.50,5,41,59,14,11,12,22,0,23.73,18.64,20.34,37.29,0.00,1,0.350000000000,0.310000000000,0.440000000000,0.335000000000,0,0.00,0,0,
1H_HIGH,2,0.50,15,41,59,23,19,12,5,0,38.98,32.20,20.34,8.47,0.00,1,0.600000000000,0.480000000000,0.660000000000,0.480000000000,4,17.39,3,1,270
1H_HIGH,2,0.50,30,41,59,25,21,12,1,0,42.37,35.59,20.34,1.69,0.00,3,0.890000000000,0.640000000000,1.130000000000,0.640000000000,12,48.00,6,6,360
1H_HIGH,2,1.00,5,41,59,6,5,5,43,0,10.17,8.47,8.47,72.88,0.00,1,0.350000000000,0.310000000000,0.440000000000,0.335000000000,0,0.00,0,0,
1H_HIGH,2,1.00,15,41,59,16,6,5,32,0,27.12,10.17,8.47,54.24,0.00,1,0.600000000000,0.480000000000,0.660000000000,0.480000000000,1,6.25,0,1,540
1H_HIGH,2,1.00,30,41,59,27,10,5,17,0,45.76,16.95,8.47,28.81,0.00,3,0.890000000000,0.640000000000,1.130000000000,0.640000000000,3,11.11,0,3,540
1H_HIGH,3+,0.25,5,123,1345,300,173,706,164,2,22.30,12.86,52.49,12.19,0.15,39,0.270000000000,0.240000000000,0.390000000000,0.250000000000,64,21.33,64,0,120
1H_HIGH,3+,0.25,15,123,1345,374,249,706,14,2,27.81,18.51,52.49,1.04,0.15,87,0.500000000000,0.450000000000,0.545000000000,0.460000000000,174,46.52,112,62,240
1H_HIGH,3+,0.25,30,123,1345,382,253,706,2,2,28.40,18.81,52.49,0.15,0.15,150,0.670000000000,0.620000000000,0.700000000000,0.625000000000,242,63.35,116,126,360
1H_HIGH,3+,0.50,5,123,1345,255,210,249,614,17,18.96,15.61,18.51,45.65,1.26,39,0.270000000000,0.240000000000,0.390000000000,0.250000000000,24,9.41,24,0,60
1H_HIGH,3+,0.50,15,123,1345,448,404,249,221,23,33.31,30.04,18.51,16.43,1.71,87,0.500000000000,0.450000000000,0.545000000000,0.460000000000,132,29.46,83,49,240
1H_HIGH,3+,0.50,30,123,1345,513,469,249,88,26,38.14,34.87,18.51,6.54,1.93,150,0.670000000000,0.620000000000,0.700000000000,0.625000000000,231,45.03,93,138,420
1H_HIGH,3+,1.00,5,123,1345,87,84,45,1093,36,6.47,6.25,3.35,81.26,2.68,39,0.270000000000,0.240000000000,0.390000000000,0.250000000000,5,5.75,5,0,120
1H_HIGH,3+,1.00,15,123,1345,275,248,45,711,66,20.45,18.44,3.35,52.86,4.91,87,0.500000000000,0.450000000000,0.545000000000,0.460000000000,45,16.36,25,20,300
1H_HIGH,3+,1.00,30,123,1345,408,358,45,443,91,30.33,26.62,3.35,32.94,6.77,150,0.670000000000,0.620000000000,0.700000000000,0.625000000000,107,26.23,28,79,480
1H_HIGH,UNAVAILABLE,0.25,5,0,0,0,0,0,0,0,,,,,,0,,,,,0,,0,0,
1H_HIGH,UNAVAILABLE,0.25,15,0,0,0,0,0,0,0,,,,,,0,,,,,0,,0,0,
1H_HIGH,UNAVAILABLE,0.25,30,0,0,0,0,0,0,0,,,,,,0,,,,,0,,0,0,
1H_HIGH,UNAVAILABLE,0.50,5,0,0,0,0,0,0,0,,,,,,0,,,,,0,,0,0,
1H_HIGH,UNAVAILABLE,0.50,15,0,0,0,0,0,0,0,,,,,,0,,,,,0,,0,0,
1H_HIGH,UNAVAILABLE,0.50,30,0,0,0,0,0,0,0,,,,,,0,,,,,0,,0,0,
1H_HIGH,UNAVAILABLE,1.00,5,0,0,0,0,0,0,0,,,,,,0,,,,,0,,0,0,
1H_HIGH,UNAVAILABLE,1.00,15,0,0,0,0,0,0,0,,,,,,0,,,,,0,,0,0,
1H_HIGH,UNAVAILABLE,1.00,30,0,0,0,0,0,0,0,,,,,,0,,,,,0,,0,0,
1H_LOW,1,0.25,5,140,940,155,62,703,20,0,16.49,6.60,74.79,2.13,0.00,8,0.430000000000,0.440000000000,0.620000000000,0.450000000000,60,38.71,60,0,120
1H_LOW,1,0.25,15,140,940,161,75,703,1,0,17.13,7.98,74.79,0.11,0.00,26,0.770000000000,0.801000000000,0.860000000000,0.819900000000,98,60.87,75,23,120
1H_LOW,1,0.25,30,140,940,161,75,703,1,0,17.13,7.98,74.79,0.11,0.00,48,1.050000000000,1.100000000000,1.110000000000,1.120000000000,111,68.94,76,35,180
1H_LOW,1,0.50,5,140,940,207,163,400,170,0,22.02,17.34,42.55,18.09,0.00,8,0.430000000000,0.440000000000,0.620000000000,0.450000000000,36,17.39,36,0,60
1H_LOW,1,0.50,15,140,940,269,225,400,42,4,28.62,23.94,42.55,4.47,0.43,26,0.770000000000,0.801000000000,0.860000000000,0.819900000000,114,42.38,80,34,240
1H_LOW,1,0.50,30,140,940,280,244,400,12,4,29.79,25.96,42.55,1.28,0.43,48,1.050000000000,1.100000000000,1.110000000000,1.120000000000,153,54.64,81,72,300
1H_LOW,1,1.00,5,140,940,114,124,101,599,2,12.13,13.19,10.74,63.72,0.21,8,0.430000000000,0.440000000000,0.620000000000,0.450000000000,4,3.51,4,0,150
1H_LOW,1,1.00,15,140,940,268,309,101,254,8,28.51,32.87,10.74,27.02,0.85,26,0.770000000000,0.801000000000,0.860000000000,0.819900000000,68,25.37,39,29,300
1H_LOW,1,1.00,30,140,940,339,377,101,114,9,36.06,40.11,10.74,12.13,0.96,48,1.050000000000,1.100000000000,1.110000000000,1.120000000000,105,30.97,42,63,360
1H_LOW,2,0.25,5,37,44,9,5,29,1,0,20.45,11.36,65.91,2.27,0.00,0,0.355000000000,0.290000000000,0.430000000000,0.290000000000,2,22.22,2,0,180
1H_LOW,2,0.25,15,37,44,9,6,29,0,0,20.45,13.64,65.91,0.00,0.00,0,0.520000000000,0.545000000000,0.595000000000,0.545000000000,3,33.33,3,0,180
1H_LOW,2,0.25,30,37,44,9,6,29,0,0,20.45,13.64,65.91,0.00,0.00,1,0.745000000000,0.732500000000,0.847500000000,0.732500000000,5,55.56,3,2,180
1H_LOW,2,0.50,5,37,44,8,5,11,20,0,18.18,11.36,25.00,45.45,0.00,0,0.355000000000,0.290000000000,0.430000000000,0.290000000000,2,25.00,2,0,90
1H_LOW,2,0.50,15,37,44,15,12,11,6,0,34.09,27.27,25.00,13.64,0.00,0,0.520000000000,0.545000000000,0.595000000000,0.545000000000,6,40.00,4,2,300
1H_LOW,2,0.50,30,37,44,17,14,11,2,0,38.64,31.82,25.00,4.55,0.00,1,0.745000000000,0.732500000000,0.847500000000,0.732500000000,8,47.06,4,4,450
1H_LOW,2,1.00,5,37,44,5,2,2,35,0,11.36,4.55,4.55,79.55,0.00,0,0.355000000000,0.290000000000,0.430000000000,0.290000000000,0,0.00,0,0,
1H_LOW,2,1.00,15,37,44,8,6,2,28,0,18.18,13.64,4.55,63.64,0.00,0,0.520000000000,0.545000000000,0.595000000000,0.545000000000,2,25.00,0,2,540
1H_LOW,2,1.00,30,37,44,13,13,2,16,0,29.55,29.55,4.55,36.36,0.00,1,0.745000000000,0.732500000000,0.847500000000,0.732500000000,3,23.08,0,3,540
1H_LOW,3+,0.25,5,119,1576,314,179,1003,80,0,19.92,11.36,63.64,5.08,0.00,47,0.322500000000,0.310000000000,0.460000000000,0.323100000000,84,26.75,84,0,120
1H_LOW,3+,0.25,15,119,1576,353,211,1003,9,0,22.40,13.39,63.64,0.57,0.00,109,0.552500000000,0.580000000000,0.640000000000,0.580150000000,190,53.82,129,61,240
1H_LOW,3+,0.25,30,119,1576,358,214,1003,1,0,22.72,13.58,63.64,0.06,0.00,155,0.767000000000,0.770000000000,0.830000000000,0.770000000000,238,66.48,133,105,300
1H_LOW,3+,0.50,5,119,1576,344,278,402,534,18,21.83,17.64,25.51,33.88,1.14,47,0.322500000000,0.310000000000,0.460000000000,0.323100000000,38,11.05,38,0,120
1H_LOW,3+,0.50,15,119,1576,510,468,403,171,24,32.36,29.70,25.57,10.85,1.52,109,0.552500000000,0.580000000000,0.640000000000,0.580150000000,185,36.27,125,60,240
1H_LOW,3+,0.50,30,119,1576,576,513,403,59,25,36.55,32.55,25.57,3.74,1.59,155,0.767000000000,0.770000000000,0.830000000000,0.770000000000,281,48.78,135,146,360
1H_LOW,3+,1.00,5,119,1576,136,113,83,1210,34,8.63,7.17,5.27,76.78,2.16,47,0.322500000000,0.310000000000,0.460000000000,0.323100000000,7,5.15,7,0,120
1H_LOW,3+,1.00,15,119,1576,392,374,83,651,76,24.87,23.73,5.27,41.31,4.82,109,0.552500000000,0.580000000000,0.640000000000,0.580150000000,63,16.07,40,23,300
1H_LOW,3+,1.00,30,119,1576,557,516,83,334,86,35.34,32.74,5.27,21.19,5.46,155,0.767000000000,0.770000000000,0.830000000000,0.770000000000,155,27.83,54,101,480
1H_LOW,UNAVAILABLE,0.25,5,0,0,0,0,0,0,0,,,,,,0,,,,,0,,0,0,
1H_LOW,UNAVAILABLE,0.25,15,0,0,0,0,0,0,0,,,,,,0,,,,,0,,0,0,
1H_LOW,UNAVAILABLE,0.25,30,0,0,0,0,0,0,0,,,,,,0,,,,,0,,0,0,
1H_LOW,UNAVAILABLE,0.50,5,0,0,0,0,0,0,0,,,,,,0,,,,,0,,0,0,
1H_LOW,UNAVAILABLE,0.50,15,0,0,0,0,0,0,0,,,,,,0,,,,,0,,0,0,
1H_LOW,UNAVAILABLE,0.50,30,0,0,0,0,0,0,0,,,,,,0,,,,,0,,0,0,
1H_LOW,UNAVAILABLE,1.00,5,0,0,0,0,0,0,0,,,,,,0,,,,,0,,0,0,
1H_LOW,UNAVAILABLE,1.00,15,0,0,0,0,0,0,0,,,,,,0,,,,,0,,0,0,
1H_LOW,UNAVAILABLE,1.00,30,0,0,0,0,0,0,0,,,,,,0,,,,,0,,0,0,
