family,distance,horizon,draws,seed,contributing_sessions,resampling_sessions,undefined_draws,REJECTION_FIRST_lower_pct,REJECTION_FIRST_upper_pct,CONTINUATION_FIRST_lower_pct,CONTINUATION_FIRST_upper_pct,AMBIGUOUS_lower_pct,AMBIGUOUS_upper_pct,UNRESOLVED_lower_pct,UNRESOLVED_upper_pct,CENSORED_lower_pct,CENSORED_upper_pct
PDH,0.25,5,2000,20260907,86,170,0,12.931034482758620689655172413793103448275862068966,21.660649819494584837545126353790613718411552346570,6.7226890756302521008403361344537815126050420168067,14.859437751004016064257028112449799196787148594378,53.9062500,67.692307692307692307692307692307692307692307692308,6.2271062271062271062271062271062271062271062271062,15.675675675675675675675675675675675675675675675676,0,1.500
PDH,0.25,15,2000,20260907,86,170,0,16.731517509727626459143968871595330739299610894942,26.339285714285714285714285714285714285714285714286,10.526315789473684210526315789473684210526315789474,21.145374449339207048458149779735682819383259911894,53.9062500,67.692307692307692307692307692307692307692307692308,0,4.0909090909090909090909090909090909090909090909091,0,1.500
PDH,0.25,30,2000,20260907,86,170,0,17.241379310344827586206896551724137931034482758621,27.272727272727272727272727272727272727272727272727,10.958904109589041095890410958904109589041095890411,21.395348837209302325581395348837209302325581395349,53.9062500,67.692307692307692307692307692307692307692307692308,0,1.500,0,1.500
PDH,0.50,5,2000,20260907,86,170,0,15.246636771300448430493273542600896860986547085202,25.423728813559322033898305084745762711864406779661,11.162790697674418604651162790697674418604651162791,20.087336244541484716157205240174672489082969432314,20.737327188940092165898617511520737327188940092166,35.576923076923076923076923076923076923076923076923,28.054298642533936651583710407239819004524886877828,42.647058823529411764705882352941176470588235294118,0,2.2935779816513761467889908256880733944954128440367
PDH,0.50,15,2000,20260907,86,170,0,20.547945205479452054794520547945205479452054794521,31.330472103004291845493562231759656652360515021459,23.979591836734693877551020408163265306122448979592,34.913793103448275862068965517241379310344827586207,20.737327188940092165898617511520737327188940092166,35.576923076923076923076923076923076923076923076923,9.8039215686274509803921568627450980392156862745098,21.126760563380281690140845070422535211267605633803,0.38461538461538461538461538461538461538461538461538,3.6585365853658536585365853658536585365853658536585
PDH,0.50,30,2000,20260907,86,170,0,25.974025974025974025974025974025974025974025974026,37.435897435897435897435897435897435897435897435897,26.511627906976744186046511627906976744186046511628,39.45312500,20.737327188940092165898617511520737327188940092166,35.576923076923076923076923076923076923076923076923,2.3346303501945525291828793774319066147859922178988,10.162601626016260162601626016260162601626016260163,0.38461538461538461538461538461538461538461538461538,3.6585365853658536585365853658536585365853658536585
PDH,1.00,5,2000,20260907,86,170,0,3.1674208144796380090497737556561085972850678733032,9.4827586206896551724137931034482758620689655172414,4.0540540540540540540540540540540540540540540540541,10.859728506787330316742081447963800904977375565611,4.2735042735042735042735042735042735042735042735043,12.89062500,70.558375634517766497461928934010152284263959390863,83.739837398373983739837398373983739837398373983740,0,2.2935779816513761467889908256880733944954128440367
PDH,1.00,15,2000,20260907,86,170,0,13.574660633484162895927601809954751131221719457014,23.348017621145374449339207048458149779735682819383,16.528925619834710743801652892561983471074380165289,27.196652719665271966527196652719665271966527196653,4.2735042735042735042735042735042735042735042735043,12.89062500,40.090090090090090090090090090090090090090090090090,56.164383561643835616438356164383561643835616438356,1.3888888888888888888888888888888888888888888888889,5.6872037914691943127962085308056872037914691943128
PDH,1.00,30,2000,20260907,86,170,0,22.695035460992907801418439716312056737588652482270,34.199134199134199134199134199134199134199134199134,26.696832579185520361990950226244343891402714932127,36.974789915966386554621848739495798319327731092437,4.2735042735042735042735042735042735042735042735043,12.89062500,20.434782608695652173913043478260869565217391304348,34.939759036144578313253012048192771084337349397590,1.7021276595744680851063829787234042553191489361702,6.400
PDL,0.25,5,2000,20260907,66,170,0,17.187500,30.841121495327102803738317757009345794392523364486,7.8703703703703703703703703703703703703703703703704,17.045454545454545454545454545454545454545454545455,53.636363636363636363636363636363636363636363636364,69.565217391304347826086956521739130434782608695652,0.40983606557377049180327868852459016393442622950820,4.9450549450549450549450549450549450549450549450549,0,0
PDL,0.25,15,2000,20260907,66,170,0,17.889908256880733944954128440366972477064220183486,31.775700934579439252336448598130841121495327102804,8.7209302325581395348837209302325581395348837209302,18.025751072961373390557939914163090128755364806867,53.636363636363636363636363636363636363636363636364,69.565217391304347826086956521739130434782608695652,0,1.6042780748663101604278074866310160427807486631016,0,0
PDL,0.25,30,2000,20260907,66,170,0,18.045112781954887218045112781954887218045112781955,32.710280373831775700934579439252336448598130841121,8.7209302325581395348837209302325581395348837209302,18.025751072961373390557939914163090128755364806867,53.636363636363636363636363636363636363636363636364,69.565217391304347826086956521739130434782608695652,0,0,0,0
PDL,0.50,5,2000,20260907,66,170,0,16.822429906542056074766355140186915887850467289720,26.146788990825688073394495412844036697247706422018,19.111111111111111111111111111111111111111111111111,30.837004405286343612334801762114537444933920704846,22.110552763819095477386934673366834170854271356784,35.576923076923076923076923076923076923076923076923,17.582417582417582417582417582417582417582417582418,32.684824902723735408560311284046692607003891050584,0,0
PDL,0.50,15,2000,20260907,66,170,0,25.906735751295336787564766839378238341968911917098,39.545454545454545454545454545454545454545454545455,24.691358024691358024691358024691358024691358024691,36.931818181818181818181818181818181818181818181818,22.110552763819095477386934673366834170854271356784,35.576923076923076923076923076923076923076923076923,3.4146341463414634146341463414634146341463414634146,11.210762331838565022421524663677130044843049327354,0,1.5957446808510638297872340425531914893617021276596
PDL,0.50,30,2000,20260907,66,170,0,28.877005347593582887700534759358288770053475935829,41.340782122905027932960893854748603351955307262570,27.314814814814814814814814814814814814814814814815,40.0,22.110552763819095477386934673366834170854271356784,35.576923076923076923076923076923076923076923076923,0,4.3956043956043956043956043956043956043956043956044,0,1.5957446808510638297872340425531914893617021276596
PDL,1.00,5,2000,20260907,66,170,0,6.5989847715736040609137055837563451776649746192893,15.420560747663551401869158878504672897196261682243,6.0344827586206896551724137931034482758620689655172,14.163090128755364806866952789699570815450643776824,3.2388663967611336032388663967611336032388663967611,10.267857142857142857142857142857142857142857142857,64.953271028037383177570093457943925233644859813084,79.792746113989637305699481865284974093264248704663,0,0
PDL,1.00,15,2000,20260907,66,170,0,18.181818181818181818181818181818181818181818181818,30.319148936170212765957446808510638297872340425532,18.450184501845018450184501845018450184501845018450,30.088495575221238938053097345132743362831858407080,3.2388663967611336032388663967611336032388663967611,10.267857142857142857142857142857142857142857142857,32.926829268292682926829268292682926829268292682927,50.214592274678111587982832618025751072961373390558,1.500,6.2801932367149758454106280193236714975845410628019
PDL,1.00,30,2000,20260907,66,170,0,26.178010471204188481675392670157068062827225130890,40.650406504065040650406504065040650406504065040650,28.968253968253968253968253968253968253968253968254,43.589743589743589743589743589743589743589743589744,3.2388663967611336032388663967611336032388663967611,10.267857142857142857142857142857142857142857142857,10.655737704918032786885245901639344262295081967213,29.901960784313725490196078431372549019607843137255,1.500,6.2801932367149758454106280193236714975845410628019
PMH,0.25,5,2000,20260907,2,170,262,0,50.0,0,0,50.0,100,0,0,0,0
PMH,0.25,15,2000,20260907,2,170,262,0,50.0,0,0,50.0,100,0,0,0,0
PMH,0.25,30,2000,20260907,2,170,262,0,50.0,0,0,50.0,100,0,0,0,0
PMH,0.50,5,2000,20260907,2,170,262,0,100,0,100,0,0,0,0,0,0
PMH,0.50,15,2000,20260907,2,170,262,0,100,0,100,0,0,0,0,0,0
PMH,0.50,30,2000,20260907,2,170,262,0,100,0,100,0,0,0,0,0,0
PMH,1.00,5,2000,20260907,2,170,262,0,50.0,0,0,0,0,50.0,100,0,0
PMH,1.00,15,2000,20260907,2,170,262,0,100,0,0,0,0,0,100,0,0
PMH,1.00,30,2000,20260907,2,170,262,100,100,0,0,0,0,0,0,0,0
PML,0.25,5,2000,20260907,2,170,278,16.666666666666666666666666666666666666666666666667,50.0,0,16.666666666666666666666666666666666666666666666667,50.0,66.666666666666666666666666666666666666666666666667,0,0,0,0
PML,0.25,15,2000,20260907,2,170,278,16.666666666666666666666666666666666666666666666667,50.0,0,16.666666666666666666666666666666666666666666666667,50.0,66.666666666666666666666666666666666666666666666667,0,0,0,0
PML,0.25,30,2000,20260907,2,170,278,16.666666666666666666666666666666666666666666666667,50.0,0,16.666666666666666666666666666666666666666666666667,50.0,66.666666666666666666666666666666666666666666666667,0,0,0,0
PML,0.50,5,2000,20260907,2,170,278,0,0,0,16.666666666666666666666666666666666666666666666667,33.333333333333333333333333333333333333333333333333,100,0,50.0,0,0
PML,0.50,15,2000,20260907,2,170,278,0,16.666666666666666666666666666666666666666666666667,0,33.333333333333333333333333333333333333333333333333,33.333333333333333333333333333333333333333333333333,100,0,16.666666666666666666666666666666666666666666666667,0,0
PML,0.50,30,2000,20260907,2,170,278,0,33.333333333333333333333333333333333333333333333333,0,33.333333333333333333333333333333333333333333333333,33.333333333333333333333333333333333333333333333333,100,0,0,0,0
PML,1.00,5,2000,20260907,2,170,278,16.666666666666666666666666666666666666666666666667,50.0,0,0,0,50.0,0,83.333333333333333333333333333333333333333333333333,0,0
PML,1.00,15,2000,20260907,2,170,278,16.666666666666666666666666666666666666666666666667,50.0,0,16.666666666666666666666666666666666666666666666667,0,50.0,0,66.666666666666666666666666666666666666666666666667,0,0
PML,1.00,30,2000,20260907,2,170,278,33.333333333333333333333333333333333333333333333333,50.0,0,33.333333333333333333333333333333333333333333333333,0,50.0,0,33.333333333333333333333333333333333333333333333333,0,0
ORH5,0.25,5,2000,20260907,154,170,0,15.730337078651685393258426966292134831460674157303,23.486682808716707021791767554479418886198547215496,8.9430894308943089430894308943089430894308943089431,15.555555555555555555555555555555555555555555555556,56.152125279642058165548098434004474272930648769575,67.415730337078651685393258426966292134831460674157,3.8793103448275862068965517241379310344827586206897,9.5348837209302325581395348837209302325581395348837,0,0
ORH5,0.25,15,2000,20260907,154,170,0,18.850574712643678160919540229885057471264367816092,27.096774193548387096774193548387096774193548387097,11.337868480725623582766439909297052154195011337868,18.719211822660098522167487684729064039408866995074,56.152125279642058165548098434004474272930648769575,67.415730337078651685393258426966292134831460674157,0,1.1820330969267139479905437352245862884160756501182,0,0
ORH5,0.25,30,2000,20260907,154,170,0,19.047619047619047619047619047619047619047619047619,27.293577981651376146788990825688073394495412844037,11.464968152866242038216560509554140127388535031847,18.859649122807017543859649122807017543859649122807,56.152125279642058165548098434004474272930648769575,67.415730337078651685393258426966292134831460674157,0,0,0,0
ORH5,0.50,5,2000,20260907,154,170,0,17.910447761194029850746268656716417910447761194030,24.944320712694877505567928730512249443207126948775,15.254237288135593220338983050847457627118644067797,22.760290556900726392251815980629539951573849878935,18.262806236080178173719376391982182628062360801782,27.601809954751131221719457013574660633484162895928,30.808080808080808080808080808080808080808080808081,41.975308641975308641975308641975308641975308641975,0,1.1650485436893203883495145631067961165048543689320
ORH5,0.50,15,2000,20260907,154,170,0,28.781512605042016806722689075630252100840336134454,37.198067632850241545893719806763285024154589371981,28.764044943820224719101123595505617977528089887640,36.899563318777292576419213973799126637554585152838,18.262806236080178173719376391982182628062360801782,27.601809954751131221719457013574660633484162895928,7.1258907363420427553444180522565320665083135391924,13.752913752913752913752913752913752913752913752914,0.23923444976076555023923444976076555023923444976077,2.1881838074398249452954048140043763676148796498906
ORH5,0.50,30,2000,20260907,154,170,0,31.2500,39.874739039665970772442588726513569937369519832985,32.819383259911894273127753303964757709251101321586,41.596638655462184873949579831932773109243697478992,18.262806236080178173719376391982182628062360801782,27.601809954751131221719457013574660633484162895928,1.3667425968109339407744874715261958997722095671982,5.3012048192771084337349397590361445783132530120482,0.45662100456621004566210045662100456621004566210046,2.4830699774266365688487584650112866817155756207675
ORH5,1.00,5,2000,20260907,154,170,0,6.9264069264069264069264069264069264069264069264069,11.872146118721461187214611872146118721461187214612,5.2192066805845511482254697286012526096033402922756,10.669975186104218362282878411910669975186104218362,2.0361990950226244343891402714932126696832579185520,5.4761904761904761904761904761904761904761904761905,73.483146067415730337078651685393258426966292134831,82.165605095541401273885350318471337579617834394904,0.44345898004434589800443458980044345898004434589800,2.5287356321839080459770114942528735632183908045977
ORH5,1.00,15,2000,20260907,154,170,0,19.727891156462585034013605442176870748299319727891,27.845036319612590799031476997578692493946731234867,17.523364485981308411214953271028037383177570093458,26.057906458797327394209354120267260579064587973274,2.0361990950226244343891402714932126696832579185520,5.4761904761904761904761904761904761904761904761905,41.878172588832487309644670050761421319796954314721,54.502369668246445497630331753554502369668246445498,1.2106537530266343825665859564164648910411622276029,3.8543897216274089935760171306209850107066381156317
ORH5,1.00,30,2000,20260907,154,170,0,30.227743271221532091097308488612836438923395445135,39.869281045751633986928104575163398692810457516340,28.066037735849056603773584905660377358490566037736,37.092731829573934837092731829573934837092731829574,2.0361990950226244343891402714932126696832579185520,5.4761904761904761904761904761904761904761904761905,19.377990430622009569377990430622009569377990430622,31.207289293849658314350797266514806378132118451025,1.9950124688279301745635910224438902743142144638404,5.00
ORL5,0.25,5,2000,20260907,145,170,0,18.615751789976133651551312649164677804295942720764,25.829383886255924170616113744075829383886255924171,4.6315789473684210526315789473684210526315789473684,9.2715231788079470198675496688741721854304635761589,58.101851851851851851851851851851851851851851851852,69.117647058823529411764705882352941176470588235294,4.4226044226044226044226044226044226044226044226044,10.503282275711159737417943107221006564551422319475,0,0
ORL5,0.25,15,2000,20260907,145,170,0,20.487804878048780487804878048780487804878048780488,28.223844282238442822384428223844282238442822384428,7.812500,15.366972477064220183486238532110091743119266055046,58.101851851851851851851851851851851851851851851852,69.117647058823529411764705882352941176470588235294,0,1.1961722488038277511961722488038277511961722488038,0,0
ORL5,0.25,30,2000,20260907,145,170,0,20.601851851851851851851851851851851851851851851852,28.571428571428571428571428571428571428571428571429,7.812500,15.366972477064220183486238532110091743119266055046,58.101851851851851851851851851851851851851851851852,69.117647058823529411764705882352941176470588235294,0,0.74812967581047381546134663341645885286783042394015,0,0
ORL5,0.50,5,2000,20260907,145,170,0,20.0,27.577937649880095923261390887290167865707434052758,10.512820512820512820512820512820512820512820512821,17.718446601941747572815533980582524271844660194175,22.196796338672768878718535469107551487414187643021,31.216931216931216931216931216931216931216931216931,28.720626631853785900783289817232375979112271540470,41.404358353510895883777239709443099273607748184019,0,1.5909090909090909090909090909090909090909090909091
ORL5,0.50,15,2000,20260907,145,170,0,31.172069825436408977556109725685785536159600997506,39.736842105263157894736842105263157894736842105263,22.596153846153846153846153846153846153846153846154,31.486146095717884130982367758186397984886649874055,22.510822510822510822510822510822510822510822510823,31.408775981524249422632794457274826789838337182448,6.3781321184510250569476082004555808656036446469248,14.022988505747126436781609195402298850574712643678,0.22321428571428571428571428571428571428571428571429,1.9512195121951219512195121951219512195121951219512
ORL5,0.50,30,2000,20260907,145,170,0,33.668341708542713567839195979899497487437185929648,42.063492063492063492063492063492063492063492063492,26.430517711171662125340599455040871934604904632153,35.406698564593301435406698564593301435406698564593,22.510822510822510822510822510822510822510822510823,31.408775981524249422632794457274826789838337182448,1.7721518987341772151898734177215189873417721518987,5.1440329218106995884773662551440329218106995884774,0.22321428571428571428571428571428571428571428571429,1.9512195121951219512195121951219512195121951219512
ORL5,1.00,5,2000,20260907,145,170,0,6.4285714285714285714285714285714285714285714285714,11.917098445595854922279792746113989637305699481865,5.5944055944055944055944055944055944055944055944056,10.755148741418764302059496567505720823798627002288,3.2710280373831775700934579439252336448598130841121,7.7114427860696517412935323383084577114427860696517,71.219512195121951219512195121951219512195121951220,81.343283582089552238805970149253731343283582089552,0.22321428571428571428571428571428571428571428571429,1.9464720194647201946472019464720194647201946472019
ORL5,1.00,15,2000,20260907,145,170,0,22.972972972972972972972972972972972972972972972973,32.142857142857142857142857142857142857142857142857,21.179039301310043668122270742358078602620087336245,29.729729729729729729729729729729729729729729729730,3.2710280373831775700934579439252336448598130841121,7.7114427860696517412935323383084577114427860696517,32.935560859188544152744630071599045346062052505967,46.013667425968109339407744874715261958997722095672,0.92165898617511520737327188940092165898617511520737,3.5971223021582733812949640287769784172661870503597
ORL5,1.00,30,2000,20260907,145,170,0,29.503916449086161879895561357702349869451697127937,38.873994638069705093833780160857908847184986595174,27.816091954022988505747126436781609195402298850575,36.473429951690821256038647342995169082125603864734,3.2710280373831775700934579439252336448598130841121,7.7114427860696517412935323383084577114427860696517,19.794344473007712082262210796915167095115681233933,31.072210065645514223194748358862144420131291028446,1.6470588235294117647058823529411764705882352941176,4.7169811320754716981132075471698113207547169811321
PWH,0.25,5,2000,20260907,39,170,0,12.00,26.470588235294117647058823529411764705882352941176,5.7692307692307692307692307692307692307692307692308,16.541353383458646616541353383458646616541353383459,41.525423728813559322033898305084745762711864406780,65.277777777777777777777777777777777777777777777778,6.4285714285714285714285714285714285714285714285714,26.618705035971223021582733812949640287769784172662,0,3.2967032967032967032967032967032967032967032967033
PWH,0.25,15,2000,20260907,39,170,0,20.175438596491228070175438596491228070175438596491,36.363636363636363636363636363636363636363636363636,9.5890410958904109589041095890410958904109589041096,22.689075630252100840336134453781512605042016806723,41.525423728813559322033898305084745762711864406780,65.277777777777777777777777777777777777777777777778,0,4.9382716049382716049382716049382716049382716049383,0,3.2967032967032967032967032967032967032967032967033
PWH,0.25,30,2000,20260907,39,170,0,20.175438596491228070175438596491228070175438596491,36.363636363636363636363636363636363636363636363636,9.5890410958904109589041095890410958904109589041096,22.689075630252100840336134453781512605042016806723,41.525423728813559322033898305084745762711864406780,65.277777777777777777777777777777777777777777777778,0,4.9382716049382716049382716049382716049382716049383,0,3.2967032967032967032967032967032967032967032967033
PWH,0.50,5,2000,20260907,39,170,0,9.8214285714285714285714285714285714285714285714286,23.529411764705882352941176470588235294117647058824,3.8095238095238095238095238095238095238095238095238,18.518518518518518518518518518518518518518518518519,13.7500,32.978723404255319148936170212765957446808510638298,33.980582524271844660194174757281553398058252427184,60.396039603960396039603960396039603960396039603960,0,6.4516129032258064516129032258064516129032258064516
PWH,0.50,15,2000,20260907,39,170,0,18.348623853211009174311926605504587155963302752294,35.714285714285714285714285714285714285714285714286,15.789473684210526315789473684210526315789473684211,32.142857142857142857142857142857142857142857142857,13.7500,32.978723404255319148936170212765957446808510638298,15.384615384615384615384615384615384615384615384615,33.766233766233766233766233766233766233766233766234,0,6.4516129032258064516129032258064516129032258064516
PWH,0.50,30,2000,20260907,39,170,0,24.324324324324324324324324324324324324324324324324,41.481481481481481481481481481481481481481481481481,21.348314606741573033707865168539325842696629213483,39.130434782608695652173913043478260869565217391304,13.7500,32.978723404255319148936170212765957446808510638298,4.4117647058823529411764705882352941176470588235294,17.741935483870967741935483870967741935483870967742,0.86206896551724137931034482758620689655172413793103,7.812500
PWH,1.00,5,2000,20260907,39,170,0,0,6.7796610169491525423728813559322033898305084745763,2.1052631578947368421052631578947368421052631578947,9.5238095238095238095238095238095238095238095238095,1.1627906976744186046511627906976744186046511627907,12.371134020618556701030927835051546391752577319588,73.611111111111111111111111111111111111111111111111,89.820359281437125748502994011976047904191616766467,0,6.4516129032258064516129032258064516129032258064516
PWH,1.00,15,2000,20260907,39,170,0,6.0606060606060606060606060606060606060606060606061,21.495327102803738317757009345794392523364485981308,11.976047904191616766467065868263473053892215568862,28.409090909090909090909090909090909090909090909091,1.1627906976744186046511627906976744186046511627907,12.371134020618556701030927835051546391752577319588,43.396226415094339622641509433962264150943396226415,68.00,1.2048192771084337349397590361445783132530120481928,9.7560975609756097560975609756097560975609756097561
PWH,1.00,30,2000,20260907,39,170,0,12.711864406779661016949152542372881355932203389831,31.428571428571428571428571428571428571428571428571,15.294117647058823529411764705882352941176470588235,32.653061224489795918367346938775510204081632653061,1.1627906976744186046511627906976744186046511627907,12.371134020618556701030927835051546391752577319588,29.591836734693877551020408163265306122448979591837,55.294117647058823529411764705882352941176470588235,1.9230769230769230769230769230769230769230769230769,10.989010989010989010989010989010989010989010989011
PWL,0.25,5,2000,20260907,34,170,0,7.8947368421052631578947368421052631578947368421053,24.752475247524752475247524752475247524752475247525,2.7027027027027027027027027027027027027027027027027,15.789473684210526315789473684210526315789473684211,63.414634146341463414634146341463414634146341463415,82.539682539682539682539682539682539682539682539683,0,5.7971014492753623188405797101449275362318840579710,0,0
PWL,0.25,15,2000,20260907,34,170,0,9.4594594594594594594594594594594594594594594594595,27.450980392156862745098039215686274509803921568627,2.7027027027027027027027027027027027027027027027027,15.789473684210526315789473684210526315789473684211,63.414634146341463414634146341463414634146341463415,82.539682539682539682539682539682539682539682539683,0,0,0,0
PWL,0.25,30,2000,20260907,34,170,0,9.4594594594594594594594594594594594594594594594595,27.450980392156862745098039215686274509803921568627,2.7027027027027027027027027027027027027027027027027,15.789473684210526315789473684210526315789473684211,63.414634146341463414634146341463414634146341463415,82.539682539682539682539682539682539682539682539683,0,0,0,0
PWL,0.50,5,2000,20260907,34,170,0,11.940298507462686567164179104477611940298507462687,29.032258064516129032258064516129032258064516129032,8.8235294117647058823529411764705882352941176470588,22.641509433962264150943396226415094339622641509434,30.337078651685393258426966292134831460674157303371,54.545454545454545454545454545454545454545454545455,10.309278350515463917525773195876288659793814432990,32.857142857142857142857142857142857142857142857143,0,3.9473684210526315789473684210526315789473684210526
PWL,0.50,15,2000,20260907,34,170,0,20.930232558139534883720930232558139534883720930233,44.303797468354430379746835443037974683544303797468,14.615384615384615384615384615384615384615384615385,30.555555555555555555555555555555555555555555555556,30.337078651685393258426966292134831460674157303371,54.545454545454545454545454545454545454545454545455,0,5.7971014492753623188405797101449275362318840579710,0,3.9473684210526315789473684210526315789473684210526
PWL,0.50,30,2000,20260907,34,170,0,22.00,45.360824742268041237113402061855670103092783505155,15.294117647058823529411764705882352941176470588235,31.521739130434782608695652173913043478260869565217,30.337078651685393258426966292134831460674157303371,54.545454545454545454545454545454545454545454545455,0,0,0,3.9473684210526315789473684210526315789473684210526
PWL,1.00,5,2000,20260907,34,170,0,4.8387096774193548387096774193548387096774193548387,16.049382716049382716049382716049382716049382716049,4.2553191489361702127659574468085106382978723404255,19.480519480519480519480519480519480519480519480519,2.2471910112359550561797752808988764044943820224719,11.842105263157894736842105263157894736842105263158,60.273972602739726027397260273972602739726027397260,80.898876404494382022471910112359550561797752808989,0,3.9473684210526315789473684210526315789473684210526
PWL,1.00,15,2000,20260907,34,170,0,25.00,44.615384615384615384615384615384615384615384615385,21.428571428571428571428571428571428571428571428571,41.558441558441558441558441558441558441558441558442,2.2471910112359550561797752808988764044943820224719,11.842105263157894736842105263157894736842105263158,12.790697674418604651162790697674418604651162790698,37.804878048780487804878048780487804878048780487805,0,6.0975609756097560975609756097560975609756097560976
PWL,1.00,30,2000,20260907,34,170,0,29.230769230769230769230769230769230769230769230769,48.913043478260869565217391304347826086956521739130,28.947368421052631578947368421052631578947368421053,49.295774647887323943661971830985915492957746478873,2.2471910112359550561797752808988764044943820224719,11.842105263157894736842105263157894736842105263158,4.5454545454545454545454545454545454545454545454545,21.111111111111111111111111111111111111111111111111,0,7.8947368421052631578947368421052631578947368421053
1H_HIGH,0.25,5,2000,20260907,140,170,0,19.991212653778558875219683655536028119507908611599,23.633156966490299823633156966490299823633156966490,8.4269662921348314606741573033707865168539325842697,11.880772460117548278757346767422334172963895885810,55.316344463971880492091388400702987697715289982425,62.609736632083000798084596967278531524341580207502,6.9311246730601569311246730601569311246730601569311,11.211477151965993623804463336875664187035069075452,0,0.23094688221709006928406466512702078521939953810624
1H_HIGH,0.25,15,2000,20260907,140,170,0,23.833485818847209515096065873741994510521500457457,28.120775123929698062190175754844524560612888688598,11.720385098367517789870238593553788195897865215571,16.365280289330922242314647377938517179023508137432,55.316344463971880492091388400702987697715289982425,62.609736632083000798084596967278531524341580207502,0.43233895373973194984868136619109381755296152183312,1.5858631626642501132759401903035795197100135931128,0,0.23094688221709006928406466512702078521939953810624
1H_HIGH,0.25,30,2000,20260907,140,170,0,24.243680066307501036054703688354745130542892664733,28.768956289027653880463871543264942016057091882248,11.964285714285714285714285714285714285714285714286,16.726943942133815551537070524412296564195298372514,55.316344463971880492091388400702987697715289982425,62.609736632083000798084596967278531524341580207502,0,0.31695721077654516640253565768621236133122028526149,0,0.23094688221709006928406466512702078521939953810624
1H_HIGH,0.50,5,2000,20260907,140,170,0,17.284925019731649565903709550118389897395422257301,21.330089213300892133008921330089213300892133008921,13.705583756345177664974619289340101522842639593909,17.635506677140612725844461901021209740769835035350,23.717685679113664341403364792778005744768157570784,30.310358726320032245062474808544941555824264409512,32.788798133022170361726954492415402567094515752625,41.606591143151390319258496395468589083419155509784,0.42034468263976460697772173182009247583018074821354,1.3019739605207895842083158336833263334733305333893
1H_HIGH,0.50,15,2000,20260907,140,170,0,29.025044722719141323792486583184257602862254025045,33.227990970654627539503386004514672686230248306998,25.132978723404255319148936170212765957446808510638,30.305532617671345995045417010734929810074318744839,23.717685679113664341403364792778005744768157570784,30.310358726320032245062474808544941555824264409512,10.330912025827280064568200161420500403551251008878,15.913284132841328413284132841328413284132841328413,0.72556551429790866410584720443875373452838241570636,1.8790100824931255728689275893675527039413382218148
1H_HIGH,0.50,30,2000,20260907,140,170,0,32.611577551922227132125497127706584180291648254529,36.717998075072184793070259865255052935514918190568,28.925956061838893409275834011391375101708706265256,34.135060129509713228492136910268270120259019426457,23.717685679113664341403364792778005744768157570784,30.310358726320032245062474808544941555824264409512,3.8390379278445883441258094357076780758556891766883,7.2983870967741935483870967741935483870967741935484,0.86124401913875598086124401913875598086124401913876,2.0254357041921808761186999528968440885539331135186
1H_HIGH,1.00,5,2000,20260907,140,170,0,7.0143054914628518689432395016151361329026303645593,10.589171974522292993630573248407643312101910828025,6.2200956937799043062200956937799043062200956937799,9.7390493942218080149114631873252562907735321528425,4.2030134813639968279143536875495638382236320380650,7.1887034659820282413350449293966623876765083440308,72.222222222222222222222222222222222222222222222222,79.494911421032793064455333584621183565774594798342,1.1963696369636963696369636963696369636963696369637,2.4045261669024045261669024045261669024045261669024
1H_HIGH,1.00,15,2000,20260907,140,170,0,20.378963650425367362722351121423047177107501933488,26.098794243485025281991443018280824581874756903928,19.731610337972166998011928429423459244532803180915,26.161573880284637923817496860611134365843449141900,4.2030134813639968279143536875495638382236320380650,7.1887034659820282413350449293966623876765083440308,40.137516115169746454662655779974215728405672539751,49.603524229074889867841409691629955947136563876652,2.6282853566958698372966207759699624530663329161452,4.3043043043043043043043043043043043043043043043043
1H_HIGH,1.00,30,2000,20260907,140,170,0,29.339351661879359868691013541239228559704554780468,35.691657866948257655755015839493136219640971488912,27.405764966740576496674057649667405764966740576497,33.783277090363704536932883389576302962129733783277,4.2030134813639968279143536875495638382236320380650,7.1887034659820282413350449293966623876765083440308,22.775947281713344316309719934102141680395387149918,30.866510538641686182669789227166276346604215456674,3.7367993501218521527213647441104792851340373679935,5.4961832061068702290076335877862595419847328244275
1H_LOW,0.25,5,2000,20260907,140,170,0,17.224334600760456273764258555133079847908745247148,20.273972602739726027397260273972602739726027397260,8.1700554528650646950092421441774491682070240295749,11.194590533433508640120210368144252441773102930128,64.844671647660243806527723161620133700353912701534,70.655737704918032786885245901639344262295081967213,2.5354969574036511156186612576064908722109533468560,5.5629728526924788607031597685803293279928793947486,0,0
1H_LOW,0.25,15,2000,20260907,140,170,0,18.731563421828908554572271386430678466076696165192,22.143195827406353722143195827406353722143195827406,9.5163316582914572864321608040201005025125628140704,13.435700575815738963531669865642994241842610364683,64.844671647660243806527723161620133700353912701534,70.655737704918032786885245901639344262295081967213,0.045207956600361663652802893309222423146473779385172,0.90460526315789473684210526315789473684210526315789,0,0
1H_LOW,0.25,30,2000,20260907,140,170,0,18.865866957470010905125408942202835332606324972737,22.394881170018281535648994515539305301645338208410,9.6105527638190954773869346733668341708542713567839,13.621138816524004465947152958689988835132117603275,64.844671647660243806527723161620133700353912701534,70.655737704918032786885245901639344262295081967213,0,0.20597322348094747682801235839340885684860968074150,0,0
1H_LOW,0.50,5,2000,20260907,140,170,0,19.821605550049554013875123885034687809712586719524,23.935091277890466531440162271805273833671399594320,15.268166089965397923875432525951557093425605536332,19.526627218934911242603550295857988165680473372781,28.287002253944402704733283245679939894815927873779,35.221305326331582895723930982745686421605401350338,24.673987645847632120796156485929993136582017844887,32.363013698630136986301369863013698630136986301370,0.35932446999640675530003593244699964067553000359324,1.0853293413173652694610778443113772455089820359281
1H_LOW,0.50,15,2000,20260907,140,170,0,28.673835125448028673835125448028673835125448028674,33.424230619400077911959485781067393844955200623296,24.772817068352429869616752271829316475701303832477,30.197594501718213058419243986254295532646048109966,28.315262718932443703085904920767306088407005838198,35.296324081020255063765941485371342835708927231808,6.3782170831779186870570682581126445356210369265200,11.124121779859484777517564402810304449648711943794,0.66143034311699049193881769326167837949565936337329,1.5467904098994586233565351894818252126836813611756
1H_LOW,0.50,30,2000,20260907,140,170,0,31.763456090651558073654390934844192634560906515581,36.466492602262837249782419495213228894691035683203,27.323494216194654966094934184284004786597526924611,32.997010463378176382660687593423019431988041853513,28.315262718932443703085904920767306088407005838198,35.296324081020255063765941485371342835708927231808,1.7760617760617760617760617760617760617760617760618,4.2020046260601387818041634541249036237471087124133,0.70045323444581788215904408735063864853728883395138,1.6129032258064516129032258064516129032258064516129
1H_LOW,1.00,5,2000,20260907,140,170,0,8.2553883692557950386335908906059373729158194387963,11.616161616161616161616161616161616161616161616162,7.4614065180102915951972555746140651801029159519726,11.231184870706291007333076032419915090698571979931,5.5431381314260169870362092087617344658024139472508,8.9601315248664200575421290587751746814632141389231,68.465909090909090909090909090909090909090909090909,75.746767721801159161836825679893000445831475702185,0.90125391849529780564263322884012539184952978056426,1.8962848297213622291021671826625386996904024767802
1H_LOW,1.00,15,2000,20260907,140,170,0,23.141592920353982300884955752212389380530973451327,29.030006978367062107466852756454989532449406838800,23.837784371909000989119683481701285855588526211672,29.989094874591057797164667393675027262813522355507,5.5431381314260169870362092087617344658024139472508,8.9601315248664200575421290587751746814632141389231,32.321899736147757255936675461741424802110817941953,40.995360607338675664276676507802614930409110080135,2.5252525252525252525252525252525252525252525252525,4.0451895043731778425655976676384839650145772594752
1H_LOW,1.00,30,2000,20260907,140,170,0,31.958762886597938144329896907216494845360824742268,38.910658307210031347962382445141065830721003134796,31.990426804946150777822098125249301954527323494216,38.727678571428571428571428571428571428571428571429,5.5431381314260169870362092087617344658024139472508,8.9601315248664200575421290587751746814632141389231,14.773836641718190693133745525545069964204360559714,21.983683984542722198368398454272219836839845427222,2.9277566539923954372623574144486692015209125475285,4.4938917975567190226876090750436300174520069808028
