family,single_touch_rejection,distance,horizon,contributing_sessions,episodes,REJECTION_FIRST_n,CONTINUATION_FIRST_n,AMBIGUOUS_n,UNRESOLVED_n,CENSORED_n,REJECTION_FIRST_pct,CONTINUATION_FIRST_pct,AMBIGUOUS_pct,UNRESOLVED_pct,CENSORED_pct,horizon_censored_flag_n,median_mfe_lower_bound,median_mae_lower_bound,median_mfe_envelope_upper,median_mae_envelope_upper,reclaim_n,reclaim_pct_of_rejection_first,quick_reclaim_n,later_reclaim_n,median_time_to_reclaim_seconds
ALL,True,0.25,5,165,1267,1267,0,0,0,0,100.00,0.00,0.00,0.00,0.00,21,0.560000000000,0.060000000000,0.595500000000,0.120000000000,351,27.70,351,0,120
ALL,True,0.25,15,165,1376,1376,0,0,0,0,100.00,0.00,0.00,0.00,0.00,63,0.750000000000,0.200000000000,0.780000000000,0.210000000000,737,53.56,507,230,180
ALL,True,0.25,30,165,1381,1381,0,0,0,0,100.00,0.00,0.00,0.00,0.00,108,0.990000000000,0.365000000000,1.010000000000,0.365000000000,905,65.53,514,391,240
ALL,True,0.50,5,163,1283,1283,0,0,0,0,100.00,0.00,0.00,0.00,0.00,18,0.790000000000,0.070000000000,0.799300000000,0.150000000000,168,13.09,168,0,120
ALL,True,0.50,15,167,1718,1718,0,0,0,0,100.00,0.00,0.00,0.00,0.00,62,1.020000000000,0.217100000000,1.025000000000,0.240000000000,630,36.67,420,210,240
ALL,True,0.50,30,167,1784,1784,0,0,0,0,100.00,0.00,0.00,0.00,0.00,114,1.287500000000,0.320000000000,1.292500000000,0.330000000000,899,50.39,429,470,360
ALL,True,1.00,5,116,572,572,0,0,0,0,100.00,0.00,0.00,0.00,0.00,8,1.320000000000,0.015000000000,1.320000000000,0.162500000000,29,5.07,29,0,120
ALL,True,1.00,15,153,1303,1303,0,0,0,0,100.00,0.00,0.00,0.00,0.00,31,1.555000000000,0.240000000000,1.555000000000,0.280000000000,263,20.18,145,118,300
ALL,True,1.00,30,160,1522,1522,0,0,0,0,100.00,0.00,0.00,0.00,0.00,74,1.730000000000,0.320000000000,1.735000000000,0.350050000000,479,31.47,159,320,420
ALL,False,0.25,5,170,5103,18,632,4035,414,4,0.35,12.38,79.07,8.11,0.08,103,0.250000000000,0.390000000000,0.447000000000,0.400000000000,3,16.67,3,0,60
ALL,False,0.25,15,169,4994,96,817,4035,42,4,1.92,16.36,80.80,0.84,0.08,237,0.510000000000,0.675000000000,0.632550000000,0.686000000000,23,23.96,18,5,180
ALL,False,0.25,30,169,4989,112,829,4035,9,4,2.24,16.62,80.88,0.18,0.08,371,0.730000000000,0.890000000000,0.810000000000,0.900000000000,61,54.46,26,35,420
ALL,False,0.50,5,170,5087,43,1062,1838,2096,48,0.85,20.88,36.13,41.20,0.94,106,0.250000000000,0.395000000000,0.399900000000,0.405000000000,3,6.98,3,0,60
ALL,False,0.50,15,170,4652,275,1779,1840,683,75,5.91,38.24,39.55,14.68,1.61,238,0.390000000000,0.750000000000,0.500000000000,0.755000000000,60,21.82,41,19,210
ALL,False,0.50,30,170,4586,419,1991,1840,255,81,9.14,43.41,40.12,5.56,1.77,365,0.540000000000,0.970000000000,0.680000000000,0.980000000000,166,39.62,68,98,390
ALL,False,1.00,5,170,5798,15,543,400,4747,93,0.26,9.37,6.90,81.87,1.60,116,0.290000000000,0.350000000000,0.440000000000,0.360000000000,1,6.67,1,0,60
ALL,False,1.00,15,170,5067,261,1570,400,2630,206,5.15,30.98,7.89,51.90,4.07,269,0.430100000000,0.680000000000,0.534000000000,0.690000000000,27,10.34,21,6,240
ALL,False,1.00,30,170,4848,632,2101,400,1461,254,13.04,43.34,8.25,30.14,5.24,405,0.560000000000,0.970000000000,0.650000000000,0.980000000000,114,18.04,44,70,420
PDH,True,0.25,5,32,39,39,0,0,0,0,100.00,0.00,0.00,0.00,0.00,1,0.605000000000,0.040000000000,0.610000000000,0.150000000000,11,28.21,11,0,120
PDH,True,0.25,15,33,40,40,0,0,0,0,100.00,0.00,0.00,0.00,0.00,2,0.707000000000,0.210000000000,0.734500000000,0.230000000000,21,52.50,14,7,180
PDH,True,0.25,30,34,41,41,0,0,0,0,100.00,0.00,0.00,0.00,0.00,4,0.860000000000,0.330000000000,0.860000000000,0.330000000000,24,58.54,15,9,180
PDH,True,0.50,5,34,45,45,0,0,0,0,100.00,0.00,0.00,0.00,0.00,0,0.740000000000,0.110000000000,0.750000000000,0.155000000000,8,17.78,8,0,90
PDH,True,0.50,15,39,56,56,0,0,0,0,100.00,0.00,0.00,0.00,0.00,1,0.977500000000,0.202500000000,0.977500000000,0.222500000000,18,32.14,14,4,180
PDH,True,0.50,30,43,63,63,0,0,0,0,100.00,0.00,0.00,0.00,0.00,2,1.265000000000,0.315000000000,1.265000000000,0.315000000000,27,42.86,15,12,300
PDH,True,1.00,5,13,14,14,0,0,0,0,100.00,0.00,0.00,0.00,0.00,0,1.270000000000,0.102500000000,1.270000000000,0.222500000000,2,14.29,2,0,90
PDH,True,1.00,15,32,35,35,0,0,0,0,100.00,0.00,0.00,0.00,0.00,0,1.355000000000,0.290000000000,1.355000000000,0.290000000000,10,28.57,6,4,270
PDH,True,1.00,30,37,48,48,0,0,0,0,100.00,0.00,0.00,0.00,0.00,2,1.545050000000,0.235000000000,1.545050000000,0.290000000000,11,22.92,6,5,300
PDH,False,0.25,5,81,194,1,25,142,25,1,0.52,12.89,73.20,12.89,0.52,1,0.220000000000,0.400000000000,0.402450000000,0.400000000000,1,100.00,1,0,60
PDH,False,0.25,15,81,193,10,36,142,4,1,5.18,18.65,73.58,2.07,0.52,7,0.350000000000,0.605000000000,0.495000000000,0.620000000000,3,30.00,2,1,180
PDH,False,0.25,30,81,192,11,37,142,1,1,5.73,19.27,73.96,0.52,0.52,10,0.547500000000,0.766750000000,0.637500000000,0.777500000000,4,36.36,2,2,270
PDH,False,0.50,5,78,188,2,36,65,83,2,1.06,19.15,34.57,44.15,1.06,2,0.212500000000,0.415000000000,0.350000000000,0.415000000000,0,0.00,0,0,
PDH,False,0.50,15,78,177,4,68,65,36,4,2.26,38.42,36.72,20.34,2.26,8,0.310000000000,0.685000000000,0.420000000000,0.720000000000,2,50.00,1,1,270
PDH,False,0.50,30,78,170,11,76,65,14,4,6.47,44.71,38.24,8.24,2.35,12,0.405000000000,1.020000000000,0.520000000000,1.020000000000,2,18.18,1,1,270
PDH,False,1.00,5,84,219,0,17,19,181,2,0.00,7.76,8.68,82.65,0.91,2,0.250000000000,0.340000000000,0.410000000000,0.340000000000,0,,0,0,
PDH,False,1.00,15,80,198,7,51,19,113,8,3.54,25.76,9.60,57.07,4.04,9,0.345000000000,0.599500000000,0.465000000000,0.602500000000,0,0.00,0,0,
PDH,False,1.00,30,79,185,18,74,19,65,9,9.73,40.00,10.27,35.14,4.86,12,0.450000000000,0.865000000000,0.540000000000,0.890000000000,3,16.67,2,1,300
PDL,True,0.25,5,33,51,51,0,0,0,0,100.00,0.00,0.00,0.00,0.00,1,0.560000000000,0.040000000000,0.570000000000,0.100000000000,12,23.53,12,0,60
PDL,True,0.25,15,33,52,52,0,0,0,0,100.00,0.00,0.00,0.00,0.00,5,0.695000000000,0.174950000000,0.741500000000,0.202500000000,31,59.62,18,13,240
PDL,True,0.25,30,33,53,53,0,0,0,0,100.00,0.00,0.00,0.00,0.00,5,1.030000000000,0.360000000000,1.030000000000,0.360000000000,37,69.81,18,19,360
PDL,True,0.50,5,34,43,43,0,0,0,0,100.00,0.00,0.00,0.00,0.00,1,0.790000000000,0.030000000000,0.790000000000,0.100000000000,3,6.98,3,0,180
PDL,True,0.50,15,37,60,60,0,0,0,0,100.00,0.00,0.00,0.00,0.00,2,1.127500000000,0.169950000000,1.127500000000,0.202500000000,16,26.67,9,7,300
PDL,True,0.50,30,37,60,60,0,0,0,0,100.00,0.00,0.00,0.00,0.00,4,1.470000000000,0.270000000000,1.470000000000,0.325000000000,27,45.00,10,17,480
PDL,True,1.00,5,19,23,23,0,0,0,0,100.00,0.00,0.00,0.00,0.00,1,1.120000000000,0.030000000000,1.120000000000,0.205000000000,2,8.70,2,0,150
PDL,True,1.00,15,35,46,46,0,0,0,0,100.00,0.00,0.00,0.00,0.00,1,1.445000000000,0.215000000000,1.445000000000,0.295000000000,10,21.74,6,4,240
PDL,True,1.00,30,36,57,57,0,0,0,0,100.00,0.00,0.00,0.00,0.00,2,1.640000000000,0.370000000000,1.640000000000,0.395000000000,20,35.09,6,14,510
PDL,False,0.25,5,63,162,0,26,131,5,0,0.00,16.05,80.86,3.09,0.00,1,0.230000000000,0.500000000000,0.438500000000,0.520000000000,0,,0,0,
PDL,False,0.25,15,63,161,1,28,131,1,0,0.62,17.39,81.37,0.62,0.00,5,0.505000000000,0.750000000000,0.670000000000,0.750000000000,1,100.00,1,0,60
PDL,False,0.25,30,63,160,1,28,131,0,0,0.62,17.50,81.88,0.00,0.00,9,0.805000000000,0.987500000000,0.865000000000,1.015000000000,1,100.00,1,0,60
PDL,False,0.50,5,62,170,3,53,61,53,0,1.76,31.18,35.88,31.18,0.00,1,0.239950000000,0.490000000000,0.400000000000,0.505000000000,0,0.00,0,0,
PDL,False,0.50,15,59,153,10,66,61,15,1,6.54,43.14,39.87,9.80,0.65,8,0.430000000000,0.815000000000,0.540000000000,0.815000000000,2,20.00,0,2,540
PDL,False,0.50,30,59,153,15,72,61,4,1,9.80,47.06,39.87,2.61,0.65,10,0.610000000000,1.070000000000,0.763000000000,1.070000000000,6,40.00,1,5,630
PDL,False,1.00,5,63,190,0,21,14,155,0,0.00,11.05,7.37,81.58,0.00,1,0.270000000000,0.440000000000,0.454950000000,0.447500000000,0,,0,0,
PDL,False,1.00,15,60,167,5,51,14,89,8,2.99,30.54,8.38,53.29,4.79,9,0.460000000000,0.750000000000,0.560000000000,0.750000000000,0,0.00,0,0,
PDL,False,1.00,30,59,156,14,77,14,43,8,8.97,49.36,8.97,27.56,5.13,12,0.585000000000,1.050000000000,0.680000000000,1.065000000000,0,0.00,0,0,
PMH,True,0.25,5,1,1,1,0,0,0,0,100.00,0.00,0.00,0.00,0.00,0,1.220000000000,0,1.220000000000,0,0,0.00,0,0,
PMH,True,0.25,15,1,1,1,0,0,0,0,100.00,0.00,0.00,0.00,0.00,0,1.420000000000,0.040000000000,1.420000000000,0.040000000000,0,0.00,0,0,
PMH,True,0.25,30,1,1,1,0,0,0,0,100.00,0.00,0.00,0.00,0.00,0,2.160000000000,0.040000000000,2.160000000000,0.040000000000,0,0.00,0,0,
PMH,True,0.50,5,1,2,2,0,0,0,0,100.00,0.00,0.00,0.00,0.00,0,0.925000000000,0.370000000000,0.925000000000,0.370000000000,1,50.00,1,0,60
PMH,True,0.50,15,1,2,2,0,0,0,0,100.00,0.00,0.00,0.00,0.00,0,1.310000000000,0.390000000000,1.310000000000,0.390000000000,1,50.00,1,0,60
PMH,True,0.50,30,1,2,2,0,0,0,0,100.00,0.00,0.00,0.00,0.00,0,1.680000000000,0.390000000000,1.680000000000,0.390000000000,1,50.00,1,0,60
PMH,True,1.00,5,1,1,1,0,0,0,0,100.00,0.00,0.00,0.00,0.00,0,1.220000000000,0,1.220000000000,0,0,0.00,0,0,
PMH,True,1.00,15,1,2,2,0,0,0,0,100.00,0.00,0.00,0.00,0.00,0,1.310000000000,0.390000000000,1.310000000000,0.390000000000,0,0.00,0,0,
PMH,True,1.00,30,2,3,3,0,0,0,0,100.00,0.00,0.00,0.00,0.00,0,2.160000000000,0.740000000000,2.160000000000,0.740000000000,0,0.00,0,0,
PMH,False,0.25,5,2,2,0,0,2,0,0,0.00,0.00,100.00,0.00,0.00,0,0.415000000000,0.715000000000,0.445000000000,0.715000000000,0,,0,0,
PMH,False,0.25,15,2,2,0,0,2,0,0,0.00,0.00,100.00,0.00,0.00,0,0.700000000000,0.760000000000,0.730000000000,0.760000000000,0,,0,0,
PMH,False,0.25,30,2,2,0,0,2,0,0,0.00,0.00,100.00,0.00,0.00,0,1.930000000000,0.760000000000,1.930000000000,0.760000000000,0,,0,0,
PMH,False,0.50,5,1,1,0,1,0,0,0,0.00,100.00,0.00,0.00,0.00,0,0.200000000000,0.690000000000,0.260000000000,0.690000000000,0,,0,0,
PMH,False,0.50,15,1,1,0,1,0,0,0,0.00,100.00,0.00,0.00,0.00,0,0.200000000000,0.780000000000,0.260000000000,0.780000000000,0,,0,0,
PMH,False,0.50,30,1,1,0,1,0,0,0,0.00,100.00,0.00,0.00,0.00,0,2.660000000000,0.780000000000,2.660000000000,0.780000000000,0,,0,0,
PMH,False,1.00,5,2,2,0,0,0,2,0,0.00,0.00,0.00,100.00,0.00,0,0.415000000000,0.715000000000,0.445000000000,0.715000000000,0,,0,0,
PMH,False,1.00,15,1,1,0,0,0,1,0,0.00,0.00,0.00,100.00,0.00,0,0.200000000000,0.780000000000,0.260000000000,0.780000000000,0,,0,0,
PMH,False,1.00,30,0,0,0,0,0,0,0,,,,,,0,,,,,0,,0,0,
PML,True,0.25,5,2,2,2,0,0,0,0,100.00,0.00,0.00,0.00,0.00,0,0.635000000000,0.245000000000,0.875000000000,0.245000000000,0,0.00,0,0,
PML,True,0.25,15,2,2,2,0,0,0,0,100.00,0.00,0.00,0.00,0.00,0,1.160000000000,0.250000000000,1.160000000000,0.250000000000,0,0.00,0,0,
PML,True,0.25,30,2,2,2,0,0,0,0,100.00,0.00,0.00,0.00,0.00,0,1.630650000000,1.117500000000,1.630650000000,1.117500000000,1,50.00,0,1,1620
PML,True,0.50,5,0,0,0,0,0,0,0,,,,,,0,,,,,0,,0,0,
PML,True,0.50,15,1,1,1,0,0,0,0,100.00,0.00,0.00,0.00,0.00,0,0.532500000000,0.420000000000,0.532500000000,0.420000000000,1,100.00,1,0,180
PML,True,0.50,30,1,2,2,0,0,0,0,100.00,0.00,0.00,0.00,0.00,1,0.966900000000,0.795000000000,0.966900000000,0.795000000000,1,50.00,1,0,180
PML,True,1.00,5,2,2,2,0,0,0,0,100.00,0.00,0.00,0.00,0.00,0,1.495000000000,0.135000000000,1.495000000000,0.295000000000,0,0.00,0,0,
PML,True,1.00,15,2,2,2,0,0,0,0,100.00,0.00,0.00,0.00,0.00,0,1.495000000000,0.330000000000,1.495000000000,0.455000000000,1,50.00,1,0,240
PML,True,1.00,30,2,3,3,0,0,0,0,100.00,0.00,0.00,0.00,0.00,0,1.401300000000,0.825000000000,1.401300000000,0.825000000000,2,66.67,1,1,690
PML,False,0.25,5,2,6,0,1,5,0,0,0.00,16.67,83.33,0.00,0.00,0,0.255000000000,0.315000000000,0.640000000000,0.350000000000,0,,0,0,
PML,False,0.25,15,2,6,0,1,5,0,0,0.00,16.67,83.33,0.00,0.00,0,0.526250000000,0.545000000000,0.741250000000,0.545000000000,0,,0,0,
PML,False,0.25,30,2,6,0,1,5,0,0,0.00,16.67,83.33,0.00,0.00,1,0.561250000000,1.192500000000,0.741250000000,1.192500000000,0,,0,0,
PML,False,0.50,5,2,8,0,1,4,3,0,0.00,12.50,50.00,37.50,0.00,0,0.350000000000,0.280000000000,0.660000000000,0.315000000000,0,,0,0,
PML,False,0.50,15,2,7,0,2,4,1,0,0.00,28.57,57.14,14.29,0.00,0,0.520000000000,0.520000000000,0.950000000000,0.520000000000,0,,0,0,
PML,False,0.50,30,2,6,0,2,4,0,0,0.00,33.33,66.67,0.00,0.00,0,0.925000000000,1.502500000000,1.105000000000,1.502500000000,0,,0,0,
PML,False,1.00,5,2,6,0,0,1,5,0,0.00,0.00,16.67,83.33,0.00,0,0.255000000000,0.325000000000,0.350000000000,0.325000000000,0,,0,0,
PML,False,1.00,15,2,6,0,1,1,4,0,0.00,16.67,16.67,66.67,0.00,0,0.490000000000,0.470000000000,0.496250000000,0.470000000000,0,,0,0,
PML,False,1.00,30,2,5,0,2,1,2,0,0.00,40.00,20.00,40.00,0.00,1,0.532500000000,1.390000000000,0.532500000000,1.390000000000,0,,0,0,
ORH5,True,0.25,5,64,84,84,0,0,0,0,100.00,0.00,0.00,0.00,0.00,3,0.478350000000,0.110000000000,0.497450000000,0.140000000000,24,28.57,24,0,120
ORH5,True,0.25,15,68,93,93,0,0,0,0,100.00,0.00,0.00,0.00,0.00,5,0.660000000000,0.240000000000,0.660000000000,0.240100000000,52,55.91,33,19,180
ORH5,True,0.25,30,68,94,94,0,0,0,0,100.00,0.00,0.00,0.00,0.00,6,0.860000000000,0.500000000000,0.860000000000,0.500000000000,64,68.09,34,30,240
ORH5,True,0.50,5,72,90,90,0,0,0,0,100.00,0.00,0.00,0.00,0.00,1,0.738500000000,0.110000000000,0.738500000000,0.165000000000,11,12.22,11,0,60
ORH5,True,0.50,15,88,126,126,0,0,0,0,100.00,0.00,0.00,0.00,0.00,3,0.897500000000,0.220000000000,0.897500000000,0.245050000000,50,39.68,27,23,300
ORH5,True,0.50,30,88,129,129,0,0,0,0,100.00,0.00,0.00,0.00,0.00,4,1.190000000000,0.370000000000,1.190000000000,0.370000000000,78,60.47,27,51,510
ORH5,True,1.00,5,39,39,39,0,0,0,0,100.00,0.00,0.00,0.00,0.00,1,1.270000000000,0.045100000000,1.270000000000,0.140000000000,1,2.56,1,0,60
ORH5,True,1.00,15,69,86,86,0,0,0,0,100.00,0.00,0.00,0.00,0.00,2,1.557500000000,0.300000000000,1.557500000000,0.325000000000,20,23.26,7,13,420
ORH5,True,1.00,30,83,107,107,0,0,0,0,100.00,0.00,0.00,0.00,0.00,2,1.640000000000,0.470000000000,1.640000000000,0.490000000000,43,40.19,11,32,540
ORH5,False,0.25,5,139,355,1,53,272,29,0,0.28,14.93,76.62,8.17,0.00,5,0.240000000000,0.350000000000,0.420000000000,0.370000000000,0,0.00,0,0,
ORH5,False,0.25,15,138,346,7,65,272,2,0,2.02,18.79,78.61,0.58,0.00,10,0.507500000000,0.602500000000,0.650000000000,0.615000000000,1,14.29,1,0,60
ORH5,False,0.25,30,138,345,7,66,272,0,0,2.03,19.13,78.84,0.00,0.00,14,0.780000000000,0.860000000000,0.840000000000,0.870000000000,5,71.43,1,4,720
ORH5,False,0.50,5,137,349,4,83,100,160,2,1.15,23.78,28.65,45.85,0.57,7,0.230000000000,0.370000000000,0.370000000000,0.380000000000,0,0.00,0,0,
ORH5,False,0.50,15,131,313,19,144,100,45,5,6.07,46.01,31.95,14.38,1.60,12,0.380000000000,0.700000000000,0.461200000000,0.700000000000,5,26.32,5,0,180
ORH5,False,0.50,30,131,310,27,163,100,14,6,8.71,52.58,32.26,4.52,1.94,16,0.600000000000,0.890000000000,0.680000000000,0.900000000000,11,40.74,6,5,300
ORH5,False,1.00,5,147,400,2,34,16,342,6,0.50,8.50,4.00,85.50,1.50,7,0.270000000000,0.320000000000,0.400000000000,0.330000000000,0,0.00,0,0,
ORH5,False,1.00,15,139,353,18,95,16,213,11,5.10,26.91,4.53,60.34,3.12,13,0.426500000000,0.639500000000,0.517900000000,0.640000000000,1,5.56,1,0,240
ORH5,False,1.00,30,138,332,47,143,16,111,15,14.16,43.07,4.82,33.43,4.52,18,0.615000000000,0.877500000000,0.674750000000,0.885000000000,8,17.02,3,5,450
ORL5,True,0.25,5,68,94,94,0,0,0,0,100.00,0.00,0.00,0.00,0.00,0,0.540000000000,0.060000000000,0.540000000000,0.118250000000,27,28.72,27,0,120
ORL5,True,0.25,15,69,101,101,0,0,0,0,100.00,0.00,0.00,0.00,0.00,0,0.760000000000,0.190000000000,0.760000000000,0.210000000000,51,50.50,37,14,180
ORL5,True,0.25,30,69,101,101,0,0,0,0,100.00,0.00,0.00,0.00,0.00,3,0.900000000000,0.410000000000,0.925000000000,0.410000000000,61,60.40,37,24,240
ORL5,True,0.50,5,76,96,96,0,0,0,0,100.00,0.00,0.00,0.00,0.00,0,0.710200000000,0.077500000000,0.715200000000,0.205000000000,20,20.83,20,0,120
ORL5,True,0.50,15,87,126,126,0,0,0,0,100.00,0.00,0.00,0.00,0.00,1,1.015000000000,0.215000000000,1.022000000000,0.245000000000,48,38.10,35,13,240
ORL5,True,0.50,30,87,131,131,0,0,0,0,100.00,0.00,0.00,0.00,0.00,4,1.300000000000,0.310000000000,1.300000000000,0.340000000000,63,48.09,36,27,300
ORL5,True,1.00,5,35,38,38,0,0,0,0,100.00,0.00,0.00,0.00,0.00,0,1.382500000000,0,1.400000000000,0.215000000000,4,10.53,4,0,150
ORL5,True,1.00,15,69,89,89,0,0,0,0,100.00,0.00,0.00,0.00,0.00,0,1.680000000000,0.185000000000,1.680000000000,0.240000000000,8,8.99,6,2,180
ORL5,True,1.00,30,71,94,94,0,0,0,0,100.00,0.00,0.00,0.00,0.00,1,2.010000000000,0.245000000000,2.010000000000,0.280000000000,19,20.21,8,11,360
ORL5,False,0.25,5,136,328,0,29,268,31,0,0.00,8.84,81.71,9.45,0.00,5,0.300000000000,0.340000000000,0.460000000000,0.365000000000,0,,0,0,
ORL5,False,0.25,15,136,321,2,49,268,2,0,0.62,15.26,83.49,0.62,0.00,11,0.560000000000,0.640000000000,0.680000000000,0.650000000000,0,0.00,0,0,
ORL5,False,0.25,30,136,321,3,49,268,1,0,0.93,15.26,83.49,0.31,0.00,15,0.749900000000,0.805000000000,0.806200000000,0.830000000000,0,0.00,0,0,
ORL5,False,0.50,5,129,326,4,59,112,148,3,1.23,18.10,34.36,45.40,0.92,5,0.285000000000,0.330000000000,0.400000000000,0.363550000000,0,0.00,0,0,
ORL5,False,0.50,15,126,296,23,114,113,42,4,7.77,38.51,38.18,14.19,1.35,10,0.409950000000,0.705650000000,0.510000000000,0.750000000000,7,30.43,4,3,300
ORL5,False,0.50,30,126,291,29,131,113,14,4,9.97,45.02,38.83,4.81,1.37,14,0.520000000000,0.910000000000,0.680000000000,0.930000000000,12,41.38,6,6,330
ORL5,False,1.00,5,140,384,0,34,23,323,4,0.00,8.85,5.99,84.11,1.04,5,0.337500000000,0.290000000000,0.450000000000,0.302550000000,0,,0,0,
ORL5,False,1.00,15,130,333,27,107,23,167,9,8.11,32.13,6.91,50.15,2.70,11,0.460000000000,0.660000000000,0.560000000000,0.690000000000,3,11.11,3,0,120
ORL5,False,1.00,30,128,328,50,135,23,107,13,15.24,41.16,7.01,32.62,3.96,17,0.603800000000,0.924950000000,0.680000000000,0.934950000000,14,28.00,4,10,480
PWH,True,0.25,5,16,20,20,0,0,0,0,100.00,0.00,0.00,0.00,0.00,1,0.485000000000,0.055000000000,0.485000000000,0.089000000000,2,10.00,2,0,90
PWH,True,0.25,15,20,25,25,0,0,0,0,100.00,0.00,0.00,0.00,0.00,1,0.610100000000,0.120000000000,0.610100000000,0.130000000000,8,32.00,5,3,300
PWH,True,0.25,30,20,25,25,0,0,0,0,100.00,0.00,0.00,0.00,0.00,1,0.720000000000,0.170000000000,0.720000000000,0.170000000000,13,52.00,5,8,540
PWH,True,0.50,5,14,17,17,0,0,0,0,100.00,0.00,0.00,0.00,0.00,0,0.658000000000,0.060000000000,0.658000000000,0.095000000000,1,5.88,1,0,120
PWH,True,0.50,15,17,25,25,0,0,0,0,100.00,0.00,0.00,0.00,0.00,0,0.790000000000,0.100000000000,0.790000000000,0.130000000000,5,20.00,3,2,300
PWH,True,0.50,30,19,27,27,0,0,0,0,100.00,0.00,0.00,0.00,0.00,0,0.790000000000,0.210000000000,0.790000000000,0.230000000000,11,40.74,3,8,780
PWH,True,1.00,5,3,3,3,0,0,0,0,100.00,0.00,0.00,0.00,0.00,0,1.620000000000,0,1.620000000000,0.020000000000,0,0.00,0,0,
PWH,True,1.00,15,9,13,13,0,0,0,0,100.00,0.00,0.00,0.00,0.00,0,1.815000000000,0.120000000000,1.815000000000,0.140000000000,1,7.69,0,1,360
PWH,True,1.00,30,11,15,15,0,0,0,0,100.00,0.00,0.00,0.00,0.00,0,1.860000000000,0.160000000000,1.860000000000,0.180000000000,3,20.00,0,3,780
PWH,False,0.25,5,33,84,0,12,55,16,1,0.00,14.29,65.48,19.05,1.19,2,0.170000000000,0.317500000000,0.330000000000,0.340000000000,0,,0,0,
PWH,False,0.25,15,31,79,4,17,55,2,1,5.06,21.52,69.62,2.53,1.27,4,0.365000000000,0.530000000000,0.460000000000,0.530000000000,0,0.00,0,0,
PWH,False,0.25,30,31,79,4,17,55,2,1,5.06,21.52,69.62,2.53,1.27,9,0.405000000000,0.740000000000,0.540000000000,0.740000000000,1,25.00,0,1,900
PWH,False,0.50,5,34,87,0,11,23,50,3,0.00,12.64,26.44,57.47,3.45,3,0.180000000000,0.280000000000,0.320500000000,0.290000000000,0,,0,0,
PWH,False,0.50,15,34,79,3,25,23,25,3,3.80,31.65,29.11,31.65,3.80,5,0.350000000000,0.530000000000,0.405000000000,0.530000000000,0,0.00,0,0,
PWH,False,0.50,30,33,77,7,32,23,11,4,9.09,41.56,29.87,14.29,5.19,10,0.400000000000,0.730000000000,0.450000000000,0.730000000000,1,14.29,1,0,240
PWH,False,1.00,5,37,101,0,6,6,86,3,0.00,5.94,5.94,85.15,2.97,3,0.225000000000,0.230000000000,0.330000000000,0.250000000000,0,,0,0,
PWH,False,1.00,15,35,91,1,20,6,59,5,1.10,21.98,6.59,64.84,5.49,5,0.400000000000,0.480000000000,0.435000000000,0.480000000000,0,0.00,0,0,
PWH,False,1.00,30,35,89,8,24,6,45,6,8.99,26.97,6.74,50.56,6.74,10,0.450000000000,0.690000000000,0.526500000000,0.690000000000,1,12.50,1,0,180
PWL,True,0.25,5,11,14,14,0,0,0,0,100.00,0.00,0.00,0.00,0.00,0,0.655000000000,0.065000000000,0.705000000000,0.125000000000,3,21.43,3,0,120
PWL,True,0.25,15,12,16,16,0,0,0,0,100.00,0.00,0.00,0.00,0.00,1,0.912450000000,0.165000000000,0.912450000000,0.165000000000,9,56.25,6,3,240
PWL,True,0.25,30,12,16,16,0,0,0,0,100.00,0.00,0.00,0.00,0.00,1,1.010000000000,0.165000000000,1.010000000000,0.165000000000,9,56.25,6,3,240
PWL,True,0.50,5,13,17,17,0,0,0,0,100.00,0.00,0.00,0.00,0.00,0,0.755000000000,0.055000000000,0.755000000000,0.120900000000,1,5.88,1,0,120
PWL,True,0.50,15,16,24,24,0,0,0,0,100.00,0.00,0.00,0.00,0.00,1,1.232500000000,0.117500000000,1.232500000000,0.137500000000,7,29.17,4,3,180
PWL,True,0.50,30,16,24,24,0,0,0,0,100.00,0.00,0.00,0.00,0.00,1,1.547500000000,0.127500000000,1.547500000000,0.190000000000,10,41.67,5,5,300
PWL,True,1.00,5,8,8,8,0,0,0,0,100.00,0.00,0.00,0.00,0.00,0,1.219800000000,0.095000000000,1.219800000000,0.205000000000,0,0.00,0,0,
PWL,True,1.00,15,18,26,26,0,0,0,0,100.00,0.00,0.00,0.00,0.00,0,1.367500000000,0.347500000000,1.367500000000,0.387500000000,5,19.23,2,3,420
PWL,True,1.00,30,18,28,28,0,0,0,0,100.00,0.00,0.00,0.00,0.00,0,1.822500000000,0.300000000000,1.822500000000,0.340000000000,8,28.57,3,5,420
PWL,False,0.25,5,33,76,0,8,66,2,0,0.00,10.53,86.84,2.63,0.00,1,0.335000000000,0.497500000000,0.535000000000,0.505000000000,0,,0,0,
PWL,False,0.25,15,33,74,0,8,66,0,0,0.00,10.81,89.19,0.00,0.00,2,0.900000000000,0.772500000000,0.932500000000,0.772500000000,0,,0,0,
PWL,False,0.25,30,33,74,0,8,66,0,0,0.00,10.81,89.19,0.00,0.00,4,1.222500000000,1.097500000000,1.222500000000,1.097500000000,0,,0,0,
PWL,False,0.50,5,31,73,1,14,38,19,1,1.37,19.18,52.05,26.03,1.37,1,0.300000000000,0.510000000000,0.489500000000,0.610000000000,0,0.00,0,0,
PWL,False,0.50,15,30,66,5,20,38,2,1,7.58,30.30,57.58,3.03,1.52,2,0.700000000000,0.945000000000,0.730000000000,0.945000000000,0,0.00,0,0,
PWL,False,0.50,30,30,66,6,21,38,0,1,9.09,31.82,57.58,0.00,1.52,4,0.947500000000,1.265000000000,0.947500000000,1.265000000000,3,50.00,0,3,720
PWL,False,1.00,5,32,82,1,10,6,64,1,1.22,12.20,7.32,78.05,1.22,1,0.345000000000,0.477500000000,0.510000000000,0.495000000000,0,0.00,0,0,
PWL,False,1.00,15,30,64,5,28,6,23,2,7.81,43.75,9.38,35.94,3.12,3,0.557500000000,0.892500000000,0.647500000000,0.892500000000,0,0.00,0,0,
PWL,False,1.00,30,30,62,7,35,6,11,3,11.29,56.45,9.68,17.74,4.84,5,0.685000000000,1.280000000000,0.700000000000,1.280000000000,3,42.86,1,2,720
1H_HIGH,True,0.25,5,112,491,491,0,0,0,0,100.00,0.00,0.00,0.00,0.00,8,0.550000000000,0.040000000000,0.565000000000,0.110000000000,126,25.66,126,0,120
1H_HIGH,True,0.25,15,114,545,545,0,0,0,0,100.00,0.00,0.00,0.00,0.00,25,0.720000000000,0.190000000000,0.750000000000,0.200000000000,280,51.38,191,89,180
1H_HIGH,True,0.25,30,114,547,547,0,0,0,0,100.00,0.00,0.00,0.00,0.00,47,0.930000000000,0.320000000000,0.950000000000,0.320000000000,357,65.27,195,162,300
1H_HIGH,True,0.50,5,103,435,435,0,0,0,0,100.00,0.00,0.00,0.00,0.00,7,0.805000000000,0.040000000000,0.810000000000,0.140000000000,48,11.03,48,0,120
1H_HIGH,True,0.50,15,117,623,623,0,0,0,0,100.00,0.00,0.00,0.00,0.00,25,0.970000000000,0.210000000000,0.975000000000,0.230000000000,206,33.07,135,71,240
1H_HIGH,True,0.50,30,117,644,644,0,0,0,0,100.00,0.00,0.00,0.00,0.00,48,1.182500000000,0.320000000000,1.190050000000,0.330000000000,316,49.07,139,177,420
1H_HIGH,True,1.00,5,72,198,198,0,0,0,0,100.00,0.00,0.00,0.00,0.00,2,1.337500000000,0,1.337500000000,0.165750000000,9,4.55,9,0,120
1H_HIGH,True,1.00,15,106,456,456,0,0,0,0,100.00,0.00,0.00,0.00,0.00,11,1.555000000000,0.210000000000,1.555000000000,0.267500000000,89,19.52,49,40,300
1H_HIGH,True,1.00,30,116,531,531,0,0,0,0,100.00,0.00,0.00,0.00,0.00,32,1.740000000000,0.320000000000,1.750000000000,0.360000000000,164,30.89,51,113,480
1H_HIGH,False,0.25,5,139,1807,9,232,1359,205,2,0.50,12.84,75.21,11.34,0.11,40,0.220000000000,0.360000000000,0.410000000000,0.380000000000,2,22.22,2,0,90
1H_HIGH,False,0.25,15,138,1753,50,321,1359,21,2,2.85,18.31,77.52,1.20,0.11,87,0.457500000000,0.630000000000,0.580000000000,0.650000000000,12,24.00,10,2,150
1H_HIGH,False,0.25,30,138,1751,59,328,1359,3,2,3.37,18.73,77.61,0.17,0.11,146,0.670000000000,0.840000000000,0.750000000000,0.850000000000,35,59.32,14,21,420
1H_HIGH,False,0.50,5,138,1863,8,358,622,856,19,0.43,19.22,33.39,45.95,1.02,41,0.230000000000,0.350000000000,0.380000000000,0.360000000000,2,25.00,2,0,60
1H_HIGH,False,0.50,15,138,1675,92,634,622,298,29,5.49,37.85,37.13,17.79,1.73,87,0.370000000000,0.690000000000,0.470000000000,0.700000000000,17,18.48,13,4,120
1H_HIGH,False,0.50,30,138,1654,153,722,622,125,32,9.25,43.65,37.61,7.56,1.93,145,0.485000000000,0.900100000000,0.620000000000,0.915000000000,54,35.29,25,29,360
1H_HIGH,False,1.00,5,137,2100,3,182,129,1745,41,0.14,8.67,6.14,83.10,1.95,46,0.270000000000,0.310000000000,0.415000000000,0.320000000000,1,33.33,1,0,60
1H_HIGH,False,1.00,15,136,1842,78,528,129,1028,79,4.23,28.66,7.00,55.81,4.29,101,0.415000000000,0.605000000000,0.510000000000,0.610000000000,9,11.54,6,3,240
1H_HIGH,False,1.00,30,135,1767,215,705,129,613,105,12.17,39.90,7.30,34.69,5.94,161,0.520000000000,0.880000000000,0.610000000000,0.897500000000,31,14.42,10,21,420
1H_LOW,True,0.25,5,115,471,471,0,0,0,0,100.00,0.00,0.00,0.00,0.00,7,0.610000000000,0.065200000000,0.670000000000,0.125000000000,146,31.00,146,0,120
1H_LOW,True,0.25,15,117,501,501,0,0,0,0,100.00,0.00,0.00,0.00,0.00,24,0.840000000000,0.215000000000,0.900000000000,0.220000000000,285,56.89,203,82,180
1H_LOW,True,0.25,30,117,501,501,0,0,0,0,100.00,0.00,0.00,0.00,0.00,41,1.090000000000,0.440000000000,1.150000000000,0.440000000000,339,67.66,204,135,240
1H_LOW,True,0.50,5,116,538,538,0,0,0,0,100.00,0.00,0.00,0.00,0.00,9,0.811250000000,0.080000000000,0.820000000000,0.150000000000,75,13.94,75,0,60
1H_LOW,True,0.50,15,119,675,675,0,0,0,0,100.00,0.00,0.00,0.00,0.00,29,1.090300000000,0.230000000000,1.097500000000,0.270000000000,278,41.19,191,87,240
1H_LOW,True,0.50,30,121,702,702,0,0,0,0,100.00,0.00,0.00,0.00,0.00,50,1.372500000000,0.320000000000,1.375000000000,0.335150000000,365,51.99,192,173,300
1H_LOW,True,1.00,5,80,246,246,0,0,0,0,100.00,0.00,0.00,0.00,0.00,4,1.310000000000,0.040000000000,1.339950000000,0.157500000000,11,4.47,11,0,120
1H_LOW,True,1.00,15,108,548,548,0,0,0,0,100.00,0.00,0.00,0.00,0.00,17,1.560000000000,0.260000000000,1.565000000000,0.290000000000,119,21.72,68,51,300
1H_LOW,True,1.00,30,114,636,636,0,0,0,0,100.00,0.00,0.00,0.00,0.00,35,1.760000000000,0.340000000000,1.760000000000,0.360000000000,209,32.86,73,136,420
1H_LOW,False,0.25,5,138,2089,7,246,1735,101,0,0.34,11.78,83.05,4.83,0.00,48,0.290000000000,0.420000000000,0.481250000000,0.430000000000,0,0.00,0,0,
1H_LOW,False,0.25,15,138,2059,22,292,1735,10,0,1.07,14.18,84.26,0.49,0.00,111,0.550000000000,0.740000000000,0.670000000000,0.750000000000,6,27.27,4,2,210
1H_LOW,False,0.25,30,138,2059,27,295,1735,2,0,1.31,14.33,84.26,0.10,0.00,163,0.796800000000,0.950000000000,0.868000000000,0.970000000000,15,55.56,8,7,240
1H_LOW,False,0.50,5,136,2022,21,446,813,724,18,1.04,22.06,40.21,35.81,0.89,46,0.269000000000,0.449500000000,0.420000000000,0.460000000000,1,4.76,1,0,120
1H_LOW,False,0.50,15,134,1885,119,705,814,219,28,6.31,37.40,43.18,11.62,1.49,106,0.427500000000,0.800000000000,0.550000000000,0.810000000000,27,22.69,18,9,240
1H_LOW,False,0.50,30,134,1858,171,771,814,73,29,9.20,41.50,43.81,3.93,1.56,154,0.600000000000,1.060000000000,0.740000000000,1.070000000000,77,45.03,28,49,420
1H_LOW,False,1.00,5,137,2314,9,239,186,1844,36,0.39,10.33,8.04,79.69,1.56,51,0.317500000000,0.390000000000,0.470000000000,0.400000000000,0,0.00,0,0,
1H_LOW,False,1.00,15,132,2012,120,689,186,933,84,5.96,34.24,9.24,46.37,4.17,118,0.460000000000,0.780000000000,0.570000000000,0.790000000000,14,11.67,11,3,270
1H_LOW,False,1.00,30,131,1924,273,906,186,464,95,14.19,47.09,9.67,24.12,4.94,169,0.590000000000,1.105000000000,0.690000000000,1.120000000000,54,19.78,23,31,390
