family,single_candle_rejection,distance,horizon,contributing_sessions,episodes,REJECTION_FIRST_n,CONTINUATION_FIRST_n,AMBIGUOUS_n,UNRESOLVED_n,CENSORED_n,REJECTION_FIRST_pct,CONTINUATION_FIRST_pct,AMBIGUOUS_pct,UNRESOLVED_pct,CENSORED_pct,horizon_censored_flag_n,median_mfe_lower_bound,median_mae_lower_bound,median_mfe_envelope_upper,median_mae_envelope_upper,reclaim_n,reclaim_pct_of_rejection_first,quick_reclaim_n,later_reclaim_n,median_time_to_reclaim_seconds
ALL,True,0.25,5,167,3231,1092,199,1724,213,3,33.80,6.16,53.36,6.59,0.09,76,0.470000000000,0.165000000000,0.550000000000,0.205000000000,321,29.40,321,0,120
ALL,True,0.25,15,167,3231,1187,294,1724,23,3,36.74,9.10,53.36,0.71,0.09,168,0.700000000000,0.390000000000,0.755000000000,0.410000000000,638,53.75,440,198,180
ALL,True,0.25,30,167,3231,1200,297,1724,7,3,37.14,9.19,53.36,0.22,0.09,261,0.910000000000,0.590000000000,0.955000000000,0.600000000000,780,65.00,447,333,240
ALL,True,0.50,5,167,3231,991,320,805,1089,26,30.67,9.90,24.91,33.70,0.80,76,0.470000000000,0.165000000000,0.550000000000,0.205000000000,144,14.53,144,0,120
ALL,True,0.50,15,167,3231,1368,655,806,358,44,42.34,20.27,24.95,11.08,1.36,168,0.700000000000,0.390000000000,0.755000000000,0.410000000000,498,36.40,333,165,240
ALL,True,0.50,30,167,3231,1474,750,806,153,48,45.62,23.21,24.95,4.74,1.49,261,0.910000000000,0.590000000000,0.955000000000,0.600000000000,725,49.19,352,373,360
ALL,True,1.00,5,167,3231,440,119,180,2437,55,13.62,3.68,5.57,75.43,1.70,76,0.470000000000,0.165000000000,0.550000000000,0.205000000000,27,6.14,27,0,120
ALL,True,1.00,15,167,3231,974,564,180,1395,118,30.15,17.46,5.57,43.18,3.65,168,0.700000000000,0.390000000000,0.755000000000,0.410000000000,196,20.12,114,82,300
ALL,True,1.00,30,167,3231,1297,842,180,764,148,40.14,26.06,5.57,23.65,4.58,261,0.910000000000,0.590000000000,0.955000000000,0.600000000000,372,28.68,132,240,420
ALL,False,0.25,5,170,3139,193,433,2311,201,1,6.15,13.79,73.62,6.40,0.03,48,0.190000000000,0.480000000000,0.400000000000,0.490000000000,33,17.10,33,0,60
ALL,False,0.25,15,170,3139,285,523,2311,19,1,9.08,16.66,73.62,0.61,0.03,132,0.430100000000,0.755000000000,0.570000000000,0.765000000000,122,42.81,85,37,180
ALL,False,0.25,30,170,3139,293,532,2311,2,1,9.33,16.95,73.62,0.06,0.03,218,0.660000000000,0.955000000000,0.740000000000,0.961000000000,186,63.48,93,93,330
ALL,False,0.50,5,170,3139,335,742,1033,1007,22,10.67,23.64,32.91,32.08,0.70,48,0.190000000000,0.480000000000,0.400000000000,0.490000000000,27,8.06,27,0,60
ALL,False,0.50,15,170,3139,625,1124,1034,325,31,19.91,35.81,32.94,10.35,0.99,132,0.430100000000,0.755000000000,0.570000000000,0.765000000000,192,30.72,128,64,240
ALL,False,0.50,30,170,3139,729,1241,1034,102,33,23.22,39.53,32.94,3.25,1.05,218,0.660000000000,0.955000000000,0.740000000000,0.961000000000,340,46.64,145,195,420
ALL,False,1.00,5,170,3139,147,424,220,2310,38,4.68,13.51,7.01,73.59,1.21,48,0.190000000000,0.480000000000,0.400000000000,0.490000000000,3,2.04,3,0,60
ALL,False,1.00,15,170,3139,590,1006,220,1235,88,18.80,32.05,7.01,39.34,2.80,132,0.430100000000,0.755000000000,0.570000000000,0.765000000000,94,15.93,52,42,300
ALL,False,1.00,30,170,3139,857,1259,220,697,106,27.30,40.11,7.01,22.20,3.38,218,0.660000000000,0.955000000000,0.740000000000,0.961000000000,221,25.79,71,150,480
PDH,True,0.25,5,62,116,35,10,52,18,1,30.17,8.62,44.83,15.52,0.86,2,0.330000000000,0.167500000000,0.430000000000,0.175000000000,12,34.29,12,0,120
PDH,True,0.25,15,62,116,43,17,52,3,1,37.07,14.66,44.83,2.59,0.86,5,0.540000000000,0.397500000000,0.580000000000,0.397500000000,20,46.51,16,4,180
PDH,True,0.25,30,62,116,45,17,52,1,1,38.79,14.66,44.83,0.86,0.86,8,0.645000000000,0.585000000000,0.675000000000,0.585000000000,23,51.11,17,6,180
PDH,True,0.50,5,62,116,35,16,17,46,2,30.17,13.79,14.66,39.66,1.72,2,0.330000000000,0.167500000000,0.430000000000,0.175000000000,8,22.86,8,0,90
PDH,True,0.50,15,62,116,42,32,17,21,4,36.21,27.59,14.66,18.10,3.45,5,0.540000000000,0.397500000000,0.580000000000,0.397500000000,17,40.48,13,4,180
PDH,True,0.50,30,62,116,50,38,17,7,4,43.10,32.76,14.66,6.03,3.45,8,0.645000000000,0.585000000000,0.675000000000,0.585000000000,20,40.00,13,7,180
PDH,True,1.00,5,62,116,9,3,6,96,2,7.76,2.59,5.17,82.76,1.72,2,0.330000000000,0.167500000000,0.430000000000,0.175000000000,2,22.22,2,0,90
PDH,True,1.00,15,62,116,23,15,6,67,5,19.83,12.93,5.17,57.76,4.31,5,0.540000000000,0.397500000000,0.580000000000,0.397500000000,5,21.74,3,2,180
PDH,True,1.00,30,62,116,36,29,6,39,6,31.03,25.00,5.17,33.62,5.17,8,0.645000000000,0.585000000000,0.675000000000,0.585000000000,6,16.67,4,2,210
PDH,False,0.25,5,65,117,5,15,90,7,0,4.27,12.82,76.92,5.98,0.00,0,0.210000000000,0.470000000000,0.455000000000,0.490000000000,0,0.00,0,0,
PDH,False,0.25,15,65,117,7,19,90,1,0,5.98,16.24,76.92,0.85,0.00,4,0.340000000000,0.750000000000,0.510000000000,0.758500000000,4,57.14,0,4,480
PDH,False,0.25,30,65,117,7,20,90,0,0,5.98,17.09,76.92,0.00,0.00,6,0.535000000000,1.010000000000,0.649800000000,1.010000000000,5,71.43,0,5,600
PDH,False,0.50,5,65,117,12,20,48,37,0,10.26,17.09,41.03,31.62,0.00,0,0.210000000000,0.470000000000,0.455000000000,0.490000000000,0,0.00,0,0,
PDH,False,0.50,15,65,117,18,36,48,15,0,15.38,30.77,41.03,12.82,0.00,4,0.340000000000,0.750000000000,0.510000000000,0.758500000000,3,16.67,2,1,300
PDH,False,0.50,30,65,117,24,38,48,7,0,20.51,32.48,41.03,5.98,0.00,6,0.535000000000,1.010000000000,0.649800000000,1.010000000000,9,37.50,3,6,480
PDH,False,1.00,5,65,117,5,14,13,85,0,4.27,11.97,11.11,72.65,0.00,0,0.210000000000,0.470000000000,0.455000000000,0.490000000000,0,0.00,0,0,
PDH,False,1.00,15,65,117,19,36,13,46,3,16.24,30.77,11.11,39.32,2.56,4,0.340000000000,0.750000000000,0.510000000000,0.758500000000,5,26.32,3,2,300
PDH,False,1.00,30,65,117,30,45,13,26,3,25.64,38.46,11.11,22.22,2.56,6,0.535000000000,1.010000000000,0.649800000000,1.010000000000,8,26.67,4,4,330
PDL,True,0.25,5,55,111,48,12,47,4,0,43.24,10.81,42.34,3.60,0.00,1,0.490000000000,0.129100000000,0.550000000000,0.180000000000,11,22.92,11,0,60
PDL,True,0.25,15,55,111,49,14,47,1,0,44.14,12.61,42.34,0.90,0.00,6,0.670000000000,0.320000000000,0.770000000000,0.330000000000,29,59.18,17,12,240
PDL,True,0.25,30,55,111,50,14,47,0,0,45.05,12.61,42.34,0.00,0.00,7,1.040000000000,0.515000000000,1.050000000000,0.515000000000,35,70.00,17,18,360
PDL,True,0.50,5,55,111,39,14,23,35,0,35.14,12.61,20.72,31.53,0.00,1,0.490000000000,0.129100000000,0.550000000000,0.180000000000,3,7.69,3,0,180
PDL,True,0.50,15,55,111,53,22,23,12,1,47.75,19.82,20.72,10.81,0.90,6,0.670000000000,0.320000000000,0.770000000000,0.330000000000,16,30.19,7,9,390
PDL,True,0.50,30,55,111,57,26,23,4,1,51.35,23.42,20.72,3.60,0.90,7,1.040000000000,0.515000000000,1.050000000000,0.515000000000,27,47.37,9,18,540
PDL,True,1.00,5,55,111,20,3,7,81,0,18.02,2.70,6.31,72.97,0.00,1,0.490000000000,0.129100000000,0.550000000000,0.180000000000,2,10.00,2,0,150
PDL,True,1.00,15,55,111,36,10,7,53,5,32.43,9.01,6.31,47.75,4.50,6,0.670000000000,0.320000000000,0.770000000000,0.330000000000,9,25.00,6,3,180
PDL,True,1.00,30,55,111,50,22,7,27,5,45.05,19.82,6.31,24.32,4.50,7,1.040000000000,0.515000000000,1.050000000000,0.515000000000,17,34.00,6,11,540
PDL,False,0.25,5,50,102,3,14,84,1,0,2.94,13.73,82.35,0.98,0.00,1,0.133100000000,0.694950000000,0.400000000000,0.705000000000,1,33.33,1,0,60
PDL,False,0.25,15,50,102,4,14,84,0,0,3.92,13.73,82.35,0.00,0.00,4,0.460000000000,0.855000000000,0.655000000000,0.875000000000,3,75.00,2,1,60
PDL,False,0.25,30,50,102,4,14,84,0,0,3.92,13.73,82.35,0.00,0.00,7,0.685000000000,1.200000000000,0.795000000000,1.225000000000,3,75.00,2,1,60
PDL,False,0.50,5,50,102,7,39,38,18,0,6.86,38.24,37.25,17.65,0.00,1,0.133100000000,0.694950000000,0.400000000000,0.705000000000,0,0.00,0,0,
PDL,False,0.50,15,50,102,17,44,38,3,0,16.67,43.14,37.25,2.94,0.00,4,0.460000000000,0.855000000000,0.655000000000,0.875000000000,2,11.76,2,0,210
PDL,False,0.50,30,50,102,18,46,38,0,0,17.65,45.10,37.25,0.00,0.00,7,0.685000000000,1.200000000000,0.795000000000,1.225000000000,6,33.33,2,4,600
PDL,False,1.00,5,50,102,3,18,7,74,0,2.94,17.65,6.86,72.55,0.00,1,0.133100000000,0.694950000000,0.400000000000,0.705000000000,0,0.00,0,0,
PDL,False,1.00,15,50,102,15,41,7,36,3,14.71,40.20,6.86,35.29,2.94,4,0.460000000000,0.855000000000,0.655000000000,0.875000000000,1,6.67,0,1,360
PDL,False,1.00,30,50,102,21,55,7,16,3,20.59,53.92,6.86,15.69,2.94,7,0.685000000000,1.200000000000,0.795000000000,1.225000000000,3,14.29,0,3,360
PMH,True,0.25,5,1,1,1,0,0,0,0,100.00,0.00,0.00,0.00,0.00,0,1.220000000000,0,1.220000000000,0,0,0.00,0,0,
PMH,True,0.25,15,1,1,1,0,0,0,0,100.00,0.00,0.00,0.00,0.00,0,1.420000000000,0.040000000000,1.420000000000,0.040000000000,0,0.00,0,0,
PMH,True,0.25,30,1,1,1,0,0,0,0,100.00,0.00,0.00,0.00,0.00,0,2.160000000000,0.040000000000,2.160000000000,0.040000000000,0,0.00,0,0,
PMH,True,0.50,5,1,1,1,0,0,0,0,100.00,0.00,0.00,0.00,0.00,0,1.220000000000,0,1.220000000000,0,0,0.00,0,0,
PMH,True,0.50,15,1,1,1,0,0,0,0,100.00,0.00,0.00,0.00,0.00,0,1.420000000000,0.040000000000,1.420000000000,0.040000000000,0,0.00,0,0,
PMH,True,0.50,30,1,1,1,0,0,0,0,100.00,0.00,0.00,0.00,0.00,0,2.160000000000,0.040000000000,2.160000000000,0.040000000000,0,0.00,0,0,
PMH,True,1.00,5,1,1,1,0,0,0,0,100.00,0.00,0.00,0.00,0.00,0,1.220000000000,0,1.220000000000,0,0,0.00,0,0,
PMH,True,1.00,15,1,1,1,0,0,0,0,100.00,0.00,0.00,0.00,0.00,0,1.420000000000,0.040000000000,1.420000000000,0.040000000000,0,0.00,0,0,
PMH,True,1.00,30,1,1,1,0,0,0,0,100.00,0.00,0.00,0.00,0.00,0,2.160000000000,0.040000000000,2.160000000000,0.040000000000,0,0.00,0,0,
PMH,False,0.25,5,2,2,0,0,2,0,0,0.00,0.00,100.00,0.00,0.00,0,0.415000000000,0.715000000000,0.445000000000,0.715000000000,0,,0,0,
PMH,False,0.25,15,2,2,0,0,2,0,0,0.00,0.00,100.00,0.00,0.00,0,0.700000000000,0.760000000000,0.730000000000,0.760000000000,0,,0,0,
PMH,False,0.25,30,2,2,0,0,2,0,0,0.00,0.00,100.00,0.00,0.00,0,1.930000000000,0.760000000000,1.930000000000,0.760000000000,0,,0,0,
PMH,False,0.50,5,2,2,1,1,0,0,0,50.00,50.00,0.00,0.00,0.00,0,0.415000000000,0.715000000000,0.445000000000,0.715000000000,1,100.00,1,0,60
PMH,False,0.50,15,2,2,1,1,0,0,0,50.00,50.00,0.00,0.00,0.00,0,0.700000000000,0.760000000000,0.730000000000,0.760000000000,1,100.00,1,0,60
PMH,False,0.50,30,2,2,1,1,0,0,0,50.00,50.00,0.00,0.00,0.00,0,1.930000000000,0.760000000000,1.930000000000,0.760000000000,1,100.00,1,0,60
PMH,False,1.00,5,2,2,0,0,0,2,0,0.00,0.00,0.00,100.00,0.00,0,0.415000000000,0.715000000000,0.445000000000,0.715000000000,0,,0,0,
PMH,False,1.00,15,2,2,1,0,0,1,0,50.00,0.00,0.00,50.00,0.00,0,0.700000000000,0.760000000000,0.730000000000,0.760000000000,0,0.00,0,0,
PMH,False,1.00,30,2,2,2,0,0,0,0,100.00,0.00,0.00,0.00,0.00,0,1.930000000000,0.760000000000,1.930000000000,0.760000000000,0,0.00,0,0,
PML,True,0.25,5,2,4,1,1,2,0,0,25.00,25.00,50.00,0.00,0.00,0,0.615000000000,0.280000000000,0.795000000000,0.315000000000,0,0.00,0,0,
PML,True,0.25,15,2,4,1,1,2,0,0,25.00,25.00,50.00,0.00,0.00,0,0.896250000000,0.360000000000,0.896250000000,0.380000000000,0,0.00,0,0,
PML,True,0.25,30,2,4,1,1,2,0,0,25.00,25.00,50.00,0.00,0.00,1,0.896250000000,1.192500000000,0.896250000000,1.192500000000,1,100.00,0,1,1620
PML,True,0.50,5,2,4,0,0,2,2,0,0.00,0.00,50.00,50.00,0.00,0,0.615000000000,0.280000000000,0.795000000000,0.315000000000,0,,0,0,
PML,True,0.50,15,2,4,1,1,2,0,0,25.00,25.00,50.00,0.00,0.00,0,0.896250000000,0.360000000000,0.896250000000,0.380000000000,1,100.00,1,0,180
PML,True,0.50,30,2,4,1,1,2,0,0,25.00,25.00,50.00,0.00,0.00,1,0.896250000000,1.192500000000,0.896250000000,1.192500000000,1,100.00,1,0,180
PML,True,1.00,5,2,4,1,0,1,2,0,25.00,0.00,25.00,50.00,0.00,0,0.615000000000,0.280000000000,0.795000000000,0.315000000000,0,0.00,0,0,
PML,True,1.00,15,2,4,1,0,1,2,0,25.00,0.00,25.00,50.00,0.00,0,0.896250000000,0.360000000000,0.896250000000,0.380000000000,0,0.00,0,0,
PML,True,1.00,30,2,4,1,1,1,1,0,25.00,25.00,25.00,25.00,0.00,1,0.896250000000,1.192500000000,0.896250000000,1.192500000000,1,100.00,0,1,1140
PML,False,0.25,5,2,4,1,0,3,0,0,25.00,0.00,75.00,0.00,0.00,0,0.275000000000,0.420000000000,0.660000000000,0.445000000000,0,0.00,0,0,
PML,False,0.25,15,2,4,1,0,3,0,0,25.00,0.00,75.00,0.00,0.00,0,0.490000000000,0.640000000000,0.705000000000,0.640000000000,0,0.00,0,0,
PML,False,0.25,30,2,4,1,0,3,0,0,25.00,0.00,75.00,0.00,0.00,0,0.995650000000,1.360000000000,1.175650000000,1.360000000000,0,0.00,0,0,
PML,False,0.50,5,2,4,0,1,2,1,0,0.00,25.00,50.00,25.00,0.00,0,0.275000000000,0.420000000000,0.660000000000,0.445000000000,0,,0,0,
PML,False,0.50,15,2,4,0,1,2,1,0,0.00,25.00,50.00,25.00,0.00,0,0.490000000000,0.640000000000,0.705000000000,0.640000000000,0,,0,0,
PML,False,0.50,30,2,4,1,1,2,0,0,25.00,25.00,50.00,0.00,0.00,0,0.995650000000,1.360000000000,1.175650000000,1.360000000000,0,0.00,0,0,
PML,False,1.00,5,2,4,1,0,0,3,0,25.00,0.00,0.00,75.00,0.00,0,0.275000000000,0.420000000000,0.660000000000,0.445000000000,0,0.00,0,0,
PML,False,1.00,15,2,4,1,1,0,2,0,25.00,25.00,0.00,50.00,0.00,0,0.490000000000,0.640000000000,0.705000000000,0.640000000000,1,100.00,1,0,240
PML,False,1.00,30,2,4,2,1,0,1,0,50.00,25.00,0.00,25.00,0.00,0,0.995650000000,1.360000000000,1.175650000000,1.360000000000,1,50.00,1,0,240
ORH5,True,0.25,5,110,206,59,18,118,11,0,28.64,8.74,57.28,5.34,0.00,5,0.415000000000,0.200000000000,0.530000000000,0.222500000000,20,33.90,20,0,120
ORH5,True,0.25,15,110,206,65,23,118,0,0,31.55,11.17,57.28,0.00,0.00,8,0.745000000000,0.400000000000,0.780000000000,0.415000000000,36,55.38,23,13,180
ORH5,True,0.25,30,110,206,65,23,118,0,0,31.55,11.17,57.28,0.00,0.00,12,0.985000000000,0.597500000000,1.010000000000,0.615000000000,44,67.69,23,21,210
ORH5,True,0.50,5,110,206,63,23,46,73,1,30.58,11.17,22.33,35.44,0.49,5,0.415000000000,0.200000000000,0.530000000000,0.222500000000,9,14.29,9,0,120
ORH5,True,0.50,15,110,206,92,50,46,17,1,44.66,24.27,22.33,8.25,0.49,8,0.745000000000,0.400000000000,0.780000000000,0.415000000000,31,33.70,19,12,240
ORH5,True,0.50,30,110,206,95,56,46,7,2,46.12,27.18,22.33,3.40,0.97,12,0.985000000000,0.597500000000,1.010000000000,0.615000000000,53,55.79,20,33,540
ORH5,True,1.00,5,110,206,32,6,7,157,4,15.53,2.91,3.40,76.21,1.94,5,0.415000000000,0.200000000000,0.530000000000,0.222500000000,1,3.12,1,0,60
ORH5,True,1.00,15,110,206,62,27,7,105,5,30.10,13.11,3.40,50.97,2.43,8,0.745000000000,0.400000000000,0.780000000000,0.415000000000,12,19.35,5,7,420
ORH5,True,1.00,30,110,206,89,50,7,52,8,43.20,24.27,3.40,25.24,3.88,12,0.985000000000,0.597500000000,1.010000000000,0.615000000000,29,32.58,7,22,540
ORH5,False,0.25,5,118,233,26,35,154,18,0,11.16,15.02,66.09,7.73,0.00,3,0.194000000000,0.420000000000,0.370000000000,0.430000000000,4,15.38,4,0,60
ORH5,False,0.25,15,118,233,35,42,154,2,0,15.02,18.03,66.09,0.86,0.00,7,0.420000000000,0.660000000000,0.517900000000,0.660000000000,17,48.57,11,6,120
ORH5,False,0.25,30,118,233,36,43,154,0,0,15.45,18.45,66.09,0.00,0.00,8,0.660000000000,0.890000000000,0.705000000000,0.900000000000,25,69.44,12,13,420
ORH5,False,0.50,5,118,233,31,60,54,87,1,13.30,25.75,23.18,37.34,0.43,3,0.194000000000,0.420000000000,0.370000000000,0.430000000000,2,6.45,2,0,60
ORH5,False,0.50,15,118,233,53,94,54,28,4,22.75,40.34,23.18,12.02,1.72,7,0.420000000000,0.660000000000,0.517900000000,0.660000000000,24,45.28,13,11,300
ORH5,False,0.50,30,118,233,61,107,54,7,4,26.18,45.92,23.18,3.00,1.72,8,0.660000000000,0.890000000000,0.705000000000,0.900000000000,36,59.02,13,23,480
ORH5,False,1.00,5,118,233,9,28,9,185,2,3.86,12.02,3.86,79.40,0.86,3,0.194000000000,0.420000000000,0.370000000000,0.430000000000,0,0.00,0,0,
ORH5,False,1.00,15,118,233,42,68,9,108,6,18.03,29.18,3.86,46.35,2.58,7,0.420000000000,0.660000000000,0.517900000000,0.660000000000,9,21.43,3,6,420
ORH5,False,1.00,30,118,233,65,93,9,59,7,27.90,39.91,3.86,25.32,3.00,8,0.660000000000,0.890000000000,0.705000000000,0.900000000000,22,33.85,7,15,450
ORL5,True,0.25,5,105,208,77,3,109,19,0,37.02,1.44,52.40,9.13,0.00,2,0.500000000000,0.136250000000,0.560000000000,0.197450000000,27,35.06,27,0,120
ORL5,True,0.25,15,105,208,79,19,109,1,0,37.98,9.13,52.40,0.48,0.00,5,0.740300000000,0.375000000000,0.795000000000,0.420000000000,42,53.16,32,10,180
ORL5,True,0.25,30,105,208,80,19,109,0,0,38.46,9.13,52.40,0.00,0.00,9,0.875000000000,0.630000000000,0.890000000000,0.635000000000,49,61.25,32,17,180
ORL5,True,0.50,5,105,208,72,17,50,68,1,34.62,8.17,24.04,32.69,0.48,2,0.500000000000,0.136250000000,0.560000000000,0.197450000000,19,26.39,19,0,120
ORL5,True,0.50,15,105,208,92,45,50,20,1,44.23,21.63,24.04,9.62,0.48,5,0.740300000000,0.375000000000,0.795000000000,0.420000000000,40,43.48,29,11,240
ORL5,True,0.50,30,105,208,97,54,50,6,1,46.63,25.96,24.04,2.88,0.48,9,0.875000000000,0.630000000000,0.890000000000,0.635000000000,50,51.55,31,19,300
ORL5,True,1.00,5,105,208,29,7,10,161,1,13.94,3.37,4.81,77.40,0.48,2,0.500000000000,0.136250000000,0.560000000000,0.197450000000,3,10.34,3,0,180
ORL5,True,1.00,15,105,208,67,42,10,85,4,32.21,20.19,4.81,40.87,1.92,5,0.740300000000,0.375000000000,0.795000000000,0.420000000000,9,13.43,7,2,180
ORL5,True,1.00,30,105,208,84,58,10,49,7,40.38,27.88,4.81,23.56,3.37,9,0.875000000000,0.630000000000,0.890000000000,0.635000000000,21,25.00,9,12,360
ORL5,False,0.25,5,112,214,17,26,159,12,0,7.94,12.15,74.30,5.61,0.00,3,0.230000000000,0.400000000000,0.418400000000,0.408150000000,0,0.00,0,0,
ORL5,False,0.25,15,112,214,24,30,159,1,0,11.21,14.02,74.30,0.47,0.00,6,0.475000000000,0.666200000000,0.610000000000,0.681200000000,9,37.50,5,4,300
ORL5,False,0.25,30,112,214,24,30,159,1,0,11.21,14.02,74.30,0.47,0.00,9,0.735100000000,0.830000000000,0.790000000000,0.855000000000,12,50.00,5,7,450
ORL5,False,0.50,5,112,214,28,42,62,80,2,13.08,19.63,28.97,37.38,0.93,3,0.230000000000,0.400000000000,0.418400000000,0.408150000000,1,3.57,1,0,180
ORL5,False,0.50,15,112,214,57,69,63,22,3,26.64,32.24,29.44,10.28,1.40,6,0.475000000000,0.666200000000,0.610000000000,0.681200000000,15,26.32,10,5,240
ORL5,False,0.50,30,112,214,63,77,63,8,3,29.44,35.98,29.44,3.74,1.40,9,0.735100000000,0.830000000000,0.790000000000,0.855000000000,25,39.68,11,14,420
ORL5,False,1.00,5,112,214,9,27,13,162,3,4.21,12.62,6.07,75.70,1.40,3,0.230000000000,0.400000000000,0.418400000000,0.408150000000,1,11.11,1,0,120
ORL5,False,1.00,15,112,214,49,65,13,82,5,22.90,30.37,6.07,38.32,2.34,6,0.475000000000,0.666200000000,0.610000000000,0.681200000000,2,4.08,2,0,150
ORL5,False,1.00,30,112,214,60,77,13,58,6,28.04,35.98,6.07,27.10,2.80,9,0.735100000000,0.830000000000,0.790000000000,0.855000000000,12,20.00,3,9,600
PWH,True,0.25,5,27,56,17,4,25,9,1,30.36,7.14,44.64,16.07,1.79,2,0.387500000000,0.130000000000,0.425000000000,0.135000000000,2,11.76,2,0,90
PWH,True,0.25,15,27,56,22,6,25,2,1,39.29,10.71,44.64,3.57,1.79,3,0.505000000000,0.200000000000,0.547500000000,0.200000000000,6,27.27,4,2,300
PWH,True,0.25,30,27,56,22,6,25,2,1,39.29,10.71,44.64,3.57,1.79,5,0.600000000000,0.407500000000,0.645000000000,0.407500000000,11,50.00,4,7,600
PWH,True,0.50,5,27,56,13,5,10,26,2,23.21,8.93,17.86,46.43,3.57,2,0.387500000000,0.130000000000,0.425000000000,0.135000000000,0,0.00,0,0,
PWH,True,0.50,15,27,56,21,11,10,12,2,37.50,19.64,17.86,21.43,3.57,3,0.505000000000,0.200000000000,0.547500000000,0.200000000000,3,14.29,1,2,360
PWH,True,0.50,30,27,56,24,14,10,5,3,42.86,25.00,17.86,8.93,5.36,5,0.600000000000,0.407500000000,0.645000000000,0.407500000000,8,33.33,1,7,1080
PWH,True,1.00,5,27,56,3,0,1,50,2,5.36,0.00,1.79,89.29,3.57,2,0.387500000000,0.130000000000,0.425000000000,0.135000000000,0,0.00,0,0,
PWH,True,1.00,15,27,56,11,7,1,34,3,19.64,12.50,1.79,60.71,5.36,3,0.505000000000,0.200000000000,0.547500000000,0.200000000000,1,9.09,0,1,360
PWH,True,1.00,30,27,56,17,9,1,25,4,30.36,16.07,1.79,44.64,7.14,5,0.600000000000,0.407500000000,0.645000000000,0.407500000000,3,17.65,0,3,780
PWH,False,0.25,5,24,48,3,8,30,7,0,6.25,16.67,62.50,14.58,0.00,1,0.105000000000,0.385000000000,0.330000000000,0.392500000000,0,0.00,0,0,
PWH,False,0.25,15,24,48,7,11,30,0,0,14.58,22.92,62.50,0.00,0.00,2,0.350000000000,0.552500000000,0.407500000000,0.552500000000,2,28.57,1,1,300
PWH,False,0.25,30,24,48,7,11,30,0,0,14.58,22.92,62.50,0.00,0.00,5,0.407500000000,0.812500000000,0.505000000000,0.812500000000,3,42.86,1,2,360
PWH,False,0.50,5,24,48,4,6,13,24,1,8.33,12.50,27.08,50.00,2.08,1,0.105000000000,0.385000000000,0.330000000000,0.392500000000,1,25.00,1,0,120
PWH,False,0.50,15,24,48,7,14,13,13,1,14.58,29.17,27.08,27.08,2.08,2,0.350000000000,0.552500000000,0.407500000000,0.552500000000,2,28.57,2,0,210
PWH,False,0.50,30,24,48,10,18,13,6,1,20.83,37.50,27.08,12.50,2.08,5,0.407500000000,0.812500000000,0.505000000000,0.812500000000,4,40.00,3,1,270
PWH,False,1.00,5,24,48,0,6,5,36,1,0.00,12.50,10.42,75.00,2.08,1,0.105000000000,0.385000000000,0.330000000000,0.392500000000,0,,0,0,
PWH,False,1.00,15,24,48,3,13,5,25,2,6.25,27.08,10.42,52.08,4.17,2,0.350000000000,0.552500000000,0.407500000000,0.552500000000,0,0.00,0,0,
PWH,False,1.00,30,24,48,6,15,5,20,2,12.50,31.25,10.42,41.67,4.17,5,0.407500000000,0.812500000000,0.505000000000,0.812500000000,1,16.67,1,0,180
PWL,True,0.25,5,24,30,12,0,17,1,0,40.00,0.00,56.67,3.33,0.00,1,0.655000000000,0.155000000000,0.690000000000,0.175000000000,3,25.00,3,0,120
PWL,True,0.25,15,24,30,13,0,17,0,0,43.33,0.00,56.67,0.00,0.00,2,0.950000000000,0.327450000000,0.950000000000,0.327450000000,7,53.85,5,2,240
PWL,True,0.25,30,24,30,13,0,17,0,0,43.33,0.00,56.67,0.00,0.00,2,1.160000000000,0.524950000000,1.160000000000,0.524950000000,7,53.85,5,2,240
PWL,True,0.50,5,24,30,10,1,9,9,1,33.33,3.33,30.00,30.00,3.33,1,0.655000000000,0.155000000000,0.690000000000,0.175000000000,1,10.00,1,0,120
PWL,True,0.50,15,24,30,15,4,9,1,1,50.00,13.33,30.00,3.33,3.33,2,0.950000000000,0.327450000000,0.950000000000,0.327450000000,4,26.67,3,1,150
PWL,True,0.50,30,24,30,15,5,9,0,1,50.00,16.67,30.00,0.00,3.33,2,1.160000000000,0.524950000000,1.160000000000,0.524950000000,8,53.33,4,4,330
PWL,True,1.00,5,24,30,4,1,1,23,1,13.33,3.33,3.33,76.67,3.33,1,0.655000000000,0.155000000000,0.690000000000,0.175000000000,0,0.00,0,0,
PWL,True,1.00,15,24,30,13,6,1,8,2,43.33,20.00,3.33,26.67,6.67,2,0.950000000000,0.327450000000,0.950000000000,0.327450000000,1,7.69,0,1,420
PWL,True,1.00,30,24,30,14,8,1,5,2,46.67,26.67,3.33,16.67,6.67,2,1.160000000000,0.524950000000,1.160000000000,0.524950000000,3,21.43,0,3,720
PWL,False,0.25,5,28,60,2,8,49,1,0,3.33,13.33,81.67,1.67,0.00,0,0.300000000000,0.628200000000,0.515000000000,0.644950000000,0,0.00,0,0,
PWL,False,0.25,15,28,60,3,8,49,0,0,5.00,13.33,81.67,0.00,0.00,1,0.805000000000,0.810000000000,0.906500000000,0.810000000000,2,66.67,1,1,360
PWL,False,0.25,30,28,60,3,8,49,0,0,5.00,13.33,81.67,0.00,0.00,3,1.125000000000,1.100000000000,1.125000000000,1.100000000000,2,66.67,1,1,360
PWL,False,0.50,5,28,60,8,13,29,10,0,13.33,21.67,48.33,16.67,0.00,0,0.300000000000,0.628200000000,0.515000000000,0.644950000000,0,0.00,0,0,
PWL,False,0.50,15,28,60,14,16,29,1,0,23.33,26.67,48.33,1.67,0.00,1,0.805000000000,0.810000000000,0.906500000000,0.810000000000,3,21.43,1,2,420
PWL,False,0.50,30,28,60,15,16,29,0,0,25.00,26.67,48.33,0.00,0.00,3,1.125000000000,1.100000000000,1.125000000000,1.100000000000,5,33.33,1,4,540
PWL,False,1.00,5,28,60,5,9,5,41,0,8.33,15.00,8.33,68.33,0.00,0,0.300000000000,0.628200000000,0.515000000000,0.644950000000,0,0.00,0,0,
PWL,False,1.00,15,28,60,18,22,5,15,0,30.00,36.67,8.33,25.00,0.00,1,0.805000000000,0.810000000000,0.906500000000,0.810000000000,4,22.22,2,2,270
PWL,False,1.00,30,28,60,21,27,5,6,1,35.00,45.00,8.33,10.00,1.67,3,1.125000000000,1.100000000000,1.125000000000,1.100000000000,8,38.10,4,4,360
1H_HIGH,True,0.25,5,133,1201,429,80,587,104,1,35.72,6.66,48.88,8.66,0.08,30,0.440000000000,0.149900000000,0.530000000000,0.190000000000,118,27.51,118,0,120
1H_HIGH,True,0.25,15,133,1201,480,120,587,13,1,39.97,9.99,48.88,1.08,0.08,62,0.660000000000,0.360000000000,0.709900000000,0.380000000000,250,52.08,171,79,180
1H_HIGH,True,0.25,30,133,1201,488,123,587,2,1,40.63,10.24,48.88,0.17,0.08,101,0.835000000000,0.540000000000,0.870000000000,0.560000000000,316,64.75,175,141,300
1H_HIGH,True,0.50,5,133,1201,334,114,299,442,12,27.81,9.49,24.90,36.80,1.00,30,0.440000000000,0.149900000000,0.530000000000,0.190000000000,40,11.98,40,0,120
1H_HIGH,True,0.50,15,133,1201,492,228,299,163,19,40.97,18.98,24.90,13.57,1.58,62,0.660000000000,0.360000000000,0.709900000000,0.380000000000,163,33.13,107,56,240
1H_HIGH,True,0.50,30,133,1201,532,270,299,80,20,44.30,22.48,24.90,6.66,1.67,101,0.835000000000,0.540000000000,0.870000000000,0.560000000000,249,46.80,115,134,360
1H_HIGH,True,1.00,5,133,1201,156,44,61,915,25,12.99,3.66,5.08,76.19,2.08,30,0.440000000000,0.149900000000,0.530000000000,0.190000000000,9,5.77,9,0,120
1H_HIGH,True,1.00,15,133,1201,335,210,61,550,45,27.89,17.49,5.08,45.80,3.75,62,0.660000000000,0.360000000000,0.709900000000,0.380000000000,66,19.70,37,29,300
1H_HIGH,True,1.00,30,133,1201,448,298,61,335,59,37.30,24.81,5.08,27.89,4.91,101,0.835000000000,0.540000000000,0.870000000000,0.560000000000,123,27.46,41,82,420
1H_HIGH,False,0.25,5,133,1097,71,152,772,101,1,6.47,13.86,70.37,9.21,0.09,18,0.175000000000,0.425000000000,0.380000000000,0.439650000000,10,14.08,10,0,60
1H_HIGH,False,0.25,15,133,1097,115,201,772,8,1,10.48,18.32,70.37,0.73,0.09,50,0.405000000000,0.690000000000,0.530000000000,0.700050000000,42,36.52,30,12,180
1H_HIGH,False,0.25,30,133,1097,118,205,772,1,1,10.76,18.69,70.37,0.09,0.09,92,0.602500000000,0.872500000000,0.689950000000,0.885000000000,76,64.41,34,42,360
1H_HIGH,False,0.50,5,133,1097,109,244,323,414,7,9.94,22.24,29.44,37.74,0.64,18,0.175000000000,0.425000000000,0.380000000000,0.439650000000,10,9.17,10,0,60
1H_HIGH,False,0.50,15,133,1097,223,406,323,135,10,20.33,37.01,29.44,12.31,0.91,50,0.405000000000,0.690000000000,0.530000000000,0.700050000000,60,26.91,41,19,240
1H_HIGH,False,0.50,30,133,1097,265,452,323,45,12,24.16,41.20,29.44,4.10,1.09,92,0.602500000000,0.872500000000,0.689950000000,0.885000000000,121,45.66,49,72,420
1H_HIGH,False,1.00,5,133,1097,45,138,68,830,16,4.10,12.58,6.20,75.66,1.46,18,0.175000000000,0.425000000000,0.380000000000,0.439650000000,1,2.22,1,0,60
1H_HIGH,False,1.00,15,133,1097,199,318,68,478,34,18.14,28.99,6.20,43.57,3.10,50,0.405000000000,0.690000000000,0.530000000000,0.700050000000,32,16.08,18,14,300
1H_HIGH,False,1.00,30,133,1097,298,407,68,278,46,27.16,37.10,6.20,25.34,4.19,92,0.602500000000,0.872500000000,0.689950000000,0.885000000000,72,24.16,20,52,480
1H_LOW,True,0.25,5,130,1298,413,71,767,47,0,31.82,5.47,59.09,3.62,0.00,33,0.490000000000,0.189950000000,0.580800000000,0.220000000000,128,30.99,128,0,120
1H_LOW,True,0.25,15,130,1298,434,94,767,3,0,33.44,7.24,59.09,0.23,0.00,77,0.750000000000,0.470000000000,0.807000000000,0.475000000000,248,57.14,172,76,180
1H_LOW,True,0.25,30,130,1298,435,94,767,2,0,33.51,7.24,59.09,0.15,0.00,116,1.003150000000,0.660050000000,1.041250000000,0.670000000000,294,67.59,174,120,240
1H_LOW,True,0.50,5,130,1298,424,130,349,388,7,32.67,10.02,26.89,29.89,0.54,33,0.490000000000,0.189950000000,0.580800000000,0.220000000000,64,15.09,64,0,90
1H_LOW,True,0.50,15,130,1298,559,262,350,112,15,43.07,20.18,26.96,8.63,1.16,77,0.750000000000,0.470000000000,0.807000000000,0.475000000000,223,39.89,153,70,240
1H_LOW,True,0.50,30,130,1298,602,286,350,44,16,46.38,22.03,26.96,3.39,1.23,116,1.003150000000,0.660050000000,1.041250000000,0.670000000000,309,51.33,158,151,300
1H_LOW,True,1.00,5,130,1298,185,55,86,952,20,14.25,4.24,6.63,73.34,1.54,33,0.490000000000,0.189950000000,0.580800000000,0.220000000000,10,5.41,10,0,120
1H_LOW,True,1.00,15,130,1298,425,247,86,491,49,32.74,19.03,6.63,37.83,3.78,77,0.750000000000,0.470000000000,0.807000000000,0.475000000000,93,21.88,56,37,300
1H_LOW,True,1.00,30,130,1298,557,367,86,231,57,42.91,28.27,6.63,17.80,4.39,116,1.003150000000,0.660050000000,1.041250000000,0.670000000000,169,30.34,65,104,420
1H_LOW,False,0.25,5,130,1262,65,175,968,54,0,5.15,13.87,76.70,4.28,0.00,22,0.210000000000,0.520000000000,0.440000000000,0.530000000000,18,27.69,18,0,60
1H_LOW,False,0.25,15,130,1262,89,198,968,7,0,7.05,15.69,76.70,0.55,0.00,58,0.470000000000,0.830000000000,0.610000000000,0.840000000000,43,48.31,35,8,120
1H_LOW,False,0.25,30,130,1262,93,201,968,0,0,7.37,15.93,76.70,0.00,0.00,88,0.700000000000,1.060000000000,0.800000000000,1.062500000000,60,64.52,38,22,240
1H_LOW,False,0.50,5,130,1262,135,316,464,336,11,10.70,25.04,36.77,26.62,0.87,22,0.210000000000,0.520000000000,0.440000000000,0.530000000000,12,8.89,12,0,90
1H_LOW,False,0.50,15,130,1262,235,443,464,107,13,18.62,35.10,36.77,8.48,1.03,58,0.470000000000,0.830000000000,0.610000000000,0.840000000000,82,34.89,56,26,180
1H_LOW,False,0.50,30,130,1262,271,485,464,29,13,21.47,38.43,36.77,2.30,1.03,88,0.700000000000,1.060000000000,0.800000000000,1.062500000000,133,49.08,62,71,360
1H_LOW,False,1.00,5,130,1262,70,184,100,892,16,5.55,14.58,7.92,70.68,1.27,22,0.210000000000,0.520000000000,0.440000000000,0.530000000000,1,1.43,1,0,60
1H_LOW,False,1.00,15,130,1262,243,442,100,442,35,19.26,35.02,7.92,35.02,2.77,58,0.470000000000,0.830000000000,0.610000000000,0.840000000000,40,16.46,23,17,300
1H_LOW,False,1.00,30,130,1262,352,539,100,233,38,27.89,42.71,7.92,18.46,3.01,88,0.700000000000,1.060000000000,0.800000000000,1.062500000000,94,26.70,31,63,420
