family,time_of_day,distance,horizon,contributing_sessions,episodes,REJECTION_FIRST_n,CONTINUATION_FIRST_n,AMBIGUOUS_n,UNRESOLVED_n,CENSORED_n,REJECTION_FIRST_pct,CONTINUATION_FIRST_pct,AMBIGUOUS_pct,UNRESOLVED_pct,CENSORED_pct,horizon_censored_flag_n,median_mfe_lower_bound,median_mae_lower_bound,median_mfe_envelope_upper,median_mae_envelope_upper,reclaim_n,reclaim_pct_of_rejection_first,quick_reclaim_n,later_reclaim_n,median_time_to_reclaim_seconds
ALL,09:30-10:00,0.25,5,170,1080,204,39,836,1,0,18.89,3.61,77.41,0.09,0.00,0,0.480000000000,0.480000000000,0.670000000000,0.490000000000,85,41.67,85,0,120
ALL,09:30-10:00,0.25,15,170,1080,204,40,836,0,0,18.89,3.70,77.41,0.00,0.00,0,0.837500000000,0.845000000000,0.925000000000,0.853700000000,135,66.18,94,41,180
ALL,09:30-10:00,0.25,30,170,1080,204,40,836,0,0,18.89,3.70,77.41,0.00,0.00,0,1.245000000000,1.210000000000,1.270000000000,1.220000000000,147,72.06,94,53,180
ALL,09:30-10:00,0.50,5,170,1080,261,182,517,120,0,24.17,16.85,47.87,11.11,0.00,0,0.480000000000,0.480000000000,0.670000000000,0.490000000000,60,22.99,60,0,120
ALL,09:30-10:00,0.50,15,170,1080,313,239,517,11,0,28.98,22.13,47.87,1.02,0.00,0,0.837500000000,0.845000000000,0.925000000000,0.853700000000,153,48.88,106,47,240
ALL,09:30-10:00,0.50,30,170,1080,321,242,517,0,0,29.72,22.41,47.87,0.00,0.00,0,1.245000000000,1.210000000000,1.270000000000,1.220000000000,187,58.26,109,78,300
ALL,09:30-10:00,1.00,5,170,1080,172,146,94,668,0,15.93,13.52,8.70,61.85,0.00,0,0.480000000000,0.480000000000,0.670000000000,0.490000000000,10,5.81,10,0,120
ALL,09:30-10:00,1.00,15,170,1080,367,393,94,226,0,33.98,36.39,8.70,20.93,0.00,0,0.837500000000,0.845000000000,0.925000000000,0.853700000000,99,26.98,51,48,300
ALL,09:30-10:00,1.00,30,170,1080,448,477,94,61,0,41.48,44.17,8.70,5.65,0.00,0,1.245000000000,1.210000000000,1.270000000000,1.220000000000,160,35.71,57,103,420
ALL,10:00-11:00,0.25,5,160,1324,227,85,992,20,0,17.15,6.42,74.92,1.51,0.00,0,0.405000000000,0.408150000000,0.590000000000,0.430000000000,69,30.40,69,0,120
ALL,10:00-11:00,0.25,15,160,1324,239,92,992,1,0,18.05,6.95,74.92,0.08,0.00,0,0.715000000000,0.770000000000,0.811250000000,0.780000000000,125,52.30,97,28,180
ALL,10:00-11:00,0.25,30,160,1324,239,93,992,0,0,18.05,7.02,74.92,0.00,0.00,0,0.997500000000,1.000000000000,1.040000000000,1.010000000000,155,64.85,99,56,240
ALL,10:00-11:00,0.50,5,160,1324,320,249,497,258,0,24.17,18.81,37.54,19.49,0.00,0,0.405000000000,0.408150000000,0.590000000000,0.430000000000,47,14.69,47,0,60
ALL,10:00-11:00,0.50,15,160,1324,408,361,498,57,0,30.82,27.27,37.61,4.31,0.00,0,0.715000000000,0.770000000000,0.811250000000,0.780000000000,169,41.42,117,52,240
ALL,10:00-11:00,0.50,30,160,1324,427,387,498,12,0,32.25,29.23,37.61,0.91,0.00,0,0.997500000000,1.000000000000,1.040000000000,1.010000000000,236,55.27,120,116,300
ALL,10:00-11:00,1.00,5,160,1324,182,174,119,849,0,13.75,13.14,8.99,64.12,0.00,0,0.405000000000,0.408150000000,0.590000000000,0.430000000000,13,7.14,13,0,120
ALL,10:00-11:00,1.00,15,160,1324,408,424,119,373,0,30.82,32.02,8.99,28.17,0.00,0,0.715000000000,0.770000000000,0.811250000000,0.780000000000,85,20.83,51,34,240
ALL,10:00-11:00,1.00,30,160,1324,494,516,119,195,0,37.31,38.97,8.99,14.73,0.00,0,0.997500000000,1.000000000000,1.040000000000,1.010000000000,163,33.00,63,100,420
ALL,11:00-12:00,0.25,5,152,906,214,127,527,38,0,23.62,14.02,58.17,4.19,0.00,0,0.350000000000,0.309600000000,0.450000000000,0.310000000000,60,28.04,60,0,120
ALL,11:00-12:00,0.25,15,152,906,233,144,527,2,0,25.72,15.89,58.17,0.22,0.00,0,0.590100000000,0.550000000000,0.649800000000,0.550000000000,130,55.79,87,43,180
ALL,11:00-12:00,0.25,30,152,906,234,144,527,1,0,25.83,15.89,58.17,0.11,0.00,0,0.820000000000,0.740000000000,0.860000000000,0.740000000000,158,67.52,88,70,240
ALL,11:00-12:00,0.50,5,152,906,236,168,179,323,0,26.05,18.54,19.76,35.65,0.00,0,0.350000000000,0.309600000000,0.450000000000,0.310000000000,26,11.02,26,0,120
ALL,11:00-12:00,0.50,15,152,906,351,298,179,78,0,38.74,32.89,19.76,8.61,0.00,0,0.590100000000,0.550000000000,0.649800000000,0.550000000000,122,34.76,84,38,240
ALL,11:00-12:00,0.50,30,152,906,384,327,179,16,0,42.38,36.09,19.76,1.77,0.00,0,0.820000000000,0.740000000000,0.860000000000,0.740000000000,188,48.96,89,99,360
ALL,11:00-12:00,1.00,5,152,906,70,51,27,758,0,7.73,5.63,2.98,83.66,0.00,0,0.350000000000,0.309600000000,0.450000000000,0.310000000000,1,1.43,1,0,120
ALL,11:00-12:00,1.00,15,152,906,224,209,27,446,0,24.72,23.07,2.98,49.23,0.00,0,0.590100000000,0.550000000000,0.649800000000,0.550000000000,33,14.73,19,14,300
ALL,11:00-12:00,1.00,30,152,906,350,298,27,231,0,38.63,32.89,2.98,25.50,0.00,0,0.820000000000,0.740000000000,0.860000000000,0.740000000000,82,23.43,24,58,480
ALL,12:00-14:00,0.25,5,156,1471,316,203,783,169,0,21.48,13.80,53.23,11.49,0.00,0,0.280000000000,0.245000000000,0.390000000000,0.270000000000,69,21.84,69,0,120
ALL,12:00-14:00,0.25,15,156,1471,382,287,783,19,0,25.97,19.51,53.23,1.29,0.00,0,0.500000000000,0.470000000000,0.550000000000,0.475000000000,184,48.17,126,58,180
ALL,12:00-14:00,0.25,30,156,1471,390,295,783,3,0,26.51,20.05,53.23,0.20,0.00,0,0.700000000000,0.650000000000,0.730000000000,0.650000000000,248,63.59,128,120,300
ALL,12:00-14:00,0.50,5,156,1471,256,230,284,701,0,17.40,15.64,19.31,47.65,0.00,0,0.280000000000,0.245000000000,0.390000000000,0.270000000000,17,6.64,17,0,120
ALL,12:00-14:00,0.50,15,156,1471,471,445,284,271,0,32.02,30.25,19.31,18.42,0.00,0,0.500000000000,0.470000000000,0.550000000000,0.475000000000,126,26.75,77,49,300
ALL,12:00-14:00,0.50,30,156,1471,549,533,284,105,0,37.32,36.23,19.31,7.14,0.00,0,0.700000000000,0.650000000000,0.730000000000,0.650000000000,239,43.53,85,154,420
ALL,12:00-14:00,1.00,5,156,1471,81,64,51,1275,0,5.51,4.35,3.47,86.68,0.00,0,0.280000000000,0.245000000000,0.390000000000,0.270000000000,2,2.47,2,0,120
ALL,12:00-14:00,1.00,15,156,1471,307,258,51,855,0,20.87,17.54,3.47,58.12,0.00,0,0.500000000000,0.470000000000,0.550000000000,0.475000000000,41,13.36,29,12,300
ALL,12:00-14:00,1.00,30,156,1471,468,398,51,554,0,31.82,27.06,3.47,37.66,0.00,0,0.700000000000,0.650000000000,0.730000000000,0.650000000000,107,22.86,38,69,480
ALL,14:00-15:00,0.25,5,139,714,147,77,389,101,0,20.59,10.78,54.48,14.15,0.00,0,0.270000000000,0.230000000000,0.395000000000,0.242500000000,24,16.33,24,0,120
ALL,14:00-15:00,0.25,15,139,714,197,116,389,12,0,27.59,16.25,54.48,1.68,0.00,0,0.476250000000,0.425000000000,0.560000000000,0.432500000000,83,42.13,49,34,240
ALL,14:00-15:00,0.25,30,139,714,205,119,389,1,0,28.71,16.67,54.48,0.14,0.00,0,0.640100000000,0.590000000000,0.700000000000,0.590000000000,131,63.90,55,76,420
ALL,14:00-15:00,0.50,5,139,714,117,104,160,333,0,16.39,14.57,22.41,46.64,0.00,0,0.270000000000,0.230000000000,0.395000000000,0.242500000000,14,11.97,14,0,120
ALL,14:00-15:00,0.50,15,139,714,217,191,160,146,0,30.39,26.75,22.41,20.45,0.00,0,0.476250000000,0.425000000000,0.560000000000,0.432500000000,60,27.65,37,23,240
ALL,14:00-15:00,0.50,30,139,714,251,221,160,82,0,35.15,30.95,22.41,11.48,0.00,0,0.640100000000,0.590000000000,0.700000000000,0.590000000000,116,46.22,46,70,420
ALL,14:00-15:00,1.00,5,139,714,37,36,60,581,0,5.18,5.04,8.40,81.37,0.00,0,0.270000000000,0.230000000000,0.395000000000,0.242500000000,3,8.11,3,0,120
ALL,14:00-15:00,1.00,15,139,714,119,125,60,410,0,16.67,17.51,8.40,57.42,0.00,0,0.476250000000,0.425000000000,0.560000000000,0.432500000000,17,14.29,7,10,360
ALL,14:00-15:00,1.00,30,139,714,196,180,60,278,0,27.45,25.21,8.40,38.94,0.00,0,0.640100000000,0.590000000000,0.700000000000,0.590000000000,48,24.49,12,36,510
ALL,15:00-close,0.25,5,141,875,177,101,508,85,4,20.23,11.54,58.06,9.71,0.46,124,0.245000000000,0.240000000000,0.400000000000,0.270000000000,47,26.55,47,0,120
ALL,15:00-close,0.25,15,141,875,217,138,508,8,4,24.80,15.77,58.06,0.91,0.46,300,0.410700000000,0.430000000000,0.510000000000,0.450000000000,103,47.47,72,31,180
ALL,15:00-close,0.25,30,141,875,221,138,508,4,4,25.26,15.77,58.06,0.46,0.46,479,0.500000000000,0.570000000000,0.610000000000,0.600000000000,127,57.47,76,51,240
ALL,15:00-close,0.50,5,141,875,136,129,201,361,48,15.54,14.74,22.97,41.26,5.49,124,0.245000000000,0.240000000000,0.400000000000,0.270000000000,7,5.15,7,0,120
ALL,15:00-close,0.50,15,141,875,233,245,202,120,75,26.63,28.00,23.09,13.71,8.57,300,0.410700000000,0.430000000000,0.510000000000,0.450000000000,60,25.75,40,20,240
ALL,15:00-close,0.50,30,141,875,271,281,202,40,81,30.97,32.11,23.09,4.57,9.26,479,0.500000000000,0.570000000000,0.610000000000,0.600000000000,99,36.53,48,51,360
ALL,15:00-close,1.00,5,141,875,45,72,49,616,93,5.14,8.23,5.60,70.40,10.63,124,0.245000000000,0.240000000000,0.400000000000,0.270000000000,1,2.22,1,0,120
ALL,15:00-close,1.00,15,141,875,139,161,49,320,206,15.89,18.40,5.60,36.57,23.54,300,0.410700000000,0.430000000000,0.510000000000,0.450000000000,15,10.79,9,6,300
ALL,15:00-close,1.00,30,141,875,198,232,49,142,254,22.63,26.51,5.60,16.23,29.03,479,0.500000000000,0.570000000000,0.610000000000,0.600000000000,33,16.67,9,24,480
PDH,09:30-10:00,0.25,5,50,50,9,4,37,0,0,18.00,8.00,74.00,0.00,0.00,0,0.410000000000,0.502500000000,0.650100000000,0.520000000000,4,44.44,4,0,150
PDH,09:30-10:00,0.25,15,50,50,9,4,37,0,0,18.00,8.00,74.00,0.00,0.00,0,0.635100000000,0.750000000000,0.772000000000,0.755000000000,5,55.56,4,1,180
PDH,09:30-10:00,0.25,30,50,50,9,4,37,0,0,18.00,8.00,74.00,0.00,0.00,0,1.198150000000,1.075000000000,1.198150000000,1.096000000000,5,55.56,4,1,180
PDH,09:30-10:00,0.50,5,50,50,12,8,23,7,0,24.00,16.00,46.00,14.00,0.00,0,0.410000000000,0.502500000000,0.650100000000,0.520000000000,2,16.67,2,0,150
PDH,09:30-10:00,0.50,15,50,50,12,14,23,1,0,24.00,28.00,46.00,2.00,0.00,0,0.635100000000,0.750000000000,0.772000000000,0.755000000000,4,33.33,3,1,240
PDH,09:30-10:00,0.50,30,50,50,13,14,23,0,0,26.00,28.00,46.00,0.00,0.00,0,1.198150000000,1.075000000000,1.198150000000,1.096000000000,4,30.77,3,1,240
PDH,09:30-10:00,1.00,5,50,50,5,7,4,34,0,10.00,14.00,8.00,68.00,0.00,0,0.410000000000,0.502500000000,0.650100000000,0.520000000000,1,20.00,1,0,120
PDH,09:30-10:00,1.00,15,50,50,15,18,4,13,0,30.00,36.00,8.00,26.00,0.00,0,0.635100000000,0.750000000000,0.772000000000,0.755000000000,4,26.67,3,1,210
PDH,09:30-10:00,1.00,30,50,50,19,24,4,3,0,38.00,48.00,8.00,6.00,0.00,0,1.198150000000,1.075000000000,1.198150000000,1.096000000000,5,26.32,4,1,240
PDH,10:00-11:00,0.25,5,47,55,7,7,40,1,0,12.73,12.73,72.73,1.82,0.00,0,0.290000000000,0.440000000000,0.455000000000,0.440000000000,3,42.86,3,0,120
PDH,10:00-11:00,0.25,15,47,55,7,8,40,0,0,12.73,14.55,72.73,0.00,0.00,0,0.520000000000,0.605000000000,0.620000000000,0.605000000000,6,85.71,4,2,210
PDH,10:00-11:00,0.25,30,47,55,7,8,40,0,0,12.73,14.55,72.73,0.00,0.00,0,0.720000000000,0.960000000000,0.770000000000,0.960000000000,6,85.71,4,2,210
PDH,10:00-11:00,0.50,5,47,55,14,13,14,14,0,25.45,23.64,25.45,25.45,0.00,0,0.290000000000,0.440000000000,0.455000000000,0.440000000000,4,28.57,4,0,90
PDH,10:00-11:00,0.50,15,47,55,16,21,14,4,0,29.09,38.18,25.45,7.27,0.00,0,0.520000000000,0.605000000000,0.620000000000,0.605000000000,8,50.00,7,1,150
PDH,10:00-11:00,0.50,30,47,55,17,24,14,0,0,30.91,43.64,25.45,0.00,0.00,0,0.720000000000,0.960000000000,0.770000000000,0.960000000000,9,52.94,7,2,180
PDH,10:00-11:00,1.00,5,47,55,3,5,6,41,0,5.45,9.09,10.91,74.55,0.00,0,0.290000000000,0.440000000000,0.455000000000,0.440000000000,1,33.33,1,0,60
PDH,10:00-11:00,1.00,15,47,55,13,13,6,23,0,23.64,23.64,10.91,41.82,0.00,0,0.520000000000,0.605000000000,0.620000000000,0.605000000000,3,23.08,2,1,180
PDH,10:00-11:00,1.00,30,47,55,17,19,6,13,0,30.91,34.55,10.91,23.64,0.00,0,0.720000000000,0.960000000000,0.770000000000,0.960000000000,5,29.41,3,2,240
PDH,11:00-12:00,0.25,5,30,34,7,5,19,3,0,20.59,14.71,55.88,8.82,0.00,0,0.290000000000,0.330000000000,0.480000000000,0.330000000000,3,42.86,3,0,60
PDH,11:00-12:00,0.25,15,30,34,8,7,19,0,0,23.53,20.59,55.88,0.00,0.00,0,0.580000000000,0.570000000000,0.625000000000,0.570000000000,5,62.50,5,0,120
PDH,11:00-12:00,0.25,30,30,34,8,7,19,0,0,23.53,20.59,55.88,0.00,0.00,0,0.655000000000,0.685000000000,0.745000000000,0.685000000000,5,62.50,5,0,120
PDH,11:00-12:00,0.50,5,30,34,9,5,8,12,0,26.47,14.71,23.53,35.29,0.00,0,0.290000000000,0.330000000000,0.480000000000,0.330000000000,2,22.22,2,0,60
PDH,11:00-12:00,0.50,15,30,34,13,11,8,2,0,38.24,32.35,23.53,5.88,0.00,0,0.580000000000,0.570000000000,0.625000000000,0.570000000000,5,38.46,4,1,120
PDH,11:00-12:00,0.50,30,30,34,14,12,8,0,0,41.18,35.29,23.53,0.00,0.00,0,0.655000000000,0.685000000000,0.745000000000,0.685000000000,8,57.14,4,4,330
PDH,11:00-12:00,1.00,5,30,34,4,1,2,27,0,11.76,2.94,5.88,79.41,0.00,0,0.290000000000,0.330000000000,0.480000000000,0.330000000000,0,0.00,0,0,
PDH,11:00-12:00,1.00,15,30,34,6,7,2,19,0,17.65,20.59,5.88,55.88,0.00,0,0.580000000000,0.570000000000,0.625000000000,0.570000000000,2,33.33,1,1,330
PDH,11:00-12:00,1.00,30,30,34,12,13,2,7,0,35.29,38.24,5.88,20.59,0.00,0,0.655000000000,0.685000000000,0.745000000000,0.685000000000,3,25.00,1,2,360
PDH,12:00-14:00,0.25,5,27,46,11,5,21,9,0,23.91,10.87,45.65,19.57,0.00,0,0.255000000000,0.162450000000,0.345000000000,0.167500000000,1,9.09,1,0,60
PDH,12:00-14:00,0.25,15,27,46,16,7,21,2,0,34.78,15.22,45.65,4.35,0.00,0,0.350000000000,0.277500000000,0.455000000000,0.277500000000,6,37.50,1,5,360
PDH,12:00-14:00,0.25,30,27,46,17,8,21,0,0,36.96,17.39,45.65,0.00,0.00,0,0.482500000000,0.456250000000,0.574950000000,0.456250000000,9,52.94,1,8,600
PDH,12:00-14:00,0.50,5,27,46,7,4,11,24,0,15.22,8.70,23.91,52.17,0.00,0,0.255000000000,0.162450000000,0.345000000000,0.167500000000,0,0.00,0,0,
PDH,12:00-14:00,0.50,15,27,46,11,8,11,16,0,23.91,17.39,23.91,34.78,0.00,0,0.350000000000,0.277500000000,0.455000000000,0.277500000000,3,27.27,1,2,420
PDH,12:00-14:00,0.50,30,27,46,16,10,11,9,0,34.78,21.74,23.91,19.57,0.00,0,0.482500000000,0.456250000000,0.574950000000,0.456250000000,4,25.00,1,3,480
PDH,12:00-14:00,1.00,5,27,46,1,2,2,41,0,2.17,4.35,4.35,89.13,0.00,0,0.255000000000,0.162450000000,0.345000000000,0.167500000000,0,0.00,0,0,
PDH,12:00-14:00,1.00,15,27,46,7,6,2,31,0,15.22,13.04,4.35,67.39,0.00,0,0.350000000000,0.277500000000,0.455000000000,0.277500000000,1,14.29,0,1,360
PDH,12:00-14:00,1.00,30,27,46,12,9,2,23,0,26.09,19.57,4.35,50.00,0.00,0,0.482500000000,0.456250000000,0.574950000000,0.456250000000,1,8.33,0,1,360
PDH,14:00-15:00,0.25,5,20,21,1,3,11,6,0,4.76,14.29,52.38,28.57,0.00,0,0.180000000000,0.180000000000,0.330000000000,0.210000000000,0,0.00,0,0,
PDH,14:00-15:00,0.25,15,20,21,4,6,11,0,0,19.05,28.57,52.38,0.00,0.00,0,0.300000000000,0.370000000000,0.390000000000,0.370000000000,0,0.00,0,0,
PDH,14:00-15:00,0.25,30,20,21,4,6,11,0,0,19.05,28.57,52.38,0.00,0.00,0,0.520000000000,0.540000000000,0.555000000000,0.540000000000,0,0.00,0,0,
PDH,14:00-15:00,0.50,5,20,21,3,3,4,11,0,14.29,14.29,19.05,52.38,0.00,0,0.180000000000,0.180000000000,0.330000000000,0.210000000000,0,0.00,0,0,
PDH,14:00-15:00,0.50,15,20,21,4,6,4,7,0,19.05,28.57,19.05,33.33,0.00,0,0.300000000000,0.370000000000,0.390000000000,0.370000000000,0,0.00,0,0,
PDH,14:00-15:00,0.50,30,20,21,8,7,4,2,0,38.10,33.33,19.05,9.52,0.00,0,0.520000000000,0.540000000000,0.555000000000,0.540000000000,2,25.00,0,2,630
PDH,14:00-15:00,1.00,5,20,21,0,0,3,18,0,0.00,0.00,14.29,85.71,0.00,0,0.180000000000,0.180000000000,0.330000000000,0.210000000000,0,,0,0,
PDH,14:00-15:00,1.00,15,20,21,0,3,3,15,0,0.00,14.29,14.29,71.43,0.00,0,0.300000000000,0.370000000000,0.390000000000,0.370000000000,0,,0,0,
PDH,14:00-15:00,1.00,30,20,21,3,3,3,12,0,14.29,14.29,14.29,57.14,0.00,0,0.520000000000,0.540000000000,0.555000000000,0.540000000000,0,0.00,0,0,
PDH,15:00-close,0.25,5,20,27,5,1,14,6,1,18.52,3.70,51.85,22.22,3.70,2,0.220000000000,0.210000000000,0.330000000000,0.210000000000,1,20.00,1,0,60
PDH,15:00-close,0.25,15,20,27,6,4,14,2,1,22.22,14.81,51.85,7.41,3.70,9,0.250000000000,0.350000000000,0.375000000000,0.350000000000,2,33.33,2,0,120
PDH,15:00-close,0.25,30,20,27,7,4,14,1,1,25.93,14.81,51.85,3.70,3.70,14,0.370000000000,0.450000000000,0.415000000000,0.450000000000,3,42.86,3,0,180
PDH,15:00-close,0.50,5,20,27,2,3,5,15,2,7.41,11.11,18.52,55.56,7.41,2,0.220000000000,0.210000000000,0.330000000000,0.210000000000,0,0.00,0,0,
PDH,15:00-close,0.50,15,20,27,4,8,5,6,4,14.81,29.63,18.52,22.22,14.81,9,0.250000000000,0.350000000000,0.375000000000,0.350000000000,0,0.00,0,0,
PDH,15:00-close,0.50,30,20,27,6,9,5,3,4,22.22,33.33,18.52,11.11,14.81,14,0.370000000000,0.450000000000,0.415000000000,0.450000000000,2,33.33,1,1,360
PDH,15:00-close,1.00,5,20,27,1,2,2,20,2,3.70,7.41,7.41,74.07,7.41,2,0.220000000000,0.210000000000,0.330000000000,0.210000000000,0,0.00,0,0,
PDH,15:00-close,1.00,15,20,27,1,4,2,12,8,3.70,14.81,7.41,44.44,29.63,9,0.250000000000,0.350000000000,0.375000000000,0.350000000000,0,0.00,0,0,
PDH,15:00-close,1.00,30,20,27,3,6,2,7,9,11.11,22.22,7.41,25.93,33.33,14,0.370000000000,0.450000000000,0.415000000000,0.450000000000,0,0.00,0,0,
PDL,09:30-10:00,0.25,5,28,28,5,0,23,0,0,17.86,0.00,82.14,0.00,0.00,0,0.554950000000,0.385000000000,0.775000000000,0.395000000000,1,20.00,1,0,60
PDL,09:30-10:00,0.25,15,28,28,5,0,23,0,0,17.86,0.00,82.14,0.00,0.00,0,1.302500000000,0.486200000000,1.345000000000,0.486200000000,2,40.00,1,1,360
PDL,09:30-10:00,0.25,30,28,28,5,0,23,0,0,17.86,0.00,82.14,0.00,0.00,0,1.767500000000,0.990000000000,1.767500000000,0.990000000000,4,80.00,1,3,840
PDL,09:30-10:00,0.50,5,28,28,9,4,13,2,0,32.14,14.29,46.43,7.14,0.00,0,0.554950000000,0.385000000000,0.775000000000,0.395000000000,2,22.22,2,0,120
PDL,09:30-10:00,0.50,15,28,28,10,4,13,1,0,35.71,14.29,46.43,3.57,0.00,0,1.302500000000,0.486200000000,1.345000000000,0.486200000000,2,20.00,2,0,120
PDL,09:30-10:00,0.50,30,28,28,11,4,13,0,0,39.29,14.29,46.43,0.00,0.00,0,1.767500000000,0.990000000000,1.767500000000,0.990000000000,7,63.64,3,4,600
PDL,09:30-10:00,1.00,5,28,28,7,5,3,13,0,25.00,17.86,10.71,46.43,0.00,0,0.554950000000,0.385000000000,0.775000000000,0.395000000000,1,14.29,1,0,180
PDL,09:30-10:00,1.00,15,28,28,12,10,3,3,0,42.86,35.71,10.71,10.71,0.00,0,1.302500000000,0.486200000000,1.345000000000,0.486200000000,2,16.67,2,0,120
PDL,09:30-10:00,1.00,30,28,28,12,11,3,2,0,42.86,39.29,10.71,7.14,0.00,0,1.767500000000,0.990000000000,1.767500000000,0.990000000000,6,50.00,2,4,510
PDL,10:00-11:00,0.25,5,27,32,6,1,25,0,0,18.75,3.12,78.12,0.00,0.00,0,0.365050000000,0.655000000000,0.590000000000,0.655000000000,2,33.33,2,0,60
PDL,10:00-11:00,0.25,15,27,32,6,1,25,0,0,18.75,3.12,78.12,0.00,0.00,0,0.539550000000,0.995000000000,0.730000000000,0.995000000000,5,83.33,3,2,300
PDL,10:00-11:00,0.25,30,27,32,6,1,25,0,0,18.75,3.12,78.12,0.00,0.00,0,0.840000000000,1.145000000000,0.940000000000,1.145000000000,5,83.33,3,2,300
PDL,10:00-11:00,0.50,5,27,32,5,8,16,3,0,15.62,25.00,50.00,9.38,0.00,0,0.365050000000,0.655000000000,0.590000000000,0.655000000000,1,20.00,1,0,180
PDL,10:00-11:00,0.50,15,27,32,7,8,16,1,0,21.88,25.00,50.00,3.12,0.00,0,0.539550000000,0.995000000000,0.730000000000,0.995000000000,4,57.14,2,2,300
PDL,10:00-11:00,0.50,30,27,32,7,8,16,1,0,21.88,25.00,50.00,3.12,0.00,0,0.840000000000,1.145000000000,0.940000000000,1.145000000000,6,85.71,2,4,480
PDL,10:00-11:00,1.00,5,27,32,5,5,4,18,0,15.62,15.62,12.50,56.25,0.00,0,0.365050000000,0.655000000000,0.590000000000,0.655000000000,1,20.00,1,0,120
PDL,10:00-11:00,1.00,15,27,32,8,13,4,7,0,25.00,40.62,12.50,21.88,0.00,0,0.539550000000,0.995000000000,0.730000000000,0.995000000000,3,37.50,3,0,180
PDL,10:00-11:00,1.00,30,27,32,10,13,4,5,0,31.25,40.62,12.50,15.62,0.00,0,0.840000000000,1.145000000000,0.940000000000,1.145000000000,5,50.00,3,2,180
PDL,11:00-12:00,0.25,5,23,28,8,4,16,0,0,28.57,14.29,57.14,0.00,0.00,0,0.600050000000,0.210000000000,0.640000000000,0.235000000000,3,37.50,3,0,60
PDL,11:00-12:00,0.25,15,23,28,8,4,16,0,0,28.57,14.29,57.14,0.00,0.00,0,0.702500000000,0.375000000000,0.797500000000,0.410000000000,6,75.00,4,2,180
PDL,11:00-12:00,0.25,30,23,28,8,4,16,0,0,28.57,14.29,57.14,0.00,0.00,0,1.015000000000,0.665050000000,1.015000000000,0.665050000000,6,75.00,4,2,180
PDL,11:00-12:00,0.50,5,23,28,12,5,5,6,0,42.86,17.86,17.86,21.43,0.00,0,0.600050000000,0.210000000000,0.640000000000,0.235000000000,0,0.00,0,0,
PDL,11:00-12:00,0.50,15,23,28,14,8,5,1,0,50.00,28.57,17.86,3.57,0.00,0,0.702500000000,0.375000000000,0.797500000000,0.410000000000,5,35.71,3,2,300
PDL,11:00-12:00,0.50,30,23,28,14,9,5,0,0,50.00,32.14,17.86,0.00,0.00,0,1.015000000000,0.665050000000,1.015000000000,0.665050000000,6,42.86,3,3,480
PDL,11:00-12:00,1.00,5,23,28,5,1,0,22,0,17.86,3.57,0.00,78.57,0.00,0,0.600050000000,0.210000000000,0.640000000000,0.235000000000,0,0.00,0,0,
PDL,11:00-12:00,1.00,15,23,28,11,3,0,14,0,39.29,10.71,0.00,50.00,0.00,0,0.702500000000,0.375000000000,0.797500000000,0.410000000000,2,18.18,0,2,510
PDL,11:00-12:00,1.00,30,23,28,13,9,0,6,0,46.43,32.14,0.00,21.43,0.00,0,1.015000000000,0.665050000000,1.015000000000,0.665050000000,2,15.38,0,2,510
PDL,12:00-14:00,0.25,5,34,58,11,14,31,2,0,18.97,24.14,53.45,3.45,0.00,0,0.255000000000,0.442500000000,0.385000000000,0.442500000000,2,18.18,2,0,60
PDL,12:00-14:00,0.25,15,34,58,12,14,31,1,0,20.69,24.14,53.45,1.72,0.00,0,0.587500000000,0.580000000000,0.635000000000,0.580000000000,6,50.00,4,2,150
PDL,12:00-14:00,0.25,30,34,58,13,14,31,0,0,22.41,24.14,53.45,0.00,0.00,0,0.835000000000,0.867500000000,0.945000000000,0.867500000000,8,61.54,4,4,300
PDL,12:00-14:00,0.50,5,34,58,6,17,13,22,0,10.34,29.31,22.41,37.93,0.00,0,0.255000000000,0.442500000000,0.385000000000,0.442500000000,0,0.00,0,0,
PDL,12:00-14:00,0.50,15,34,58,20,21,13,4,0,34.48,36.21,22.41,6.90,0.00,0,0.587500000000,0.580000000000,0.635000000000,0.580000000000,1,5.00,0,1,540
PDL,12:00-14:00,0.50,30,34,58,21,22,13,2,0,36.21,37.93,22.41,3.45,0.00,0,0.835000000000,0.867500000000,0.945000000000,0.867500000000,4,19.05,0,4,720
PDL,12:00-14:00,1.00,5,34,58,2,5,2,49,0,3.45,8.62,3.45,84.48,0.00,0,0.255000000000,0.442500000000,0.385000000000,0.442500000000,0,0.00,0,0,
PDL,12:00-14:00,1.00,15,34,58,12,15,2,29,0,20.69,25.86,3.45,50.00,0.00,0,0.587500000000,0.580000000000,0.635000000000,0.580000000000,1,8.33,1,0,300
PDL,12:00-14:00,1.00,30,34,58,21,25,2,10,0,36.21,43.10,3.45,17.24,0.00,0,0.835000000000,0.867500000000,0.945000000000,0.867500000000,3,14.29,1,2,660
PDL,14:00-15:00,0.25,5,25,34,10,5,18,1,0,29.41,14.71,52.94,2.94,0.00,0,0.305000000000,0.195000000000,0.432500000000,0.230000000000,0,0.00,0,0,
PDL,14:00-15:00,0.25,15,25,34,10,6,18,0,0,29.41,17.65,52.94,0.00,0.00,0,0.565000000000,0.365000000000,0.615050000000,0.365000000000,5,50.00,1,4,600
PDL,14:00-15:00,0.25,30,25,34,10,6,18,0,0,29.41,17.65,52.94,0.00,0.00,0,0.705000000000,0.650000000000,0.730050000000,0.650000000000,6,60.00,1,5,600
PDL,14:00-15:00,0.50,5,25,34,7,8,9,10,0,20.59,23.53,26.47,29.41,0.00,0,0.305000000000,0.195000000000,0.432500000000,0.230000000000,0,0.00,0,0,
PDL,14:00-15:00,0.50,15,25,34,11,11,9,3,0,32.35,32.35,26.47,8.82,0.00,0,0.565000000000,0.365000000000,0.615050000000,0.365000000000,4,36.36,1,3,480
PDL,14:00-15:00,0.50,30,25,34,11,13,9,1,0,32.35,38.24,26.47,2.94,0.00,0,0.705000000000,0.650000000000,0.730050000000,0.650000000000,7,63.64,2,5,480
PDL,14:00-15:00,1.00,5,25,34,2,1,4,27,0,5.88,2.94,11.76,79.41,0.00,0,0.305000000000,0.195000000000,0.432500000000,0.230000000000,0,0.00,0,0,
PDL,14:00-15:00,1.00,15,25,34,4,4,4,22,0,11.76,11.76,11.76,64.71,0.00,0,0.565000000000,0.365000000000,0.615050000000,0.365000000000,2,50.00,0,2,450
PDL,14:00-15:00,1.00,30,25,34,7,8,4,15,0,20.59,23.53,11.76,44.12,0.00,0,0.705000000000,0.650000000000,0.730050000000,0.650000000000,3,42.86,0,3,480
PDL,15:00-close,0.25,5,28,33,11,2,18,2,0,33.33,6.06,54.55,6.06,0.00,2,0.240000000000,0.350000000000,0.420000000000,0.360000000000,4,36.36,4,0,120
PDL,15:00-close,0.25,15,28,33,12,3,18,0,0,36.36,9.09,54.55,0.00,0.00,10,0.420000000000,0.560000000000,0.470000000000,0.560000000000,8,66.67,6,2,120
PDL,15:00-close,0.25,30,28,33,12,3,18,0,0,36.36,9.09,54.55,0.00,0.00,14,0.470000000000,0.740000000000,0.550000000000,0.790000000000,9,75.00,6,3,120
PDL,15:00-close,0.50,5,28,33,7,11,5,10,0,21.21,33.33,15.15,30.30,0.00,2,0.240000000000,0.350000000000,0.420000000000,0.360000000000,0,0.00,0,0,
PDL,15:00-close,0.50,15,28,33,8,14,5,5,1,24.24,42.42,15.15,15.15,3.03,10,0.420000000000,0.560000000000,0.470000000000,0.560000000000,2,25.00,1,1,270
PDL,15:00-close,0.50,30,28,33,11,16,5,0,1,33.33,48.48,15.15,0.00,3.03,14,0.470000000000,0.740000000000,0.550000000000,0.790000000000,3,27.27,1,2,360
PDL,15:00-close,1.00,5,28,33,2,4,1,26,0,6.06,12.12,3.03,78.79,0.00,2,0.240000000000,0.350000000000,0.420000000000,0.360000000000,0,0.00,0,0,
PDL,15:00-close,1.00,15,28,33,4,6,1,14,8,12.12,18.18,3.03,42.42,24.24,10,0.420000000000,0.560000000000,0.470000000000,0.560000000000,0,0.00,0,0,
PDL,15:00-close,1.00,30,28,33,8,11,1,5,8,24.24,33.33,3.03,15.15,24.24,14,0.470000000000,0.740000000000,0.550000000000,0.790000000000,1,12.50,0,1,540
PMH,09:30-10:00,0.25,5,1,1,0,0,1,0,0,0.00,0.00,100.00,0.00,0.00,0,0.200000000000,0.690000000000,0.260000000000,0.690000000000,0,,0,0,
PMH,09:30-10:00,0.25,15,1,1,0,0,1,0,0,0.00,0.00,100.00,0.00,0.00,0,0.200000000000,0.780000000000,0.260000000000,0.780000000000,0,,0,0,
PMH,09:30-10:00,0.25,30,1,1,0,0,1,0,0,0.00,0.00,100.00,0.00,0.00,0,2.660000000000,0.780000000000,2.660000000000,0.780000000000,0,,0,0,
PMH,09:30-10:00,0.50,5,1,1,0,1,0,0,0,0.00,100.00,0.00,0.00,0.00,0,0.200000000000,0.690000000000,0.260000000000,0.690000000000,0,,0,0,
PMH,09:30-10:00,0.50,15,1,1,0,1,0,0,0,0.00,100.00,0.00,0.00,0.00,0,0.200000000000,0.780000000000,0.260000000000,0.780000000000,0,,0,0,
PMH,09:30-10:00,0.50,30,1,1,0,1,0,0,0,0.00,100.00,0.00,0.00,0.00,0,2.660000000000,0.780000000000,2.660000000000,0.780000000000,0,,0,0,
PMH,09:30-10:00,1.00,5,1,1,0,0,0,1,0,0.00,0.00,0.00,100.00,0.00,0,0.200000000000,0.690000000000,0.260000000000,0.690000000000,0,,0,0,
PMH,09:30-10:00,1.00,15,1,1,0,0,0,1,0,0.00,0.00,0.00,100.00,0.00,0,0.200000000000,0.780000000000,0.260000000000,0.780000000000,0,,0,0,
PMH,09:30-10:00,1.00,30,1,1,1,0,0,0,0,100.00,0.00,0.00,0.00,0.00,0,2.660000000000,0.780000000000,2.660000000000,0.780000000000,0,0.00,0,0,
PMH,10:00-11:00,0.25,5,0,0,0,0,0,0,0,,,,,,0,,,,,0,,0,0,
PMH,10:00-11:00,0.25,15,0,0,0,0,0,0,0,,,,,,0,,,,,0,,0,0,
PMH,10:00-11:00,0.25,30,0,0,0,0,0,0,0,,,,,,0,,,,,0,,0,0,
PMH,10:00-11:00,0.50,5,0,0,0,0,0,0,0,,,,,,0,,,,,0,,0,0,
PMH,10:00-11:00,0.50,15,0,0,0,0,0,0,0,,,,,,0,,,,,0,,0,0,
PMH,10:00-11:00,0.50,30,0,0,0,0,0,0,0,,,,,,0,,,,,0,,0,0,
PMH,10:00-11:00,1.00,5,0,0,0,0,0,0,0,,,,,,0,,,,,0,,0,0,
PMH,10:00-11:00,1.00,15,0,0,0,0,0,0,0,,,,,,0,,,,,0,,0,0,
PMH,10:00-11:00,1.00,30,0,0,0,0,0,0,0,,,,,,0,,,,,0,,0,0,
PMH,11:00-12:00,0.25,5,0,0,0,0,0,0,0,,,,,,0,,,,,0,,0,0,
PMH,11:00-12:00,0.25,15,0,0,0,0,0,0,0,,,,,,0,,,,,0,,0,0,
PMH,11:00-12:00,0.25,30,0,0,0,0,0,0,0,,,,,,0,,,,,0,,0,0,
PMH,11:00-12:00,0.50,5,0,0,0,0,0,0,0,,,,,,0,,,,,0,,0,0,
PMH,11:00-12:00,0.50,15,0,0,0,0,0,0,0,,,,,,0,,,,,0,,0,0,
PMH,11:00-12:00,0.50,30,0,0,0,0,0,0,0,,,,,,0,,,,,0,,0,0,
PMH,11:00-12:00,1.00,5,0,0,0,0,0,0,0,,,,,,0,,,,,0,,0,0,
PMH,11:00-12:00,1.00,15,0,0,0,0,0,0,0,,,,,,0,,,,,0,,0,0,
PMH,11:00-12:00,1.00,30,0,0,0,0,0,0,0,,,,,,0,,,,,0,,0,0,
PMH,12:00-14:00,0.25,5,1,1,1,0,0,0,0,100.00,0.00,0.00,0.00,0.00,0,1.220000000000,0,1.220000000000,0,0,0.00,0,0,
PMH,12:00-14:00,0.25,15,1,1,1,0,0,0,0,100.00,0.00,0.00,0.00,0.00,0,1.420000000000,0.040000000000,1.420000000000,0.040000000000,0,0.00,0,0,
PMH,12:00-14:00,0.25,30,1,1,1,0,0,0,0,100.00,0.00,0.00,0.00,0.00,0,2.160000000000,0.040000000000,2.160000000000,0.040000000000,0,0.00,0,0,
PMH,12:00-14:00,0.50,5,1,1,1,0,0,0,0,100.00,0.00,0.00,0.00,0.00,0,1.220000000000,0,1.220000000000,0,0,0.00,0,0,
PMH,12:00-14:00,0.50,15,1,1,1,0,0,0,0,100.00,0.00,0.00,0.00,0.00,0,1.420000000000,0.040000000000,1.420000000000,0.040000000000,0,0.00,0,0,
PMH,12:00-14:00,0.50,30,1,1,1,0,0,0,0,100.00,0.00,0.00,0.00,0.00,0,2.160000000000,0.040000000000,2.160000000000,0.040000000000,0,0.00,0,0,
PMH,12:00-14:00,1.00,5,1,1,1,0,0,0,0,100.00,0.00,0.00,0.00,0.00,0,1.220000000000,0,1.220000000000,0,0,0.00,0,0,
PMH,12:00-14:00,1.00,15,1,1,1,0,0,0,0,100.00,0.00,0.00,0.00,0.00,0,1.420000000000,0.040000000000,1.420000000000,0.040000000000,0,0.00,0,0,
PMH,12:00-14:00,1.00,30,1,1,1,0,0,0,0,100.00,0.00,0.00,0.00,0.00,0,2.160000000000,0.040000000000,2.160000000000,0.040000000000,0,0.00,0,0,
PMH,14:00-15:00,0.25,5,1,1,0,0,1,0,0,0.00,0.00,100.00,0.00,0.00,0,0.630000000000,0.740000000000,0.630000000000,0.740000000000,0,,0,0,
PMH,14:00-15:00,0.25,15,1,1,0,0,1,0,0,0.00,0.00,100.00,0.00,0.00,0,1.200000000000,0.740000000000,1.200000000000,0.740000000000,0,,0,0,
PMH,14:00-15:00,0.25,30,1,1,0,0,1,0,0,0.00,0.00,100.00,0.00,0.00,0,1.200000000000,0.740000000000,1.200000000000,0.740000000000,0,,0,0,
PMH,14:00-15:00,0.50,5,1,1,1,0,0,0,0,100.00,0.00,0.00,0.00,0.00,0,0.630000000000,0.740000000000,0.630000000000,0.740000000000,1,100.00,1,0,60
PMH,14:00-15:00,0.50,15,1,1,1,0,0,0,0,100.00,0.00,0.00,0.00,0.00,0,1.200000000000,0.740000000000,1.200000000000,0.740000000000,1,100.00,1,0,60
PMH,14:00-15:00,0.50,30,1,1,1,0,0,0,0,100.00,0.00,0.00,0.00,0.00,0,1.200000000000,0.740000000000,1.200000000000,0.740000000000,1,100.00,1,0,60
PMH,14:00-15:00,1.00,5,1,1,0,0,0,1,0,0.00,0.00,0.00,100.00,0.00,0,0.630000000000,0.740000000000,0.630000000000,0.740000000000,0,,0,0,
PMH,14:00-15:00,1.00,15,1,1,1,0,0,0,0,100.00,0.00,0.00,0.00,0.00,0,1.200000000000,0.740000000000,1.200000000000,0.740000000000,0,0.00,0,0,
PMH,14:00-15:00,1.00,30,1,1,1,0,0,0,0,100.00,0.00,0.00,0.00,0.00,0,1.200000000000,0.740000000000,1.200000000000,0.740000000000,0,0.00,0,0,
PMH,15:00-close,0.25,5,0,0,0,0,0,0,0,,,,,,0,,,,,0,,0,0,
PMH,15:00-close,0.25,15,0,0,0,0,0,0,0,,,,,,0,,,,,0,,0,0,
PMH,15:00-close,0.25,30,0,0,0,0,0,0,0,,,,,,0,,,,,0,,0,0,
PMH,15:00-close,0.50,5,0,0,0,0,0,0,0,,,,,,0,,,,,0,,0,0,
PMH,15:00-close,0.50,15,0,0,0,0,0,0,0,,,,,,0,,,,,0,,0,0,
PMH,15:00-close,0.50,30,0,0,0,0,0,0,0,,,,,,0,,,,,0,,0,0,
PMH,15:00-close,1.00,5,0,0,0,0,0,0,0,,,,,,0,,,,,0,,0,0,
PMH,15:00-close,1.00,15,0,0,0,0,0,0,0,,,,,,0,,,,,0,,0,0,
PMH,15:00-close,1.00,30,0,0,0,0,0,0,0,,,,,,0,,,,,0,,0,0,
PML,09:30-10:00,0.25,5,2,2,0,0,2,0,0,0.00,0.00,100.00,0.00,0.00,0,0.955000000000,0.445000000000,1.340000000000,0.480000000000,0,,0,0,
PML,09:30-10:00,0.25,15,2,2,0,0,2,0,0,0.00,0.00,100.00,0.00,0.00,0,1.125000000000,0.640000000000,1.340000000000,0.640000000000,0,,0,0,
PML,09:30-10:00,0.25,30,2,2,0,0,2,0,0,0.00,0.00,100.00,0.00,0.00,0,1.160000000000,1.625000000000,1.340000000000,1.625000000000,0,,0,0,
PML,09:30-10:00,0.50,5,2,2,0,0,2,0,0,0.00,0.00,100.00,0.00,0.00,0,0.955000000000,0.445000000000,1.340000000000,0.480000000000,0,,0,0,
PML,09:30-10:00,0.50,15,2,2,0,0,2,0,0,0.00,0.00,100.00,0.00,0.00,0,1.125000000000,0.640000000000,1.340000000000,0.640000000000,0,,0,0,
PML,09:30-10:00,0.50,30,2,2,0,0,2,0,0,0.00,0.00,100.00,0.00,0.00,0,1.160000000000,1.625000000000,1.340000000000,1.625000000000,0,,0,0,
PML,09:30-10:00,1.00,5,2,2,1,0,0,1,0,50.00,0.00,0.00,50.00,0.00,0,0.955000000000,0.445000000000,1.340000000000,0.480000000000,0,0.00,0,0,
PML,09:30-10:00,1.00,15,2,2,1,0,0,1,0,50.00,0.00,0.00,50.00,0.00,0,1.125000000000,0.640000000000,1.340000000000,0.640000000000,1,100.00,1,0,240
PML,09:30-10:00,1.00,30,2,2,1,0,0,1,0,50.00,0.00,0.00,50.00,0.00,0,1.160000000000,1.625000000000,1.340000000000,1.625000000000,1,100.00,1,0,240
PML,10:00-11:00,0.25,5,2,2,1,0,1,0,0,50.00,0.00,50.00,0.00,0.00,0,0.477500000000,0.465000000000,0.725000000000,0.465000000000,0,0.00,0,0,
PML,10:00-11:00,0.25,15,2,2,1,0,1,0,0,50.00,0.00,50.00,0.00,0.00,0,0.957500000000,0.900000000000,0.965000000000,0.900000000000,0,0.00,0,0,
PML,10:00-11:00,0.25,30,2,2,1,0,1,0,0,50.00,0.00,50.00,0.00,0.00,0,0.957500000000,2.022500000000,0.965000000000,2.022500000000,1,100.00,0,1,1620
PML,10:00-11:00,0.50,5,2,2,0,1,1,0,0,0.00,50.00,50.00,0.00,0.00,0,0.477500000000,0.465000000000,0.725000000000,0.465000000000,0,,0,0,
PML,10:00-11:00,0.50,15,2,2,0,1,1,0,0,0.00,50.00,50.00,0.00,0.00,0,0.957500000000,0.900000000000,0.965000000000,0.900000000000,0,,0,0,
PML,10:00-11:00,0.50,30,2,2,0,1,1,0,0,0.00,50.00,50.00,0.00,0.00,0,0.957500000000,2.022500000000,0.965000000000,2.022500000000,0,,0,0,
PML,10:00-11:00,1.00,5,2,2,0,0,1,1,0,0.00,0.00,50.00,50.00,0.00,0,0.477500000000,0.465000000000,0.725000000000,0.465000000000,0,,0,0,
PML,10:00-11:00,1.00,15,2,2,0,1,1,0,0,0.00,50.00,50.00,0.00,0.00,0,0.957500000000,0.900000000000,0.965000000000,0.900000000000,0,,0,0,
PML,10:00-11:00,1.00,30,2,2,0,1,1,0,0,0.00,50.00,50.00,0.00,0.00,0,0.957500000000,2.022500000000,0.965000000000,2.022500000000,0,,0,0,
PML,11:00-12:00,0.25,5,1,1,0,0,1,0,0,0.00,0.00,100.00,0.00,0.00,0,0.150000000000,0.270000000000,0.330000000000,0.270000000000,0,,0,0,
PML,11:00-12:00,0.25,15,1,1,0,0,1,0,0,0.00,0.00,100.00,0.00,0.00,0,0.150000000000,0.520000000000,0.330000000000,0.520000000000,0,,0,0,
PML,11:00-12:00,0.25,30,1,1,0,0,1,0,0,0.00,0.00,100.00,0.00,0.00,0,0.150000000000,0.995000000000,0.330000000000,0.995000000000,0,,0,0,
PML,11:00-12:00,0.50,5,1,1,0,0,0,1,0,0.00,0.00,0.00,100.00,0.00,0,0.150000000000,0.270000000000,0.330000000000,0.270000000000,0,,0,0,
PML,11:00-12:00,0.50,15,1,1,0,1,0,0,0,0.00,100.00,0.00,0.00,0.00,0,0.150000000000,0.520000000000,0.330000000000,0.520000000000,0,,0,0,
PML,11:00-12:00,0.50,30,1,1,0,1,0,0,0,0.00,100.00,0.00,0.00,0.00,0,0.150000000000,0.995000000000,0.330000000000,0.995000000000,0,,0,0,
PML,11:00-12:00,1.00,5,1,1,0,0,0,1,0,0.00,0.00,0.00,100.00,0.00,0,0.150000000000,0.270000000000,0.330000000000,0.270000000000,0,,0,0,
PML,11:00-12:00,1.00,15,1,1,0,0,0,1,0,0.00,0.00,0.00,100.00,0.00,0,0.150000000000,0.520000000000,0.330000000000,0.520000000000,0,,0,0,
PML,11:00-12:00,1.00,30,1,1,0,0,0,1,0,0.00,0.00,0.00,100.00,0.00,0,0.150000000000,0.995000000000,0.330000000000,0.995000000000,0,,0,0,
PML,12:00-14:00,0.25,5,1,1,1,0,0,0,0,100.00,0.00,0.00,0.00,0.00,0,0.370000000000,0.200000000000,0.370000000000,0.200000000000,0,0.00,0,0,
PML,12:00-14:00,0.25,15,1,1,1,0,0,0,0,100.00,0.00,0.00,0.00,0.00,0,0.460000000000,0.200000000000,0.460000000000,0.200000000000,0,0.00,0,0,
PML,12:00-14:00,0.25,30,1,1,1,0,0,0,0,100.00,0.00,0.00,0.00,0.00,0,1.401300000000,0.200000000000,1.401300000000,0.200000000000,0,0.00,0,0,
PML,12:00-14:00,0.50,5,1,1,0,0,0,1,0,0.00,0.00,0.00,100.00,0.00,0,0.370000000000,0.200000000000,0.370000000000,0.200000000000,0,,0,0,
PML,12:00-14:00,0.50,15,1,1,0,0,0,1,0,0.00,0.00,0.00,100.00,0.00,0,0.460000000000,0.200000000000,0.460000000000,0.200000000000,0,,0,0,
PML,12:00-14:00,0.50,30,1,1,1,0,0,0,0,100.00,0.00,0.00,0.00,0.00,0,1.401300000000,0.200000000000,1.401300000000,0.200000000000,0,0.00,0,0,
PML,12:00-14:00,1.00,5,1,1,0,0,0,1,0,0.00,0.00,0.00,100.00,0.00,0,0.370000000000,0.200000000000,0.370000000000,0.200000000000,0,,0,0,
PML,12:00-14:00,1.00,15,1,1,0,0,0,1,0,0.00,0.00,0.00,100.00,0.00,0,0.460000000000,0.200000000000,0.460000000000,0.200000000000,0,,0,0,
PML,12:00-14:00,1.00,30,1,1,1,0,0,0,0,100.00,0.00,0.00,0.00,0.00,0,1.401300000000,0.200000000000,1.401300000000,0.200000000000,0,0.00,0,0,
PML,14:00-15:00,0.25,5,1,1,0,0,1,0,0,0.00,0.00,100.00,0.00,0.00,0,1.260000000000,0.090000000000,1.260000000000,0.340000000000,0,,0,0,
PML,14:00-15:00,0.25,15,1,1,0,0,1,0,0,0.00,0.00,100.00,0.00,0.00,0,1.260000000000,0.090000000000,1.260000000000,0.340000000000,0,,0,0,
PML,14:00-15:00,0.25,30,1,1,0,0,1,0,0,0.00,0.00,100.00,0.00,0.00,0,1.260000000000,0.825000000000,1.260000000000,0.825000000000,0,,0,0,
PML,14:00-15:00,0.50,5,1,1,0,0,1,0,0,0.00,0.00,100.00,0.00,0.00,0,1.260000000000,0.090000000000,1.260000000000,0.340000000000,0,,0,0,
PML,14:00-15:00,0.50,15,1,1,0,0,1,0,0,0.00,0.00,100.00,0.00,0.00,0,1.260000000000,0.090000000000,1.260000000000,0.340000000000,0,,0,0,
PML,14:00-15:00,0.50,30,1,1,0,0,1,0,0,0.00,0.00,100.00,0.00,0.00,0,1.260000000000,0.825000000000,1.260000000000,0.825000000000,0,,0,0,
PML,14:00-15:00,1.00,5,1,1,1,0,0,0,0,100.00,0.00,0.00,0.00,0.00,0,1.260000000000,0.090000000000,1.260000000000,0.340000000000,0,0.00,0,0,
PML,14:00-15:00,1.00,15,1,1,1,0,0,0,0,100.00,0.00,0.00,0.00,0.00,0,1.260000000000,0.090000000000,1.260000000000,0.340000000000,0,0.00,0,0,
PML,14:00-15:00,1.00,30,1,1,1,0,0,0,0,100.00,0.00,0.00,0.00,0.00,0,1.260000000000,0.825000000000,1.260000000000,0.825000000000,1,100.00,0,1,1140
PML,15:00-close,0.25,5,1,1,0,1,0,0,0,0.00,100.00,0.00,0.00,0.00,0,0.330000000000,0.360000000000,0.330000000000,0.360000000000,0,,0,0,
PML,15:00-close,0.25,15,1,1,0,1,0,0,0,0.00,100.00,0.00,0.00,0.00,0,0.532500000000,0.420000000000,0.532500000000,0.420000000000,0,,0,0,
PML,15:00-close,0.25,30,1,1,0,1,0,0,0,0.00,100.00,0.00,0.00,0.00,1,0.532500000000,1.390000000000,0.532500000000,1.390000000000,0,,0,0,
PML,15:00-close,0.50,5,1,1,0,0,0,1,0,0.00,0.00,0.00,100.00,0.00,0,0.330000000000,0.360000000000,0.330000000000,0.360000000000,0,,0,0,
PML,15:00-close,0.50,15,1,1,1,0,0,0,0,100.00,0.00,0.00,0.00,0.00,0,0.532500000000,0.420000000000,0.532500000000,0.420000000000,1,100.00,1,0,180
PML,15:00-close,0.50,30,1,1,1,0,0,0,0,100.00,0.00,0.00,0.00,0.00,1,0.532500000000,1.390000000000,0.532500000000,1.390000000000,1,100.00,1,0,180
PML,15:00-close,1.00,5,1,1,0,0,0,1,0,0.00,0.00,0.00,100.00,0.00,0,0.330000000000,0.360000000000,0.330000000000,0.360000000000,0,,0,0,
PML,15:00-close,1.00,15,1,1,0,0,0,1,0,0.00,0.00,0.00,100.00,0.00,0,0.532500000000,0.420000000000,0.532500000000,0.420000000000,0,,0,0,
PML,15:00-close,1.00,30,1,1,0,1,0,0,0,0.00,100.00,0.00,0.00,0.00,1,0.532500000000,1.390000000000,0.532500000000,1.390000000000,0,,0,0,
ORH5,09:30-10:00,0.25,5,122,122,22,11,89,0,0,18.03,9.02,72.95,0.00,0.00,0,0.395000000000,0.440000000000,0.535000000000,0.460000000000,6,27.27,6,0,120
ORH5,09:30-10:00,0.25,15,122,122,22,11,89,0,0,18.03,9.02,72.95,0.00,0.00,0,0.745000000000,0.740000000000,0.785000000000,0.750000000000,15,68.18,7,8,360
ORH5,09:30-10:00,0.25,30,122,122,22,11,89,0,0,18.03,9.02,72.95,0.00,0.00,0,1.095650000000,1.000000000000,1.110000000000,1.000000000000,16,72.73,7,9,390
ORH5,09:30-10:00,0.50,5,122,122,29,28,39,26,0,23.77,22.95,31.97,21.31,0.00,0,0.395000000000,0.440000000000,0.535000000000,0.460000000000,5,17.24,5,0,60
ORH5,09:30-10:00,0.50,15,122,122,39,41,39,3,0,31.97,33.61,31.97,2.46,0.00,0,0.745000000000,0.740000000000,0.785000000000,0.750000000000,21,53.85,12,9,240
ORH5,09:30-10:00,0.50,30,122,122,40,43,39,0,0,32.79,35.25,31.97,0.00,0.00,0,1.095650000000,1.000000000000,1.110000000000,1.000000000000,29,72.50,13,16,480
ORH5,09:30-10:00,1.00,5,122,122,20,13,7,82,0,16.39,10.66,5.74,67.21,0.00,0,0.395000000000,0.440000000000,0.535000000000,0.460000000000,1,5.00,1,0,60
ORH5,09:30-10:00,1.00,15,122,122,42,36,7,37,0,34.43,29.51,5.74,30.33,0.00,0,0.745000000000,0.740000000000,0.785000000000,0.750000000000,13,30.95,5,8,420
ORH5,09:30-10:00,1.00,30,122,122,53,47,7,15,0,43.44,38.52,5.74,12.30,0.00,0,1.095650000000,1.000000000000,1.110000000000,1.000000000000,24,45.28,6,18,510
ORH5,10:00-11:00,0.25,5,84,103,14,12,74,3,0,13.59,11.65,71.84,2.91,0.00,0,0.330000000000,0.380000000000,0.470000000000,0.390000000000,6,42.86,6,0,60
ORH5,10:00-11:00,0.25,15,84,103,15,14,74,0,0,14.56,13.59,71.84,0.00,0.00,0,0.640000000000,0.670000000000,0.680000000000,0.670000000000,11,73.33,8,3,120
ORH5,10:00-11:00,0.25,30,84,103,15,14,74,0,0,14.56,13.59,71.84,0.00,0.00,0,0.860000000000,0.960000000000,0.920000000000,0.960000000000,12,80.00,8,4,120
ORH5,10:00-11:00,0.50,5,84,103,24,28,22,29,0,23.30,27.18,21.36,28.16,0.00,0,0.330000000000,0.380000000000,0.470000000000,0.390000000000,4,16.67,4,0,90
ORH5,10:00-11:00,0.50,15,84,103,35,40,22,6,0,33.98,38.83,21.36,5.83,0.00,0,0.640000000000,0.670000000000,0.680000000000,0.670000000000,15,42.86,9,6,300
ORH5,10:00-11:00,0.50,30,84,103,37,44,22,0,0,35.92,42.72,21.36,0.00,0.00,0,0.860000000000,0.960000000000,0.920000000000,0.960000000000,23,62.16,9,14,420
ORH5,10:00-11:00,1.00,5,84,103,14,14,2,73,0,13.59,13.59,1.94,70.87,0.00,0,0.330000000000,0.380000000000,0.470000000000,0.390000000000,0,0.00,0,0,
ORH5,10:00-11:00,1.00,15,84,103,30,31,2,40,0,29.13,30.10,1.94,38.83,0.00,0,0.640000000000,0.670000000000,0.680000000000,0.670000000000,5,16.67,0,5,420
ORH5,10:00-11:00,1.00,30,84,103,39,45,2,17,0,37.86,43.69,1.94,16.50,0.00,0,0.860000000000,0.960000000000,0.920000000000,0.960000000000,14,35.90,3,11,510
ORH5,11:00-12:00,0.25,5,45,56,17,3,31,5,0,30.36,5.36,55.36,8.93,0.00,0,0.400000000000,0.190000000000,0.474950000000,0.220000000000,5,29.41,5,0,60
ORH5,11:00-12:00,0.25,15,45,56,22,3,31,0,0,39.29,5.36,55.36,0.00,0.00,0,0.645000000000,0.370000000000,0.645000000000,0.375000000000,11,50.00,8,3,120
ORH5,11:00-12:00,0.25,30,45,56,22,3,31,0,0,39.29,5.36,55.36,0.00,0.00,0,0.812500000000,0.597500000000,0.812500000000,0.597500000000,16,72.73,8,8,270
ORH5,11:00-12:00,0.50,5,45,56,21,4,6,25,0,37.50,7.14,10.71,44.64,0.00,0,0.400000000000,0.190000000000,0.474950000000,0.220000000000,1,4.76,1,0,180
ORH5,11:00-12:00,0.50,15,45,56,28,14,6,8,0,50.00,25.00,10.71,14.29,0.00,0,0.645000000000,0.370000000000,0.645000000000,0.375000000000,9,32.14,8,1,240
ORH5,11:00-12:00,0.50,30,45,56,31,17,6,2,0,55.36,30.36,10.71,3.57,0.00,0,0.812500000000,0.597500000000,0.812500000000,0.597500000000,17,54.84,8,9,480
ORH5,11:00-12:00,1.00,5,45,56,3,1,0,52,0,5.36,1.79,0.00,92.86,0.00,0,0.400000000000,0.190000000000,0.474950000000,0.220000000000,0,0.00,0,0,
ORH5,11:00-12:00,1.00,15,45,56,13,11,0,32,0,23.21,19.64,0.00,57.14,0.00,0,0.645000000000,0.370000000000,0.645000000000,0.375000000000,0,0.00,0,0,
ORH5,11:00-12:00,1.00,30,45,56,20,17,0,19,0,35.71,30.36,0.00,33.93,0.00,0,0.812500000000,0.597500000000,0.812500000000,0.597500000000,5,25.00,1,4,780
ORH5,12:00-14:00,0.25,5,45,85,16,14,44,11,0,18.82,16.47,51.76,12.94,0.00,0,0.250000000000,0.230000000000,0.350000000000,0.260000000000,5,31.25,5,0,120
ORH5,12:00-14:00,0.25,15,45,85,21,19,44,1,0,24.71,22.35,51.76,1.18,0.00,0,0.489900000000,0.500000000000,0.540000000000,0.500000000000,10,47.62,8,2,120
ORH5,12:00-14:00,0.25,30,45,85,22,19,44,0,0,25.88,22.35,51.76,0.00,0.00,0,0.540000000000,0.580000000000,0.680000000000,0.580000000000,14,63.64,9,5,180
ORH5,12:00-14:00,0.50,5,45,85,11,11,18,45,0,12.94,12.94,21.18,52.94,0.00,0,0.250000000000,0.230000000000,0.350000000000,0.260000000000,1,9.09,1,0,120
ORH5,12:00-14:00,0.50,15,45,85,23,27,18,17,0,27.06,31.76,21.18,20.00,0.00,0,0.489900000000,0.500000000000,0.540000000000,0.500000000000,6,26.09,3,3,360
ORH5,12:00-14:00,0.50,30,45,85,25,34,18,8,0,29.41,40.00,21.18,9.41,0.00,0,0.540000000000,0.580000000000,0.680000000000,0.580000000000,12,48.00,3,9,630
ORH5,12:00-14:00,1.00,5,45,85,1,2,4,78,0,1.18,2.35,4.71,91.76,0.00,0,0.250000000000,0.230000000000,0.350000000000,0.260000000000,0,0.00,0,0,
ORH5,12:00-14:00,1.00,15,45,85,9,6,4,66,0,10.59,7.06,4.71,77.65,0.00,0,0.489900000000,0.500000000000,0.540000000000,0.500000000000,1,11.11,1,0,180
ORH5,12:00-14:00,1.00,30,45,85,23,17,4,41,0,27.06,20.00,4.71,48.24,0.00,0,0.540000000000,0.580000000000,0.680000000000,0.580000000000,4,17.39,2,2,270
ORH5,14:00-15:00,0.25,5,30,35,4,9,18,4,0,11.43,25.71,51.43,11.43,0.00,0,0.160000000000,0.320000000000,0.300000000000,0.320000000000,0,0.00,0,0,
ORH5,14:00-15:00,0.25,15,30,35,5,11,18,1,0,14.29,31.43,51.43,2.86,0.00,0,0.330000000000,0.550000000000,0.420000000000,0.550000000000,1,20.00,0,1,540
ORH5,14:00-15:00,0.25,30,30,35,5,12,18,0,0,14.29,34.29,51.43,0.00,0.00,0,0.710100000000,0.680000000000,0.710100000000,0.680000000000,3,60.00,0,3,720
ORH5,14:00-15:00,0.50,5,30,35,3,8,6,18,0,8.57,22.86,17.14,51.43,0.00,0,0.160000000000,0.320000000000,0.300000000000,0.320000000000,0,0.00,0,0,
ORH5,14:00-15:00,0.50,15,30,35,9,15,6,5,0,25.71,42.86,17.14,14.29,0.00,0,0.330000000000,0.550000000000,0.420000000000,0.550000000000,2,22.22,0,2,510
ORH5,14:00-15:00,0.50,30,30,35,10,15,6,4,0,28.57,42.86,17.14,11.43,0.00,0,0.710100000000,0.680000000000,0.710100000000,0.680000000000,3,30.00,0,3,660
ORH5,14:00-15:00,1.00,5,30,35,1,3,1,30,0,2.86,8.57,2.86,85.71,0.00,0,0.160000000000,0.320000000000,0.300000000000,0.320000000000,0,0.00,0,0,
ORH5,14:00-15:00,1.00,15,30,35,4,9,1,21,0,11.43,25.71,2.86,60.00,0.00,0,0.330000000000,0.550000000000,0.420000000000,0.550000000000,1,25.00,1,0,120
ORH5,14:00-15:00,1.00,30,30,35,8,12,1,14,0,22.86,34.29,2.86,40.00,0.00,0,0.710100000000,0.680000000000,0.710100000000,0.680000000000,1,12.50,1,0,120
ORH5,15:00-close,0.25,5,32,38,12,4,16,6,0,31.58,10.53,42.11,15.79,0.00,8,0.189950000000,0.215000000000,0.360000000000,0.225000000000,2,16.67,2,0,180
ORH5,15:00-close,0.25,15,32,38,15,7,16,0,0,39.47,18.42,42.11,0.00,0.00,15,0.440000000000,0.350000000000,0.645000000000,0.355000000000,5,33.33,3,2,240
ORH5,15:00-close,0.25,30,32,38,15,7,16,0,0,39.47,18.42,42.11,0.00,0.00,20,0.600000000000,0.470000000000,0.715000000000,0.470000000000,8,53.33,3,5,480
ORH5,15:00-close,0.50,5,32,38,6,4,9,17,2,15.79,10.53,23.68,44.74,5.26,8,0.189950000000,0.215000000000,0.360000000000,0.225000000000,0,0.00,0,0,
ORH5,15:00-close,0.50,15,32,38,11,7,9,6,5,28.95,18.42,23.68,15.79,13.16,15,0.440000000000,0.350000000000,0.645000000000,0.355000000000,2,18.18,0,2,450
ORH5,15:00-close,0.50,30,32,38,13,10,9,0,6,34.21,26.32,23.68,0.00,15.79,20,0.600000000000,0.470000000000,0.715000000000,0.470000000000,5,38.46,0,5,540
ORH5,15:00-close,1.00,5,32,38,2,1,2,27,6,5.26,2.63,5.26,71.05,15.79,8,0.189950000000,0.215000000000,0.360000000000,0.225000000000,0,0.00,0,0,
ORH5,15:00-close,1.00,15,32,38,6,2,2,17,11,15.79,5.26,5.26,44.74,28.95,15,0.440000000000,0.350000000000,0.645000000000,0.355000000000,1,16.67,1,0,300
ORH5,15:00-close,1.00,30,32,38,11,5,2,5,15,28.95,13.16,5.26,13.16,39.47,20,0.600000000000,0.470000000000,0.715000000000,0.470000000000,3,27.27,1,2,960
ORL5,09:30-10:00,0.25,5,114,114,23,4,86,1,0,20.18,3.51,75.44,0.88,0.00,0,0.465000000000,0.372500000000,0.565000000000,0.382500000000,8,34.78,8,0,150
ORL5,09:30-10:00,0.25,15,114,114,23,5,86,0,0,20.18,4.39,75.44,0.00,0.00,0,0.795050000000,0.743750000000,0.837500000000,0.760000000000,11,47.83,8,3,180
ORL5,09:30-10:00,0.25,30,114,114,23,5,86,0,0,20.18,4.39,75.44,0.00,0.00,0,1.285000000000,0.995000000000,1.305000000000,0.995000000000,14,60.87,8,6,180
ORL5,09:30-10:00,0.50,5,114,114,36,19,38,21,0,31.58,16.67,33.33,18.42,0.00,0,0.465000000000,0.372500000000,0.565000000000,0.382500000000,12,33.33,12,0,120
ORL5,09:30-10:00,0.50,15,114,114,47,28,38,1,0,41.23,24.56,33.33,0.88,0.00,0,0.795050000000,0.743750000000,0.837500000000,0.760000000000,23,48.94,20,3,120
ORL5,09:30-10:00,0.50,30,114,114,48,28,38,0,0,42.11,24.56,33.33,0.00,0.00,0,1.285000000000,0.995000000000,1.305000000000,0.995000000000,26,54.17,20,6,180
ORL5,09:30-10:00,1.00,5,114,114,17,13,6,78,0,14.91,11.40,5.26,68.42,0.00,0,0.465000000000,0.372500000000,0.565000000000,0.382500000000,3,17.65,3,0,120
ORL5,09:30-10:00,1.00,15,114,114,41,38,6,29,0,35.96,33.33,5.26,25.44,0.00,0,0.795050000000,0.743750000000,0.837500000000,0.760000000000,6,14.63,4,2,210
ORL5,09:30-10:00,1.00,30,114,114,49,45,6,14,0,42.98,39.47,5.26,12.28,0.00,0,1.285000000000,0.995000000000,1.305000000000,0.995000000000,12,24.49,5,7,360
ORL5,10:00-11:00,0.25,5,81,100,25,4,69,2,0,25.00,4.00,69.00,2.00,0.00,0,0.457850000000,0.289400000000,0.580000000000,0.325000000000,6,24.00,6,0,150
ORL5,10:00-11:00,0.25,15,81,100,25,6,69,0,0,25.00,6.00,69.00,0.00,0.00,0,0.760000000000,0.595000000000,0.832500000000,0.620000000000,10,40.00,7,3,210
ORL5,10:00-11:00,0.25,30,81,100,25,6,69,0,0,25.00,6.00,69.00,0.00,0.00,0,0.972500000000,0.950000000000,1.050000000000,0.970000000000,13,52.00,7,6,240
ORL5,10:00-11:00,0.50,5,81,100,33,14,29,24,0,33.00,14.00,29.00,24.00,0.00,0,0.457850000000,0.289400000000,0.580000000000,0.325000000000,3,9.09,3,0,60
ORL5,10:00-11:00,0.50,15,81,100,41,25,30,4,0,41.00,25.00,30.00,4.00,0.00,0,0.760000000000,0.595000000000,0.832500000000,0.620000000000,14,34.15,8,6,300
ORL5,10:00-11:00,0.50,30,81,100,41,28,30,1,0,41.00,28.00,30.00,1.00,0.00,0,0.972500000000,0.950000000000,1.050000000000,0.970000000000,19,46.34,8,11,420
ORL5,10:00-11:00,1.00,5,81,100,14,8,7,71,0,14.00,8.00,7.00,71.00,0.00,0,0.457850000000,0.289400000000,0.580000000000,0.325000000000,1,7.14,1,0,180
ORL5,10:00-11:00,1.00,15,81,100,33,30,7,30,0,33.00,30.00,7.00,30.00,0.00,0,0.760000000000,0.595000000000,0.832500000000,0.620000000000,4,12.12,4,0,180
ORL5,10:00-11:00,1.00,30,81,100,40,37,7,16,0,40.00,37.00,7.00,16.00,0.00,0,0.972500000000,0.950000000000,1.050000000000,0.970000000000,8,20.00,5,3,240
ORL5,11:00-12:00,0.25,5,41,50,14,3,32,1,0,28.00,6.00,64.00,2.00,0.00,0,0.343150000000,0.357300000000,0.476200000000,0.357300000000,7,50.00,7,0,120
ORL5,11:00-12:00,0.25,15,41,50,14,4,32,0,0,28.00,8.00,64.00,0.00,0.00,0,0.544950000000,0.595000000000,0.605950000000,0.595000000000,10,71.43,9,1,120
ORL5,11:00-12:00,0.25,30,41,50,14,4,32,0,0,28.00,8.00,64.00,0.00,0.00,0,0.725000000000,0.738800000000,0.795000000000,0.738800000000,10,71.43,9,1,120
ORL5,11:00-12:00,0.50,5,41,50,9,10,14,17,0,18.00,20.00,28.00,34.00,0.00,0,0.343150000000,0.357300000000,0.476200000000,0.357300000000,4,44.44,4,0,120
ORL5,11:00-12:00,0.50,15,41,50,15,18,14,3,0,30.00,36.00,28.00,6.00,0.00,0,0.544950000000,0.595000000000,0.605950000000,0.595000000000,6,40.00,5,1,150
ORL5,11:00-12:00,0.50,30,41,50,15,21,14,0,0,30.00,42.00,28.00,0.00,0.00,0,0.725000000000,0.738800000000,0.795000000000,0.738800000000,7,46.67,5,2,180
ORL5,11:00-12:00,1.00,5,41,50,1,6,2,41,0,2.00,12.00,4.00,82.00,0.00,0,0.343150000000,0.357300000000,0.476200000000,0.357300000000,0,0.00,0,0,
ORL5,11:00-12:00,1.00,15,41,50,13,13,2,22,0,26.00,26.00,4.00,44.00,0.00,0,0.544950000000,0.595000000000,0.605950000000,0.595000000000,0,0.00,0,0,
ORL5,11:00-12:00,1.00,30,41,50,17,16,2,15,0,34.00,32.00,4.00,30.00,0.00,0,0.725000000000,0.738800000000,0.795000000000,0.738800000000,4,23.53,1,3,540
ORL5,12:00-14:00,0.25,5,51,82,21,8,41,12,0,25.61,9.76,50.00,14.63,0.00,0,0.290000000000,0.200000000000,0.368800000000,0.235000000000,6,28.57,6,0,90
ORL5,12:00-14:00,0.25,15,51,82,26,15,41,0,0,31.71,18.29,50.00,0.00,0.00,0,0.495000000000,0.457500000000,0.585000000000,0.457500000000,13,50.00,10,3,240
ORL5,12:00-14:00,0.25,30,51,82,26,15,41,0,0,31.71,18.29,50.00,0.00,0.00,0,0.720000000000,0.570000000000,0.735300000000,0.570000000000,15,57.69,10,5,240
ORL5,12:00-14:00,0.50,5,51,82,13,7,16,46,0,15.85,8.54,19.51,56.10,0.00,0,0.290000000000,0.200000000000,0.368800000000,0.235000000000,1,7.69,1,0,120
ORL5,12:00-14:00,0.50,15,51,82,27,21,16,18,0,32.93,25.61,19.51,21.95,0.00,0,0.495000000000,0.457500000000,0.585000000000,0.457500000000,7,25.93,3,4,360
ORL5,12:00-14:00,0.50,30,51,82,35,26,16,5,0,42.68,31.71,19.51,6.10,0.00,0,0.720000000000,0.570000000000,0.735300000000,0.570000000000,12,34.29,5,7,360
ORL5,12:00-14:00,1.00,5,51,82,4,3,4,71,0,4.88,3.66,4.88,86.59,0.00,0,0.290000000000,0.200000000000,0.368800000000,0.235000000000,0,0.00,0,0,
ORL5,12:00-14:00,1.00,15,51,82,16,14,4,48,0,19.51,17.07,4.88,58.54,0.00,0,0.495000000000,0.457500000000,0.585000000000,0.457500000000,0,0.00,0,0,
ORL5,12:00-14:00,1.00,30,51,82,22,18,4,38,0,26.83,21.95,4.88,46.34,0.00,0,0.720000000000,0.570000000000,0.735300000000,0.570000000000,2,9.09,0,2,600
ORL5,14:00-15:00,0.25,5,33,39,5,7,17,10,0,12.82,17.95,43.59,25.64,0.00,0,0.210000000000,0.210000000000,0.320000000000,0.210000000000,0,0.00,0,0,
ORL5,14:00-15:00,0.25,15,33,39,7,13,17,2,0,17.95,33.33,43.59,5.13,0.00,0,0.460000000000,0.320000000000,0.607600000000,0.320000000000,1,14.29,0,1,480
ORL5,14:00-15:00,0.25,30,33,39,8,13,17,1,0,20.51,33.33,43.59,2.56,0.00,0,0.510000000000,0.510000000000,0.607600000000,0.510000000000,2,25.00,0,2,810
ORL5,14:00-15:00,0.50,5,33,39,4,4,10,21,0,10.26,10.26,25.64,53.85,0.00,0,0.210000000000,0.210000000000,0.320000000000,0.210000000000,0,0.00,0,0,
ORL5,14:00-15:00,0.50,15,33,39,10,10,10,9,0,25.64,25.64,25.64,23.08,0.00,0,0.460000000000,0.320000000000,0.607600000000,0.320000000000,0,0.00,0,0,
ORL5,14:00-15:00,0.50,30,33,39,11,12,10,6,0,28.21,30.77,25.64,15.38,0.00,0,0.510000000000,0.510000000000,0.607600000000,0.510000000000,3,27.27,0,3,1080
ORL5,14:00-15:00,1.00,5,33,39,2,1,3,33,0,5.13,2.56,7.69,84.62,0.00,0,0.210000000000,0.210000000000,0.320000000000,0.210000000000,0,0.00,0,0,
ORL5,14:00-15:00,1.00,15,33,39,8,7,3,21,0,20.51,17.95,7.69,53.85,0.00,0,0.460000000000,0.320000000000,0.607600000000,0.320000000000,0,0.00,0,0,
ORL5,14:00-15:00,1.00,30,33,39,11,8,3,17,0,28.21,20.51,7.69,43.59,0.00,0,0.510000000000,0.510000000000,0.607600000000,0.510000000000,3,27.27,0,3,900
ORL5,15:00-close,0.25,5,33,37,6,3,23,5,0,16.22,8.11,62.16,13.51,0.00,5,0.270000000000,0.180000000000,0.340000000000,0.240000000000,0,0.00,0,0,
ORL5,15:00-close,0.25,15,33,37,8,6,23,0,0,21.62,16.22,62.16,0.00,0.00,11,0.430000000000,0.430000000000,0.470000000000,0.440000000000,6,75.00,3,3,330
ORL5,15:00-close,0.25,30,33,37,8,6,23,0,0,21.62,16.22,62.16,0.00,0.00,18,0.470000000000,0.690000000000,0.520000000000,0.695000000000,7,87.50,3,4,360
ORL5,15:00-close,0.50,5,33,37,5,5,5,19,3,13.51,13.51,13.51,51.35,8.11,5,0.270000000000,0.180000000000,0.340000000000,0.240000000000,0,0.00,0,0,
ORL5,15:00-close,0.50,15,33,37,9,12,5,7,4,24.32,32.43,13.51,18.92,10.81,11,0.430000000000,0.430000000000,0.470000000000,0.440000000000,5,55.56,3,2,300
ORL5,15:00-close,0.50,30,33,37,10,16,5,2,4,27.03,43.24,13.51,5.41,10.81,18,0.470000000000,0.690000000000,0.520000000000,0.695000000000,8,80.00,4,4,390
ORL5,15:00-close,1.00,5,33,37,0,3,1,29,4,0.00,8.11,2.70,78.38,10.81,5,0.270000000000,0.180000000000,0.340000000000,0.240000000000,0,,0,0,
ORL5,15:00-close,1.00,15,33,37,5,5,1,17,9,13.51,13.51,2.70,45.95,24.32,11,0.430000000000,0.430000000000,0.470000000000,0.440000000000,1,20.00,1,0,60
ORL5,15:00-close,1.00,30,33,37,5,11,1,7,13,13.51,29.73,2.70,18.92,35.14,18,0.470000000000,0.690000000000,0.520000000000,0.695000000000,4,80.00,1,3,510
PWH,09:30-10:00,0.25,5,16,16,5,1,10,0,0,31.25,6.25,62.50,0.00,0.00,0,0.635000000000,0.180000000000,0.695000000000,0.180000000000,1,20.00,1,0,60
PWH,09:30-10:00,0.25,15,16,16,5,1,10,0,0,31.25,6.25,62.50,0.00,0.00,0,0.695000000000,1.112500000000,0.750000000000,1.112500000000,3,60.00,2,1,300
PWH,09:30-10:00,0.25,30,16,16,5,1,10,0,0,31.25,6.25,62.50,0.00,0.00,0,0.695000000000,1.165000000000,0.750000000000,1.165000000000,3,60.00,2,1,300
PWH,09:30-10:00,0.50,5,16,16,5,3,7,1,0,31.25,18.75,43.75,6.25,0.00,0,0.635000000000,0.180000000000,0.695000000000,0.180000000000,0,0.00,0,0,
PWH,09:30-10:00,0.50,15,16,16,5,4,7,0,0,31.25,25.00,43.75,0.00,0.00,0,0.695000000000,1.112500000000,0.750000000000,1.112500000000,2,40.00,1,1,510
PWH,09:30-10:00,0.50,30,16,16,5,4,7,0,0,31.25,25.00,43.75,0.00,0.00,0,0.695000000000,1.165000000000,0.750000000000,1.165000000000,2,40.00,1,1,510
PWH,09:30-10:00,1.00,5,16,16,1,3,1,11,0,6.25,18.75,6.25,68.75,0.00,0,0.635000000000,0.180000000000,0.695000000000,0.180000000000,0,0.00,0,0,
PWH,09:30-10:00,1.00,15,16,16,4,10,1,1,0,25.00,62.50,6.25,6.25,0.00,0,0.695000000000,1.112500000000,0.750000000000,1.112500000000,0,0.00,0,0,
PWH,09:30-10:00,1.00,30,16,16,4,11,1,0,0,25.00,68.75,6.25,0.00,0.00,0,0.695000000000,1.165000000000,0.750000000000,1.165000000000,0,0.00,0,0,
PWH,10:00-11:00,0.25,5,15,17,3,0,14,0,0,17.65,0.00,82.35,0.00,0.00,0,0.360000000000,0.480000000000,0.540000000000,0.485000000000,0,0.00,0,0,
PWH,10:00-11:00,0.25,15,15,17,3,0,14,0,0,17.65,0.00,82.35,0.00,0.00,0,0.590000000000,0.490000000000,0.770000000000,0.490000000000,0,0.00,0,0,
PWH,10:00-11:00,0.25,30,15,17,3,0,14,0,0,17.65,0.00,82.35,0.00,0.00,0,0.590000000000,0.690000000000,0.775000000000,0.690000000000,1,33.33,0,1,1440
PWH,10:00-11:00,0.50,5,15,17,5,2,6,4,0,29.41,11.76,35.29,23.53,0.00,0,0.360000000000,0.480000000000,0.540000000000,0.485000000000,0,0.00,0,0,
PWH,10:00-11:00,0.50,15,15,17,8,2,6,1,0,47.06,11.76,35.29,5.88,0.00,0,0.590000000000,0.490000000000,0.770000000000,0.490000000000,2,25.00,1,1,330
PWH,10:00-11:00,0.50,30,15,17,9,2,6,0,0,52.94,11.76,35.29,0.00,0.00,0,0.590000000000,0.690000000000,0.775000000000,0.690000000000,5,55.56,2,3,360
PWH,10:00-11:00,1.00,5,15,17,2,1,1,13,0,11.76,5.88,5.88,76.47,0.00,0,0.360000000000,0.480000000000,0.540000000000,0.485000000000,0,0.00,0,0,
PWH,10:00-11:00,1.00,15,15,17,5,4,1,7,0,29.41,23.53,5.88,41.18,0.00,0,0.590000000000,0.490000000000,0.770000000000,0.490000000000,0,0.00,0,0,
PWH,10:00-11:00,1.00,30,15,17,6,4,1,6,0,35.29,23.53,5.88,35.29,0.00,0,0.590000000000,0.690000000000,0.775000000000,0.690000000000,1,16.67,0,1,1260
PWH,11:00-12:00,0.25,5,12,17,5,5,6,1,0,29.41,29.41,35.29,5.88,0.00,0,0.228000000000,0.280000000000,0.270000000000,0.290000000000,1,20.00,1,0,120
PWH,11:00-12:00,0.25,15,12,17,6,5,6,0,0,35.29,29.41,35.29,0.00,0.00,0,0.410000000000,0.550000000000,0.418000000000,0.550000000000,3,50.00,1,2,360
PWH,11:00-12:00,0.25,30,12,17,6,5,6,0,0,35.29,29.41,35.29,0.00,0.00,0,0.410000000000,0.870000000000,0.480000000000,0.870000000000,4,66.67,1,3,450
PWH,11:00-12:00,0.50,5,12,17,3,3,1,10,0,17.65,17.65,5.88,58.82,0.00,0,0.228000000000,0.280000000000,0.270000000000,0.290000000000,1,33.33,1,0,120
PWH,11:00-12:00,0.50,15,12,17,4,7,1,5,0,23.53,41.18,5.88,29.41,0.00,0,0.410000000000,0.550000000000,0.418000000000,0.550000000000,1,25.00,1,0,120
PWH,11:00-12:00,0.50,30,12,17,6,10,1,0,0,35.29,58.82,5.88,0.00,0.00,0,0.410000000000,0.870000000000,0.480000000000,0.870000000000,3,50.00,1,2,1020
PWH,11:00-12:00,1.00,5,12,17,0,0,1,16,0,0.00,0.00,5.88,94.12,0.00,0,0.228000000000,0.280000000000,0.270000000000,0.290000000000,0,,0,0,
PWH,11:00-12:00,1.00,15,12,17,1,2,1,13,0,5.88,11.76,5.88,76.47,0.00,0,0.410000000000,0.550000000000,0.418000000000,0.550000000000,0,0.00,0,0,
PWH,11:00-12:00,1.00,30,12,17,3,3,1,10,0,17.65,17.65,5.88,58.82,0.00,0,0.410000000000,0.870000000000,0.480000000000,0.870000000000,1,33.33,0,1,780
PWH,12:00-14:00,0.25,5,14,24,2,4,11,7,0,8.33,16.67,45.83,29.17,0.00,0,0.185000000000,0.192500000000,0.292500000000,0.210000000000,0,0.00,0,0,
PWH,12:00-14:00,0.25,15,14,24,6,6,11,1,0,25.00,25.00,45.83,4.17,0.00,0,0.427500000000,0.355000000000,0.432500000000,0.355000000000,1,16.67,1,0,300
PWH,12:00-14:00,0.25,30,14,24,6,6,11,1,0,25.00,25.00,45.83,4.17,0.00,0,0.572450000000,0.560000000000,0.572450000000,0.560000000000,2,33.33,1,1,600
PWH,12:00-14:00,0.50,5,14,24,2,2,3,17,0,8.33,8.33,12.50,70.83,0.00,0,0.185000000000,0.192500000000,0.292500000000,0.210000000000,0,0.00,0,0,
PWH,12:00-14:00,0.50,15,14,24,5,7,3,9,0,20.83,29.17,12.50,37.50,0.00,0,0.427500000000,0.355000000000,0.432500000000,0.355000000000,0,0.00,0,0,
PWH,12:00-14:00,0.50,30,14,24,8,9,3,4,0,33.33,37.50,12.50,16.67,0.00,0,0.572450000000,0.560000000000,0.572450000000,0.560000000000,2,25.00,0,2,960
PWH,12:00-14:00,1.00,5,14,24,0,0,0,24,0,0.00,0.00,0.00,100.00,0.00,0,0.185000000000,0.192500000000,0.292500000000,0.210000000000,0,,0,0,
PWH,12:00-14:00,1.00,15,14,24,2,2,0,20,0,8.33,8.33,0.00,83.33,0.00,0,0.427500000000,0.355000000000,0.432500000000,0.355000000000,1,50.00,0,1,360
PWH,12:00-14:00,1.00,30,14,24,7,2,0,15,0,29.17,8.33,0.00,62.50,0.00,0,0.572450000000,0.560000000000,0.572450000000,0.560000000000,1,14.29,0,1,360
PWH,14:00-15:00,0.25,5,10,12,2,1,5,4,0,16.67,8.33,41.67,33.33,0.00,0,0.165000000000,0.160000000000,0.380000000000,0.198650000000,0,0.00,0,0,
PWH,14:00-15:00,0.25,15,10,12,4,3,5,0,0,33.33,25.00,41.67,0.00,0.00,0,0.582550000000,0.230000000000,0.615050000000,0.230000000000,0,0.00,0,0,
PWH,14:00-15:00,0.25,30,10,12,4,3,5,0,0,33.33,25.00,41.67,0.00,0.00,0,0.710000000000,0.243200000000,0.710000000000,0.243200000000,1,25.00,0,1,660
PWH,14:00-15:00,0.50,5,10,12,1,0,4,7,0,8.33,0.00,33.33,58.33,0.00,0,0.165000000000,0.160000000000,0.380000000000,0.198650000000,0,0.00,0,0,
PWH,14:00-15:00,0.50,15,10,12,4,0,4,4,0,33.33,0.00,33.33,33.33,0.00,0,0.582550000000,0.230000000000,0.615050000000,0.230000000000,0,0.00,0,0,
PWH,14:00-15:00,0.50,30,10,12,4,1,4,3,0,33.33,8.33,33.33,25.00,0.00,0,0.710000000000,0.243200000000,0.710000000000,0.243200000000,0,0.00,0,0,
PWH,14:00-15:00,1.00,5,10,12,0,1,1,10,0,0.00,8.33,8.33,83.33,0.00,0,0.165000000000,0.160000000000,0.380000000000,0.198650000000,0,,0,0,
PWH,14:00-15:00,1.00,15,10,12,1,1,1,9,0,8.33,8.33,8.33,75.00,0.00,0,0.582550000000,0.230000000000,0.615050000000,0.230000000000,0,0.00,0,0,
PWH,14:00-15:00,1.00,30,10,12,2,1,1,8,0,16.67,8.33,8.33,66.67,0.00,0,0.710000000000,0.243200000000,0.710000000000,0.243200000000,1,50.00,1,0,180
PWH,15:00-close,0.25,5,14,18,3,1,9,4,1,16.67,5.56,50.00,22.22,5.56,3,0.185000000000,0.170000000000,0.317500000000,0.170000000000,0,0.00,0,0,
PWH,15:00-close,0.25,15,14,18,5,2,9,1,1,27.78,11.11,50.00,5.56,5.56,5,0.327500000000,0.285000000000,0.352500000000,0.285000000000,1,20.00,1,0,240
PWH,15:00-close,0.25,30,14,18,5,2,9,1,1,27.78,11.11,50.00,5.56,5.56,10,0.365000000000,0.405000000000,0.367500000000,0.405000000000,3,60.00,1,2,600
PWH,15:00-close,0.50,5,14,18,1,1,2,11,3,5.56,5.56,11.11,61.11,16.67,3,0.185000000000,0.170000000000,0.317500000000,0.170000000000,0,0.00,0,0,
PWH,15:00-close,0.50,15,14,18,2,5,2,6,3,11.11,27.78,11.11,33.33,16.67,5,0.327500000000,0.285000000000,0.352500000000,0.285000000000,0,0.00,0,0,
PWH,15:00-close,0.50,30,14,18,2,6,2,4,4,11.11,33.33,11.11,22.22,22.22,10,0.365000000000,0.405000000000,0.367500000000,0.405000000000,0,0.00,0,0,
PWH,15:00-close,1.00,5,14,18,0,1,2,12,3,0.00,5.56,11.11,66.67,16.67,3,0.185000000000,0.170000000000,0.317500000000,0.170000000000,0,,0,0,
PWH,15:00-close,1.00,15,14,18,1,1,2,9,5,5.56,5.56,11.11,50.00,27.78,5,0.327500000000,0.285000000000,0.352500000000,0.285000000000,0,0.00,0,0,
PWH,15:00-close,1.00,30,14,18,1,3,2,6,6,5.56,16.67,11.11,33.33,33.33,10,0.365000000000,0.405000000000,0.367500000000,0.405000000000,0,0.00,0,0,
PWL,09:30-10:00,0.25,5,15,15,2,0,13,0,0,13.33,0.00,86.67,0.00,0.00,0,0.390000000000,0.495000000000,0.860000000000,0.495000000000,1,50.00,1,0,120
PWL,09:30-10:00,0.25,15,15,15,2,0,13,0,0,13.33,0.00,86.67,0.00,0.00,0,1.040000000000,1.100000000000,1.040000000000,1.100000000000,2,100.00,1,1,360
PWL,09:30-10:00,0.25,30,15,15,2,0,13,0,0,13.33,0.00,86.67,0.00,0.00,0,1.470000000000,1.100000000000,1.470000000000,1.100000000000,2,100.00,1,1,360
PWL,09:30-10:00,0.50,5,15,15,1,1,11,2,0,6.67,6.67,73.33,13.33,0.00,0,0.390000000000,0.495000000000,0.860000000000,0.495000000000,0,0.00,0,0,
PWL,09:30-10:00,0.50,15,15,15,3,1,11,0,0,20.00,6.67,73.33,0.00,0.00,0,1.040000000000,1.100000000000,1.040000000000,1.100000000000,0,0.00,0,0,
PWL,09:30-10:00,0.50,30,15,15,3,1,11,0,0,20.00,6.67,73.33,0.00,0.00,0,1.470000000000,1.100000000000,1.470000000000,1.100000000000,2,66.67,0,2,570
PWL,09:30-10:00,1.00,5,15,15,3,4,2,6,0,20.00,26.67,13.33,40.00,0.00,0,0.390000000000,0.495000000000,0.860000000000,0.495000000000,0,0.00,0,0,
PWL,09:30-10:00,1.00,15,15,15,4,7,2,2,0,26.67,46.67,13.33,13.33,0.00,0,1.040000000000,1.100000000000,1.040000000000,1.100000000000,2,50.00,1,1,270
PWL,09:30-10:00,1.00,30,15,15,4,7,2,2,0,26.67,46.67,13.33,13.33,0.00,0,1.470000000000,1.100000000000,1.470000000000,1.100000000000,2,50.00,1,1,270
PWL,10:00-11:00,0.25,5,14,18,4,2,12,0,0,22.22,11.11,66.67,0.00,0.00,0,0.776250000000,0.640000000000,0.808750000000,0.640000000000,1,25.00,1,0,120
PWL,10:00-11:00,0.25,15,14,18,4,2,12,0,0,22.22,11.11,66.67,0.00,0.00,0,1.365000000000,0.702500000000,1.365000000000,0.702500000000,1,25.00,1,0,120
PWL,10:00-11:00,0.25,30,14,18,4,2,12,0,0,22.22,11.11,66.67,0.00,0.00,0,1.680000000000,0.702500000000,1.680000000000,0.702500000000,1,25.00,1,0,120
PWL,10:00-11:00,0.50,5,14,18,4,2,12,0,0,22.22,11.11,66.67,0.00,0.00,0,0.776250000000,0.640000000000,0.808750000000,0.640000000000,0,0.00,0,0,
PWL,10:00-11:00,0.50,15,14,18,4,2,12,0,0,22.22,11.11,66.67,0.00,0.00,0,1.365000000000,0.702500000000,1.365000000000,0.702500000000,0,0.00,0,0,
PWL,10:00-11:00,0.50,30,14,18,4,2,12,0,0,22.22,11.11,66.67,0.00,0.00,0,1.680000000000,0.702500000000,1.680000000000,0.702500000000,0,0.00,0,0,
PWL,10:00-11:00,1.00,5,14,18,3,2,1,12,0,16.67,11.11,5.56,66.67,0.00,0,0.776250000000,0.640000000000,0.808750000000,0.640000000000,0,0.00,0,0,
PWL,10:00-11:00,1.00,15,14,18,11,5,1,1,0,61.11,27.78,5.56,5.56,0.00,0,1.365000000000,0.702500000000,1.365000000000,0.702500000000,2,18.18,0,2,450
PWL,10:00-11:00,1.00,30,14,18,11,5,1,1,0,61.11,27.78,5.56,5.56,0.00,0,1.680000000000,0.702500000000,1.680000000000,0.702500000000,3,27.27,1,2,420
PWL,11:00-12:00,0.25,5,12,13,3,1,9,0,0,23.08,7.69,69.23,0.00,0.00,0,0.510000000000,0.260000000000,0.580000000000,0.260000000000,0,0.00,0,0,
PWL,11:00-12:00,0.25,15,12,13,3,1,9,0,0,23.08,7.69,69.23,0.00,0.00,0,1.190000000000,0.620000000000,1.220000000000,0.620000000000,1,33.33,1,0,240
PWL,11:00-12:00,0.25,30,12,13,3,1,9,0,0,23.08,7.69,69.23,0.00,0.00,0,1.250000000000,0.620000000000,1.250000000000,0.620000000000,1,33.33,1,0,240
PWL,11:00-12:00,0.50,5,12,13,5,2,3,3,0,38.46,15.38,23.08,23.08,0.00,0,0.510000000000,0.260000000000,0.580000000000,0.260000000000,0,0.00,0,0,
PWL,11:00-12:00,0.50,15,12,13,7,3,3,0,0,53.85,23.08,23.08,0.00,0.00,0,1.190000000000,0.620000000000,1.220000000000,0.620000000000,2,28.57,1,1,300
PWL,11:00-12:00,0.50,30,12,13,7,3,3,0,0,53.85,23.08,23.08,0.00,0.00,0,1.250000000000,0.620000000000,1.250000000000,0.620000000000,3,42.86,1,2,540
PWL,11:00-12:00,1.00,5,12,13,1,1,1,10,0,7.69,7.69,7.69,76.92,0.00,0,0.510000000000,0.260000000000,0.580000000000,0.260000000000,0,0.00,0,0,
PWL,11:00-12:00,1.00,15,12,13,6,2,1,4,0,46.15,15.38,7.69,30.77,0.00,0,1.190000000000,0.620000000000,1.220000000000,0.620000000000,1,16.67,1,0,120
PWL,11:00-12:00,1.00,30,12,13,7,3,1,2,0,53.85,23.08,7.69,15.38,0.00,0,1.250000000000,0.620000000000,1.250000000000,0.620000000000,2,28.57,1,1,660
PWL,12:00-14:00,0.25,5,13,22,4,2,15,1,0,18.18,9.09,68.18,4.55,0.00,0,0.300000000000,0.392500000000,0.435000000000,0.392500000000,0,0.00,0,0,
PWL,12:00-14:00,0.25,15,13,22,5,2,15,0,0,22.73,9.09,68.18,0.00,0.00,0,0.702450000000,0.515000000000,0.732450000000,0.540000000000,3,60.00,1,2,540
PWL,12:00-14:00,0.25,30,13,22,5,2,15,0,0,22.73,9.09,68.18,0.00,0.00,0,0.790000000000,0.609900000000,0.790000000000,0.609900000000,3,60.00,1,2,540
PWL,12:00-14:00,0.50,5,13,22,5,5,5,7,0,22.73,22.73,22.73,31.82,0.00,0,0.300000000000,0.392500000000,0.435000000000,0.392500000000,0,0.00,0,0,
PWL,12:00-14:00,0.50,15,13,22,9,7,5,1,0,40.91,31.82,22.73,4.55,0.00,0,0.702450000000,0.515000000000,0.732450000000,0.540000000000,2,22.22,0,2,570
PWL,12:00-14:00,0.50,30,13,22,10,7,5,0,0,45.45,31.82,22.73,0.00,0.00,0,0.790000000000,0.609900000000,0.790000000000,0.609900000000,3,30.00,0,3,720
PWL,12:00-14:00,1.00,5,13,22,2,1,1,18,0,9.09,4.55,4.55,81.82,0.00,0,0.300000000000,0.392500000000,0.435000000000,0.392500000000,0,0.00,0,0,
PWL,12:00-14:00,1.00,15,13,22,5,7,1,9,0,22.73,31.82,4.55,40.91,0.00,0,0.702450000000,0.515000000000,0.732450000000,0.540000000000,0,0.00,0,0,
PWL,12:00-14:00,1.00,30,13,22,8,9,1,4,0,36.36,40.91,4.55,18.18,0.00,0,0.790000000000,0.609900000000,0.790000000000,0.609900000000,2,25.00,1,1,480
PWL,14:00-15:00,0.25,5,10,12,0,2,9,1,0,0.00,16.67,75.00,8.33,0.00,0,0.227500000000,0.292500000000,0.407500000000,0.292500000000,0,,0,0,
PWL,14:00-15:00,0.25,15,10,12,1,2,9,0,0,8.33,16.67,75.00,0.00,0.00,0,0.607500000000,0.485000000000,0.607500000000,0.485000000000,1,100.00,1,0,240
PWL,14:00-15:00,0.25,30,10,12,1,2,9,0,0,8.33,16.67,75.00,0.00,0.00,0,0.760000000000,1.057500000000,0.760000000000,1.057500000000,1,100.00,1,0,240
PWL,14:00-15:00,0.50,5,10,12,1,3,3,5,0,8.33,25.00,25.00,41.67,0.00,0,0.227500000000,0.292500000000,0.407500000000,0.292500000000,0,0.00,0,0,
PWL,14:00-15:00,0.50,15,10,12,4,4,3,1,0,33.33,33.33,25.00,8.33,0.00,0,0.607500000000,0.485000000000,0.607500000000,0.485000000000,1,25.00,1,0,180
PWL,14:00-15:00,0.50,30,10,12,4,5,3,0,0,33.33,41.67,25.00,0.00,0.00,0,0.760000000000,1.057500000000,0.760000000000,1.057500000000,3,75.00,2,1,180
PWL,14:00-15:00,1.00,5,10,12,0,0,0,12,0,0.00,0.00,0.00,100.00,0.00,0,0.227500000000,0.292500000000,0.407500000000,0.292500000000,0,,0,0,
PWL,14:00-15:00,1.00,15,10,12,5,3,0,4,0,41.67,25.00,0.00,33.33,0.00,0,0.607500000000,0.485000000000,0.607500000000,0.485000000000,0,0.00,0,0,
PWL,14:00-15:00,1.00,30,10,12,5,5,0,2,0,41.67,41.67,0.00,16.67,0.00,0,0.760000000000,1.057500000000,0.760000000000,1.057500000000,2,40.00,0,2,780
PWL,15:00-close,0.25,5,9,10,1,1,8,0,0,10.00,10.00,80.00,0.00,0.00,1,0.241100000000,0.630000000000,0.470000000000,0.630000000000,1,100.00,1,0,240
PWL,15:00-close,0.25,15,9,10,1,1,8,0,0,10.00,10.00,80.00,0.00,0.00,3,0.485000000000,1.100000000000,0.517500000000,1.100000000000,1,100.00,1,0,240
PWL,15:00-close,0.25,30,9,10,1,1,8,0,0,10.00,10.00,80.00,0.00,0.00,5,0.542500000000,1.365000000000,0.547500000000,1.365000000000,1,100.00,1,0,240
PWL,15:00-close,0.50,5,9,10,2,1,4,2,1,20.00,10.00,40.00,20.00,10.00,1,0.241100000000,0.630000000000,0.470000000000,0.630000000000,1,50.00,1,0,120
PWL,15:00-close,0.50,15,9,10,2,3,4,0,1,20.00,30.00,40.00,0.00,10.00,3,0.485000000000,1.100000000000,0.517500000000,1.100000000000,2,100.00,2,0,150
PWL,15:00-close,0.50,30,9,10,2,3,4,0,1,20.00,30.00,40.00,0.00,10.00,5,0.542500000000,1.365000000000,0.547500000000,1.365000000000,2,100.00,2,0,150
PWL,15:00-close,1.00,5,9,10,0,2,1,6,1,0.00,20.00,10.00,60.00,10.00,1,0.241100000000,0.630000000000,0.470000000000,0.630000000000,0,,0,0,
PWL,15:00-close,1.00,15,9,10,0,4,1,3,2,0.00,40.00,10.00,30.00,20.00,3,0.485000000000,1.100000000000,0.517500000000,1.100000000000,0,,0,0,
PWL,15:00-close,1.00,30,9,10,0,6,1,0,3,0.00,60.00,10.00,0.00,30.00,5,0.542500000000,1.365000000000,0.547500000000,1.365000000000,0,,0,0,
1H_HIGH,09:30-10:00,0.25,5,113,370,79,10,281,0,0,21.35,2.70,75.95,0.00,0.00,0,0.478000000000,0.485000000000,0.680000000000,0.510000000000,38,48.10,38,0,120
1H_HIGH,09:30-10:00,0.25,15,113,370,79,10,281,0,0,21.35,2.70,75.95,0.00,0.00,0,0.795000000000,0.840000000000,0.885000000000,0.850000000000,54,68.35,43,11,180
1H_HIGH,09:30-10:00,0.25,30,113,370,79,10,281,0,0,21.35,2.70,75.95,0.00,0.00,0,1.090000000000,1.270000000000,1.150000000000,1.270000000000,58,73.42,43,15,180
1H_HIGH,09:30-10:00,0.50,5,113,370,79,60,192,39,0,21.35,16.22,51.89,10.54,0.00,0,0.478000000000,0.485000000000,0.680000000000,0.510000000000,18,22.78,18,0,120
1H_HIGH,09:30-10:00,0.50,15,113,370,93,80,192,5,0,25.14,21.62,51.89,1.35,0.00,0,0.795000000000,0.840000000000,0.885000000000,0.850000000000,48,51.61,35,13,240
1H_HIGH,09:30-10:00,0.50,30,113,370,97,81,192,0,0,26.22,21.89,51.89,0.00,0.00,0,1.090000000000,1.270000000000,1.150000000000,1.270000000000,54,55.67,36,18,240
1H_HIGH,09:30-10:00,1.00,5,113,370,58,44,32,236,0,15.68,11.89,8.65,63.78,0.00,0,0.478000000000,0.485000000000,0.680000000000,0.510000000000,3,5.17,3,0,120
1H_HIGH,09:30-10:00,1.00,15,113,370,117,139,32,82,0,31.62,37.57,8.65,22.16,0.00,0,0.795000000000,0.840000000000,0.885000000000,0.850000000000,31,26.50,15,16,360
1H_HIGH,09:30-10:00,1.00,30,113,370,147,176,32,15,0,39.73,47.57,8.65,4.05,0.00,0,1.090000000000,1.270000000000,1.150000000000,1.270000000000,50,34.01,16,34,420
1H_HIGH,10:00-11:00,0.25,5,111,495,84,32,368,11,0,16.97,6.46,74.34,2.22,0.00,0,0.370000000000,0.360000000000,0.590000000000,0.390000000000,24,28.57,24,0,120
1H_HIGH,10:00-11:00,0.25,15,111,495,93,33,368,1,0,18.79,6.67,74.34,0.20,0.00,0,0.700000000000,0.700000000000,0.820000000000,0.750000000000,47,50.54,39,8,180
1H_HIGH,10:00-11:00,0.25,30,111,495,93,34,368,0,0,18.79,6.87,74.34,0.00,0.00,0,1.030000000000,0.875000000000,1.070000000000,0.910000000000,60,64.52,40,20,240
1H_HIGH,10:00-11:00,0.50,5,111,495,109,88,186,112,0,22.02,17.78,37.58,22.63,0.00,0,0.370000000000,0.360000000000,0.590000000000,0.390000000000,11,10.09,11,0,60
1H_HIGH,10:00-11:00,0.50,15,111,495,149,131,186,29,0,30.10,26.46,37.58,5.86,0.00,0,0.700000000000,0.700000000000,0.820000000000,0.750000000000,50,33.56,33,17,240
1H_HIGH,10:00-11:00,0.50,30,111,495,159,143,186,7,0,32.12,28.89,37.58,1.41,0.00,0,1.030000000000,0.875000000000,1.070000000000,0.910000000000,77,48.43,34,43,420
1H_HIGH,10:00-11:00,1.00,5,111,495,66,69,38,322,0,13.33,13.94,7.68,65.05,0.00,0,0.370000000000,0.360000000000,0.590000000000,0.390000000000,3,4.55,3,0,120
1H_HIGH,10:00-11:00,1.00,15,111,495,162,148,38,147,0,32.73,29.90,7.68,29.70,0.00,0,0.700000000000,0.700000000000,0.820000000000,0.750000000000,34,20.99,21,13,240
1H_HIGH,10:00-11:00,1.00,30,111,495,195,174,38,88,0,39.39,35.15,7.68,17.78,0.00,0,1.030000000000,0.875000000000,1.070000000000,0.910000000000,64,32.82,22,42,450
1H_HIGH,11:00-12:00,0.25,5,108,333,82,56,178,17,0,24.62,16.82,53.45,5.11,0.00,0,0.310000000000,0.290000000000,0.410000000000,0.300000000000,15,18.29,15,0,120
1H_HIGH,11:00-12:00,0.25,15,108,333,90,63,178,2,0,27.03,18.92,53.45,0.60,0.00,0,0.560000000000,0.520000000000,0.605000000000,0.520000000000,45,50.00,25,20,240
1H_HIGH,11:00-12:00,0.25,30,108,333,91,63,178,1,0,27.33,18.92,53.45,0.30,0.00,0,0.770000000000,0.675000000000,0.780000000000,0.675000000000,60,65.93,26,34,360
1H_HIGH,11:00-12:00,0.50,5,108,333,73,62,57,141,0,21.92,18.62,17.12,42.34,0.00,0,0.310000000000,0.290000000000,0.410000000000,0.300000000000,6,8.22,6,0,90
1H_HIGH,11:00-12:00,0.50,15,108,333,129,110,57,37,0,38.74,33.03,17.12,11.11,0.00,0,0.560000000000,0.520000000000,0.605000000000,0.520000000000,37,28.68,26,11,240
1H_HIGH,11:00-12:00,0.50,30,108,333,141,124,57,11,0,42.34,37.24,17.12,3.30,0.00,0,0.770000000000,0.675000000000,0.780000000000,0.675000000000,62,43.97,28,34,420
1H_HIGH,11:00-12:00,1.00,5,108,333,21,19,8,285,0,6.31,5.71,2.40,85.59,0.00,0,0.310000000000,0.290000000000,0.410000000000,0.300000000000,1,4.76,1,0,120
1H_HIGH,11:00-12:00,1.00,15,108,333,74,70,8,181,0,22.22,21.02,2.40,54.35,0.00,0,0.560000000000,0.520000000000,0.605000000000,0.520000000000,10,13.51,6,4,300
1H_HIGH,11:00-12:00,1.00,30,108,333,124,101,8,100,0,37.24,30.33,2.40,30.03,0.00,0,0.770000000000,0.675000000000,0.780000000000,0.675000000000,24,19.35,6,18,450
1H_HIGH,12:00-14:00,0.25,5,110,526,127,70,241,88,0,24.14,13.31,45.82,16.73,0.00,0,0.260000000000,0.220000000000,0.335000000000,0.237500000000,23,18.11,23,0,120
1H_HIGH,12:00-14:00,0.25,15,110,526,162,112,241,11,0,30.80,21.29,45.82,2.09,0.00,0,0.480000000000,0.427500000000,0.520000000000,0.430000000000,77,47.53,50,27,240
1H_HIGH,12:00-14:00,0.25,30,110,526,166,118,241,1,0,31.56,22.43,45.82,0.19,0.00,0,0.670000000000,0.605000000000,0.680000000000,0.610000000000,105,63.25,50,55,360
1H_HIGH,12:00-14:00,0.50,5,110,526,94,69,71,292,0,17.87,13.12,13.50,55.51,0.00,0,0.260000000000,0.220000000000,0.335000000000,0.237500000000,9,9.57,9,0,60
1H_HIGH,12:00-14:00,0.50,15,110,526,179,161,71,115,0,34.03,30.61,13.50,21.86,0.00,0,0.480000000000,0.427500000000,0.520000000000,0.430000000000,49,27.37,34,15,240
1H_HIGH,12:00-14:00,0.50,30,110,526,207,197,71,51,0,39.35,37.45,13.50,9.70,0.00,0,0.670000000000,0.605000000000,0.680000000000,0.610000000000,98,47.34,37,61,420
1H_HIGH,12:00-14:00,1.00,5,110,526,22,18,16,470,0,4.18,3.42,3.04,89.35,0.00,0,0.260000000000,0.220000000000,0.335000000000,0.237500000000,2,9.09,2,0,120
1H_HIGH,12:00-14:00,1.00,15,110,526,92,81,16,337,0,17.49,15.40,3.04,64.07,0.00,0,0.480000000000,0.427500000000,0.520000000000,0.430000000000,10,10.87,6,4,210
1H_HIGH,12:00-14:00,1.00,30,110,526,147,121,16,242,0,27.95,23.00,3.04,46.01,0.00,0,0.670000000000,0.605000000000,0.680000000000,0.610000000000,29,19.73,8,21,540
1H_HIGH,14:00-15:00,0.25,5,90,244,62,20,116,46,0,25.41,8.20,47.54,18.85,0.00,0,0.255000000000,0.206150000000,0.380000000000,0.210000000000,12,19.35,12,0,120
1H_HIGH,14:00-15:00,0.25,15,90,244,86,38,116,4,0,35.25,15.57,47.54,1.64,0.00,0,0.439550000000,0.372500000000,0.490000000000,0.375000000000,33,38.37,20,13,240
1H_HIGH,14:00-15:00,0.25,30,90,244,90,38,116,0,0,36.89,15.57,47.54,0.00,0.00,0,0.585000000000,0.545000000000,0.600000000000,0.555000000000,62,68.89,24,38,540
1H_HIGH,14:00-15:00,0.50,5,90,244,41,31,47,125,0,16.80,12.70,19.26,51.23,0.00,0,0.255000000000,0.206150000000,0.380000000000,0.210000000000,5,12.20,5,0,60
1H_HIGH,14:00-15:00,0.50,15,90,244,74,57,47,66,0,30.33,23.36,19.26,27.05,0.00,0,0.439550000000,0.372500000000,0.490000000000,0.375000000000,22,29.73,12,10,270
1H_HIGH,14:00-15:00,0.50,30,90,244,89,72,47,36,0,36.48,29.51,19.26,14.75,0.00,0,0.585000000000,0.545000000000,0.600000000000,0.555000000000,46,51.69,17,29,420
1H_HIGH,14:00-15:00,1.00,5,90,244,18,13,21,192,0,7.38,5.33,8.61,78.69,0.00,0,0.255000000000,0.206150000000,0.380000000000,0.210000000000,1,5.56,1,0,60
1H_HIGH,14:00-15:00,1.00,15,90,244,35,37,21,151,0,14.34,15.16,8.61,61.89,0.00,0,0.439550000000,0.372500000000,0.490000000000,0.375000000000,5,14.29,2,3,360
1H_HIGH,14:00-15:00,1.00,30,90,244,58,56,21,109,0,23.77,22.95,8.61,44.67,0.00,0,0.585000000000,0.545000000000,0.600000000000,0.555000000000,14,24.14,4,10,450
1H_HIGH,15:00-close,0.25,5,93,330,66,44,175,43,2,20.00,13.33,53.03,13.03,0.61,48,0.200000000000,0.230000000000,0.380000000000,0.257500000000,16,24.24,16,0,90
1H_HIGH,15:00-close,0.25,15,93,330,85,65,175,3,2,25.76,19.70,53.03,0.91,0.61,112,0.382500000000,0.390000000000,0.490000000000,0.407500000000,36,42.35,24,12,180
1H_HIGH,15:00-close,0.25,30,93,330,87,65,175,1,2,26.36,19.70,53.03,0.30,0.61,193,0.490000000000,0.495000000000,0.607500000000,0.550000000000,47,54.02,26,21,240
1H_HIGH,15:00-close,0.50,5,93,330,47,48,69,147,19,14.24,14.55,20.91,44.55,5.76,48,0.200000000000,0.230000000000,0.380000000000,0.257500000000,1,2.13,1,0,180
1H_HIGH,15:00-close,0.50,15,93,330,91,95,69,46,29,27.58,28.79,20.91,13.94,8.79,112,0.382500000000,0.390000000000,0.490000000000,0.407500000000,17,18.68,8,9,360
1H_HIGH,15:00-close,0.50,30,93,330,104,105,69,20,32,31.52,31.82,20.91,6.06,9.70,193,0.490000000000,0.495000000000,0.607500000000,0.550000000000,33,31.73,12,21,360
1H_HIGH,15:00-close,1.00,5,93,330,16,19,14,240,41,4.85,5.76,4.24,72.73,12.42,48,0.200000000000,0.230000000000,0.380000000000,0.257500000000,0,0.00,0,0,
1H_HIGH,15:00-close,1.00,15,93,330,54,53,14,130,79,16.36,16.06,4.24,39.39,23.94,112,0.382500000000,0.390000000000,0.490000000000,0.407500000000,8,14.81,5,3,210
1H_HIGH,15:00-close,1.00,30,93,330,75,77,14,59,105,22.73,23.33,4.24,17.88,31.82,193,0.490000000000,0.495000000000,0.607500000000,0.550000000000,14,18.67,5,9,390
1H_LOW,09:30-10:00,0.25,5,112,362,59,9,294,0,0,16.30,2.49,81.22,0.00,0.00,0,0.510000000000,0.525000000000,0.720000000000,0.530000000000,26,44.07,26,0,120
1H_LOW,09:30-10:00,0.25,15,112,362,59,9,294,0,0,16.30,2.49,81.22,0.00,0.00,0,0.960000000000,0.950000000000,1.030000000000,0.960000000000,43,72.88,28,15,180
1H_LOW,09:30-10:00,0.25,30,112,362,59,9,294,0,0,16.30,2.49,81.22,0.00,0.00,0,1.460000000000,1.360000000000,1.470000000000,1.370000000000,45,76.27,28,17,180
1H_LOW,09:30-10:00,0.50,5,112,362,90,58,192,22,0,24.86,16.02,53.04,6.08,0.00,0,0.510000000000,0.525000000000,0.720000000000,0.530000000000,21,23.33,21,0,60
1H_LOW,09:30-10:00,0.50,15,112,362,104,66,192,0,0,28.73,18.23,53.04,0.00,0.00,0,0.960000000000,0.950000000000,1.030000000000,0.960000000000,53,50.96,33,20,240
1H_LOW,09:30-10:00,0.50,30,112,362,104,66,192,0,0,28.73,18.23,53.04,0.00,0.00,0,1.460000000000,1.360000000000,1.470000000000,1.370000000000,63,60.58,33,30,300
1H_LOW,09:30-10:00,1.00,5,112,362,60,57,39,206,0,16.57,15.75,10.77,56.91,0.00,0,0.510000000000,0.525000000000,0.720000000000,0.530000000000,1,1.67,1,0,60
1H_LOW,09:30-10:00,1.00,15,112,362,131,135,39,57,0,36.19,37.29,10.77,15.75,0.00,0,0.960000000000,0.950000000000,1.030000000000,0.960000000000,40,30.53,20,20,330
1H_LOW,09:30-10:00,1.00,30,112,362,158,156,39,9,0,43.65,43.09,10.77,2.49,0.00,0,1.460000000000,1.360000000000,1.470000000000,1.370000000000,60,37.97,22,38,390
1H_LOW,10:00-11:00,0.25,5,108,502,83,27,389,3,0,16.53,5.38,77.49,0.60,0.00,0,0.481250000000,0.460650000000,0.650000000000,0.471000000000,27,32.53,27,0,120
1H_LOW,10:00-11:00,0.25,15,108,502,85,28,389,0,0,16.93,5.58,77.49,0.00,0.00,0,0.770000000000,0.907500000000,0.840000000000,0.907500000000,45,52.94,35,10,180
1H_LOW,10:00-11:00,0.25,30,108,502,85,28,389,0,0,16.93,5.58,77.49,0.00,0.00,0,1.003150000000,1.260000000000,1.090000000000,1.260000000000,56,65.88,36,20,240
1H_LOW,10:00-11:00,0.50,5,108,502,126,93,211,72,0,25.10,18.53,42.03,14.34,0.00,0,0.481250000000,0.460650000000,0.650000000000,0.471000000000,24,19.05,24,0,90
1H_LOW,10:00-11:00,0.50,15,108,502,148,131,211,12,0,29.48,26.10,42.03,2.39,0.00,0,0.770000000000,0.907500000000,0.840000000000,0.907500000000,76,51.35,57,19,180
1H_LOW,10:00-11:00,0.50,30,108,502,153,135,211,3,0,30.48,26.89,42.03,0.60,0.00,0,1.003150000000,1.260000000000,1.090000000000,1.260000000000,97,63.40,58,39,240
1H_LOW,10:00-11:00,1.00,5,108,502,75,70,59,298,0,14.94,13.94,11.75,59.36,0.00,0,0.481250000000,0.460650000000,0.650000000000,0.471000000000,7,9.33,7,0,120
1H_LOW,10:00-11:00,1.00,15,108,502,146,179,59,118,0,29.08,35.66,11.75,23.51,0.00,0,0.770000000000,0.907500000000,0.840000000000,0.907500000000,34,23.29,21,13,240
1H_LOW,10:00-11:00,1.00,30,108,502,176,218,59,49,0,35.06,43.43,11.75,9.76,0.00,0,1.003150000000,1.260000000000,1.090000000000,1.260000000000,63,35.80,26,37,420
1H_LOW,11:00-12:00,0.25,5,98,374,78,50,235,11,0,20.86,13.37,62.83,2.94,0.00,0,0.390000000000,0.347500000000,0.490000000000,0.352500000000,26,33.33,26,0,120
1H_LOW,11:00-12:00,0.25,15,98,374,82,57,235,0,0,21.93,15.24,62.83,0.00,0.00,0,0.650000000000,0.630000000000,0.690000000000,0.630000000000,49,59.76,34,15,180
1H_LOW,11:00-12:00,0.25,30,98,374,82,57,235,0,0,21.93,15.24,62.83,0.00,0.00,0,0.985000000000,0.825000000000,1.005000000000,0.825000000000,56,68.29,34,22,210
1H_LOW,11:00-12:00,0.50,5,98,374,104,77,85,108,0,27.81,20.59,22.73,28.88,0.00,0,0.390000000000,0.347500000000,0.490000000000,0.352500000000,12,11.54,12,0,60
1H_LOW,11:00-12:00,0.50,15,98,374,141,126,85,22,0,37.70,33.69,22.73,5.88,0.00,0,0.650000000000,0.630000000000,0.690000000000,0.630000000000,57,40.43,36,21,240
1H_LOW,11:00-12:00,0.50,30,98,374,156,130,85,3,0,41.71,34.76,22.73,0.80,0.00,0,0.985000000000,0.825000000000,1.005000000000,0.825000000000,82,52.56,39,43,360
1H_LOW,11:00-12:00,1.00,5,98,374,35,22,13,304,0,9.36,5.88,3.48,81.28,0.00,0,0.390000000000,0.347500000000,0.490000000000,0.352500000000,0,0.00,0,0,
1H_LOW,11:00-12:00,1.00,15,98,374,100,101,13,160,0,26.74,27.01,3.48,42.78,0.00,0,0.650000000000,0.630000000000,0.690000000000,0.630000000000,18,18.00,11,7,300
1H_LOW,11:00-12:00,1.00,30,98,374,154,136,13,71,0,41.18,36.36,3.48,18.98,0.00,0,0.985000000000,0.825000000000,1.005000000000,0.825000000000,41,26.62,14,27,420
1H_LOW,12:00-14:00,0.25,5,101,626,122,86,379,39,0,19.49,13.74,60.54,6.23,0.00,0,0.306250000000,0.285000000000,0.430000000000,0.320000000000,32,26.23,32,0,60
1H_LOW,12:00-14:00,0.25,15,101,626,132,112,379,3,0,21.09,17.89,60.54,0.48,0.00,0,0.530000000000,0.522500000000,0.580000000000,0.537000000000,68,51.52,51,17,150
1H_LOW,12:00-14:00,0.25,30,101,626,133,113,379,1,0,21.25,18.05,60.54,0.16,0.00,0,0.775000000000,0.737500000000,0.832500000000,0.737500000000,92,69.17,52,40,300
1H_LOW,12:00-14:00,0.50,5,101,626,117,115,147,247,0,18.69,18.37,23.48,39.46,0.00,0,0.306250000000,0.285000000000,0.430000000000,0.320000000000,6,5.13,6,0,90
1H_LOW,12:00-14:00,0.50,15,101,626,196,193,147,90,0,31.31,30.83,23.48,14.38,0.00,0,0.530000000000,0.522500000000,0.580000000000,0.537000000000,58,29.59,36,22,300
1H_LOW,12:00-14:00,0.50,30,101,626,225,228,147,26,0,35.94,36.42,23.48,4.15,0.00,0,0.775000000000,0.737500000000,0.832500000000,0.737500000000,104,46.22,39,65,420
1H_LOW,12:00-14:00,1.00,5,101,626,48,33,22,523,0,7.67,5.27,3.51,83.55,0.00,0,0.306250000000,0.285000000000,0.430000000000,0.320000000000,0,0.00,0,0,
1H_LOW,12:00-14:00,1.00,15,101,626,163,127,22,314,0,26.04,20.29,3.51,50.16,0.00,0,0.530000000000,0.522500000000,0.580000000000,0.537000000000,27,16.56,21,6,300
1H_LOW,12:00-14:00,1.00,30,101,626,226,197,22,181,0,36.10,31.47,3.51,28.91,0.00,0,0.775000000000,0.737500000000,0.832500000000,0.737500000000,65,28.76,26,39,420
1H_LOW,14:00-15:00,0.25,5,87,315,63,30,193,29,0,20.00,9.52,61.27,9.21,0.00,0,0.310000000000,0.270000000000,0.420000000000,0.290000000000,12,19.05,12,0,120
1H_LOW,14:00-15:00,0.25,15,87,315,80,37,193,5,0,25.40,11.75,61.27,1.59,0.00,0,0.540000000000,0.520000000000,0.630000000000,0.525000000000,42,52.50,27,15,240
1H_LOW,14:00-15:00,0.25,30,87,315,83,39,193,0,0,26.35,12.38,61.27,0.00,0.00,0,0.711700000000,0.640000000000,0.820000000000,0.640000000000,56,67.47,29,27,300
1H_LOW,14:00-15:00,0.50,5,87,315,56,47,76,136,0,17.78,14.92,24.13,43.17,0.00,0,0.310000000000,0.270000000000,0.420000000000,0.290000000000,8,14.29,8,0,120
1H_LOW,14:00-15:00,0.50,15,87,315,100,88,76,51,0,31.75,27.94,24.13,16.19,0.00,0,0.540000000000,0.520000000000,0.630000000000,0.525000000000,30,30.00,22,8,240
1H_LOW,14:00-15:00,0.50,30,87,315,113,96,76,30,0,35.87,30.48,24.13,9.52,0.00,0,0.711700000000,0.640000000000,0.820000000000,0.640000000000,51,45.13,24,27,360
1H_LOW,14:00-15:00,1.00,5,87,315,13,17,27,258,0,4.13,5.40,8.57,81.90,0.00,0,0.310000000000,0.270000000000,0.420000000000,0.290000000000,2,15.38,2,0,150
1H_LOW,14:00-15:00,1.00,15,87,315,60,61,27,167,0,19.05,19.37,8.57,53.02,0.00,0,0.540000000000,0.520000000000,0.630000000000,0.525000000000,9,15.00,4,5,360
1H_LOW,14:00-15:00,1.00,30,87,315,100,87,27,101,0,31.75,27.62,8.57,32.06,0.00,0,0.711700000000,0.640000000000,0.820000000000,0.640000000000,23,23.00,6,17,540
1H_LOW,15:00-close,0.25,5,101,381,73,44,245,19,0,19.16,11.55,64.30,4.99,0.00,55,0.280000000000,0.250000000000,0.420000000000,0.300000000000,23,31.51,23,0,120
1H_LOW,15:00-close,0.25,15,101,381,85,49,245,2,0,22.31,12.86,64.30,0.52,0.00,135,0.420000000000,0.480000000000,0.565000000000,0.490000000000,44,51.76,32,12,120
1H_LOW,15:00-close,0.25,30,101,381,86,49,245,1,0,22.57,12.86,64.30,0.26,0.00,204,0.540000000000,0.600000000000,0.647500000000,0.620000000000,49,56.98,33,16,180
1H_LOW,15:00-close,0.50,5,101,381,66,56,102,139,18,17.32,14.70,26.77,36.48,4.72,55,0.280000000000,0.250000000000,0.420000000000,0.300000000000,5,7.58,5,0,120
1H_LOW,15:00-close,0.50,15,101,381,105,101,103,44,28,27.56,26.51,27.03,11.55,7.35,135,0.420000000000,0.480000000000,0.565000000000,0.490000000000,31,29.52,25,6,180
1H_LOW,15:00-close,0.50,30,101,381,122,116,103,11,29,32.02,30.45,27.03,2.89,7.61,204,0.540000000000,0.600000000000,0.647500000000,0.620000000000,45,36.89,27,18,300
1H_LOW,15:00-close,1.00,5,101,381,24,40,26,255,36,6.30,10.50,6.82,66.93,9.45,55,0.280000000000,0.250000000000,0.420000000000,0.300000000000,1,4.17,1,0,120
1H_LOW,15:00-close,1.00,15,101,381,68,86,26,117,84,17.85,22.57,6.82,30.71,22.05,135,0.420000000000,0.480000000000,0.565000000000,0.490000000000,5,7.35,2,3,360
1H_LOW,15:00-close,1.00,30,101,381,95,112,26,53,95,24.93,29.40,6.82,13.91,24.93,204,0.540000000000,0.600000000000,0.647500000000,0.620000000000,11,11.58,2,9,480
