entry_variant,model,population,cost_per_share_roundtrip,ambiguity_sensitivity,reference_model,reference_mean_r,be_mean_r,be_minus_unmanaged_mean_r,reference_win_rate,be_win_rate,reference_drawdown_r,be_drawdown_r,reference_zero_r_outcomes,be_zero_r_outcomes,eligible_identity_set_equal
IMMEDIATE_CLOSE_BACK_1M,USD025_TARGET_2R_BE1R,NATURAL,0,stop_first,USD025_TARGET_2R,-0.0085291452733313198429477499244941105406221685291452733313198429477499244941105406,-0.0019600120809423135004530353367562669888251283600120809423135004530353367562669888,0.0065691331923890063424947145877378435517970401691331923890063424947145877378435518,0.33192389006342494714587737843551797040169133192389006342494714587737843551797040,0.26608275445484747810329205678042887345212926608275445484747810329205678042887345,136.0000000000,112.1796000000,0,615,True
IMMEDIATE_CLOSE_BACK_1M,USD025_TARGET_2R_BE1R,NATURAL,0,target_first,USD025_TARGET_2R,0.062144367260646330413772274237390516460283902144367260646330413772274237390516460,0.082908607671398369072787677438840229537903956508607671398369072787677438840229538,0.020764240410752038659015403201449713077620054364240410752038659015403201449713078,0.35548172757475083056478405315614617940199335548172757475083056478405315614617940,0.29749320446994865599516762307459981878586529749320446994865599516762307459981879,107.0800000000,86.1796000000,0,584,True
IMMEDIATE_CLOSE_BACK_1M,USD025_TARGET_2R_BE1R,NATURAL,0.01,stop_first,USD025_TARGET_2R,-0.048529145273331319842947749924494110540622168529145273331319842947749924494110541,-0.041960012080942313500453035336756266988825128360012080942313500453035336756266989,0.006569133192389006342494714587737843551797040169133192389006342494714587737843552,0.33192389006342494714587737843551797040169133192389006342494714587737843551797040,0.26608275445484747810329205678042887345212926608275445484747810329205678042887345,189.3600000000,171.4896000000,0,0,True
IMMEDIATE_CLOSE_BACK_1M,USD025_TARGET_2R_BE1R,NATURAL,0.01,target_first,USD025_TARGET_2R,0.022144367260646330413772274237390516460283902144367260646330413772274237390516460,0.042908607671398369072787677438840229537903956508607671398369072787677438840229538,0.020764240410752038659015403201449713077620054364240410752038659015403201449713078,0.35548172757475083056478405315614617940199335548172757475083056478405315614617940,0.29749320446994865599516762307459981878586529749320446994865599516762307459981879,138.4800000000,111.5396000000,0,0,True
IMMEDIATE_CLOSE_BACK_1M,USD025_TARGET_2R_BE1R,NATURAL,0.02,stop_first,USD025_TARGET_2R,-0.088529145273331319842947749924494110540622168529145273331319842947749924494110541,-0.081960012080942313500453035336756266988825128360012080942313500453035336756266989,0.006569133192389006342494714587737843551797040169133192389006342494714587737843552,0.33192389006342494714587737843551797040169133192389006342494714587737843551797040,0.26608275445484747810329205678042887345212926608275445484747810329205678042887345,310.6400000000,290.9296000000,0,0,True
IMMEDIATE_CLOSE_BACK_1M,USD025_TARGET_2R_BE1R,NATURAL,0.02,target_first,USD025_TARGET_2R,-0.017855632739353669586227725762609483539716097855632739353669586227725762609483540,0.0029086076713983690727876774388402295379039565086076713983690727876774388402295379,0.020764240410752038659015403201449713077620054364240410752038659015403201449713078,0.35548172757475083056478405315614617940199335548172757475083056478405315614617940,0.29749320446994865599516762307459981878586529749320446994865599516762307459981879,174.9600000000,140.8996000000,0,0,True
IMMEDIATE_CLOSE_BACK_1M,USD030_TARGET_2R_BE1R,NATURAL,0,stop_first,USD030_TARGET_2R,-0.019007349239907379442263163193395751535286419007349239907379442263163193395751535,0.0066645525017618040873854827343199436222692036645525017618040873854827343199436216,0.025671901741669183529648645927715695157555622671901741669183529648645927715695157,0.32950770160072485653881002718212020537601932950770160072485653881002718212020538,0.26276049531863485351857444880700694654183026276049531863485351857444880700694654,179.78333333333333333333333333333333333333333333333333333333333333333333333333334,105.19600000000000000000000000000000000000000000000000000000000000000000000000000,0,690,True
IMMEDIATE_CLOSE_BACK_1M,USD030_TARGET_2R_BE1R,NATURAL,0,target_first,USD030_TARGET_2R,0.016329407027081445686096848887546561965166616329407027081445686096848887546561958,0.053780227524413570925198832175576361622873250780227524413570925198832175576361613,0.037450820497332125239101983288029799657706634450820497332125239101983288029799655,0.34128662035638779824826336454243430987617034128662035638779824826336454243430988,0.28088190878888553307157958320749018423437028088190878888553307157958320749018423,146.78333333333333333333333333333333333333333333333333333333333333333333333333335,70.63366666666666666666666666666666666666666666666666666666666666666666666666669,0,666,True
IMMEDIATE_CLOSE_BACK_1M,USD030_TARGET_2R_BE1R,NATURAL,0.01,stop_first,USD030_TARGET_2R,-0.052340682573240712775596496526729084868619752340682573240712775596496526729084213,-0.026668780831571529245947850599013389711064129668780831571529245947850599013389445,0.025671901741669183529648645927715695157555622671901741669183529648645927715694768,0.32950770160072485653881002718212020537601932950770160072485653881002718212020538,0.26276049531863485351857444880700694654183026276049531863485351857444880700694654,216.28333333333333333333333333333333333333333333333333333333333333333333333333181,140.46266666666666666666666666666666666666666666666666666666666666666666666666624,0,0,True
IMMEDIATE_CLOSE_BACK_1M,USD030_TARGET_2R_BE1R,NATURAL,0.01,target_first,USD030_TARGET_2R,-0.017003926306251887647236484445786771368166717003926306251887647236484445786771112,0.020446894191080237591865498842243028289539917446894191080237591865498842243029140,0.037450820497332125239101983288029799657706634450820497332125239101983288029800252,0.34128662035638779824826336454243430987617034128662035638779824826336454243430988,0.28088190878888553307157958320749018423437028088190878888553307157958320749018423,177.18333333333333333333333333333333333333333333333333333333333333333333333333308,101.03366666666666666666666666666666666666666666666666666666666666666666666666526,0,0,True
IMMEDIATE_CLOSE_BACK_1M,USD030_TARGET_2R_BE1R,NATURAL,0.02,stop_first,USD030_TARGET_2R,-0.085674015906574046108929829860062418201953085674015906574046108929829860062419384,-0.060002114164904862579281183932346723044397463002114164904862579281183932346723917,0.025671901741669183529648645927715695157555622671901741669183529648645927715695467,0.32950770160072485653881002718212020537601932950770160072485653881002718212020538,0.26276049531863485351857444880700694654183026276049531863485351857444880700694654,311.66666666666666666666666666666666666666666666666666666666666666666666666667049,226.21700000000000000000000000000000000000000000000000000000000000000000000000275,0,0,True
IMMEDIATE_CLOSE_BACK_1M,USD030_TARGET_2R_BE1R,NATURAL,0.02,target_first,USD030_TARGET_2R,-0.050337259639585220980569817779120104701500050337259639585220980569817779120105325,-0.012886439142253095741467834491090305043793415886439142253095741467834491090305275,0.037450820497332125239101983288029799657706634450820497332125239101983288029800050,0.34128662035638779824826336454243430987617034128662035638779824826336454243430988,0.28088190878888553307157958320749018423437028088190878888553307157958320749018423,208.05000000000000000000000000000000000000000000000000000000000000000000000000135,131.43366666666666666666666666666666666666666666666666666666666666666666666666691,0,0,True
IMMEDIATE_CLOSE_BACK_1M,USD040_TARGET_2R_BE1R,NATURAL,0,stop_first,USD040_TARGET_2R,-0.0031828752642706131078224101479915433403805496828752642706131078224101479915433404,0.021768196919359710057384475989127151917849592268196919359710057384475989127151918,0.024951072183630323165206886137118695258230141951072183630323165206886137118695258,0.33766233766233766233766233766233766233766233766233766233766233766233766233766234,0.26578073089700996677740863787375415282392026578073089700996677740863787375415282,196.1885000000,127.8755000000,0,744,True
IMMEDIATE_CLOSE_BACK_1M,USD040_TARGET_2R_BE1R,NATURAL,0,target_first,USD040_TARGET_2R,0.0085960434913923286016309272123225611597704620960434913923286016309272123225611598,0.039285563273935366958622772576260948353971609785563273935366958622772576260948354,0.030689519782543038356991845363938387194201147689519782543038356991845363938387194,0.34158864391422530957414678344910903050437934158864391422530957414678344910903050,0.27272727272727272727272727272727272727272727272727272727272727272727272727272727,186.1885000000,120.3005000000,0,733,True
IMMEDIATE_CLOSE_BACK_1M,USD040_TARGET_2R_BE1R,NATURAL,0.01,stop_first,USD040_TARGET_2R,-0.028182875264270613107822410147991543340380549682875264270613107822410147991543340,-0.0032318030806402899426155240108728480821504077318030806402899426155240108728480822,0.024951072183630323165206886137118695258230141951072183630323165206886137118695258,0.33736031410450015101177891875566294170945333736031410450015101177891875566294171,0.26547870733917245545152521896707943219571126547870733917245545152521896707943220,220.2135000000,151.9255000000,1,1,True
IMMEDIATE_CLOSE_BACK_1M,USD040_TARGET_2R_BE1R,NATURAL,0.01,target_first,USD040_TARGET_2R,-0.016403956508607671398369072787677438840229537903956508607671398369072787677438840,0.014285563273935366958622772576260948353971609785563273935366958622772576260948354,0.030689519782543038356991845363938387194201147689519782543038356991845363938387194,0.34128662035638779824826336454243430987617034128662035638779824826336454243430988,0.27242524916943521594684385382059800664451827242524916943521594684385382059800664,210.0385000000,142.9755000000,1,1,True
IMMEDIATE_CLOSE_BACK_1M,USD040_TARGET_2R_BE1R,NATURAL,0.02,stop_first,USD040_TARGET_2R,-0.053182875264270613107822410147991543340380549682875264270613107822410147991543340,-0.028231803080640289942615524010872848082150407731803080640289942615524010872848082,0.024951072183630323165206886137118695258230141951072183630323165206886137118695258,0.33705829054666263968589549984898822108124433705829054666263968589549984898822108,0.26517668378133494412564180006040471156750226517668378133494412564180006040471157,244.2385000000,175.9755000000,0,0,True
IMMEDIATE_CLOSE_BACK_1M,USD040_TARGET_2R_BE1R,NATURAL,0.02,target_first,USD040_TARGET_2R,-0.041403956508607671398369072787677438840229537903956508607671398369072787677438840,-0.010714436726064633041377227423739051646028390214436726064633041377227423739051646,0.030689519782543038356991845363938387194201147689519782543038356991845363938387194,0.34098459679855028692237994563575958924796134098459679855028692237994563575958925,0.27212322561159770462096043491392328601630927212322561159770462096043491392328602,233.8885000000,165.6505000000,0,0,True
IMMEDIATE_CLOSE_BACK_1M,ATR050_TARGET_2R_BE1R,NATURAL,0,stop_first,ATR050_TARGET_2R,-0.017577158495606472858499234641380201789124317051764633736069891926625026729029984,-0.0028670052521716968101370846876804420043622384550905288769474247447932671387148875,0.014710153243434776048362149953699759784762078596674104859122467181831759590315096,0.32882686436982119494112516354121238552115133013519406890536415176624509376362843,0.24814653292629742695159180113388573920627998255560401221107719145224596598342782,125.39258811739630401967797528685748687438278692832560046253018835152284814889718,89.730650190214228487040419936763050256842678094637988509226488585809497157542324,0,575,True
IMMEDIATE_CLOSE_BACK_1M,ATR050_TARGET_2R_BE1R,NATURAL,0,target_first,ATR050_TARGET_2R,-0.016268828796522303647858153088828958875910187091014524708594968245857473305567272,0.0045468630426385953834957107767766011705178313224934222787438094462228689275738173,0.020815691839160899031353863865605560046428018413507946987338777692080342233141089,0.32926297426951591801133885739206279982555604012211077191452245965983427823811601,0.25163541212385521151330135194068905364151766245093763628434365460095944177932839,125.39258811739630401967797528685748687438278692832560046253018835152284814889718,89.730650190214228487040419936763050256842678094637988509226488585809497157542324,0,568,True
IMMEDIATE_CLOSE_BACK_1M,ATR050_TARGET_2R_BE1R,NATURAL,0.01,stop_first,ATR050_TARGET_2R,-0.045000948977069586923011300929084578812142708632311318362888219995349731955513284,-0.030290795733634810874649150975384819027380630035637213503765752813517972365198210,0.014710153243434776048362149953699759784762078596674104859122467181831759590315074,0.32882686436982119494112516354121238552115133013519406890536415176624509376362843,0.24814653292629742695159180113388573920627998255560401221107719145224596598342782,147.17153549130355639098184270100672297637134646179839066798275124766487467821481,106.88637794314099743958789105642865206782517401908999451511439730595115796487196,0,0,True
IMMEDIATE_CLOSE_BACK_1M,ATR050_TARGET_2R_BE1R,NATURAL,0.01,target_first,ATR050_TARGET_2R,-0.043692619277985417712370219376533335898928578671561209335413296314582178532050576,-0.022876927438824518681016355510927775852500560258053262348074518622501836298909498,0.020815691839160899031353863865605560046428018413507946987338777692080342233141078,0.32926297426951591801133885739206279982555604012211077191452245965983427823811601,0.25163541212385521151330135194068905364151766245093763628434365460095944177932839,147.17153549130355639098184270100672297637134646179839066798275124766487467821481,106.82648554005719402546849793302368620810130092083252834518288955773198331019955,0,0,True
IMMEDIATE_CLOSE_BACK_1M,ATR050_TARGET_2R_BE1R,NATURAL,0.02,stop_first,ATR050_TARGET_2R,-0.072424739458532700987523367216788955835161100212858002989706548064074437181996572,-0.057714586215097924939161217263089196050399021616183898130584080882242677591681509,0.014710153243434776048362149953699759784762078596674104859122467181831759590315063,0.32882686436982119494112516354121238552115133013519406890536415176624509376362843,0.24814653292629742695159180113388573920627998255560401221107719145224596598342782,185.41199995427597280452018209301405732607040313341437406608347794252118030154530,150.29152147850535670074602371244513766457972985756007422623652774752583351467365,0,0,True
IMMEDIATE_CLOSE_BACK_1M,ATR050_TARGET_2R_BE1R,NATURAL,0.02,target_first,ATR050_TARGET_2R,-0.071116409759448531776882285664237712921946970252107893962231624383306883758533860,-0.050300717920287632745528421798632152875518951838599946974892846691226541525392800,0.020815691839160899031353863865605560046428018413507946987338777692080342233141060,0.32926297426951591801133885739206279982555604012211077191452245965983427823811601,0.25163541212385521151330135194068905364151766245093763628434365460095944177932839,185.41199995427597280452018209301405732607040313341437406608347794252118030154530,133.29152147850535670074602371244513766457972985756007422623652774752583351467364,0,0,True
MOMENTUM_AWAY_025,USD025_TARGET_2R_BE1R,NATURAL,0,stop_first,USD025_TARGET_2R,-0.059349136786188579017264276228419654714475431606905710491367861885790172642762284,-0.076969588313413014608233731739707835325365205843293492695883134130146082337317397,-0.017620451527224435590969455511288180610889774236387782204515272244355909694555113,0.31440903054448871181938911022576361221779548472775564409030544488711819389110226,0.24136786188579017264276228419654714475431606905710491367861885790172642762284197,377.1992000000,480.8844000000,0,1057,True
MOMENTUM_AWAY_025,USD025_TARGET_2R_BE1R,NATURAL,0,target_first,USD025_TARGET_2R,0.0078819389110225763612217795484727755644090305444887118193891102257636122177954847,0.0078577689243027888446215139442231075697211155378486055776892430278884462151394422,-0.0000241699867197875166002656042496679946879150066401062416998671978751660026560425,0.33681938911022576361221779548472775564409030544488711819389110225763612217795485,0.27390438247011952191235059760956175298804780876494023904382470119521912350597610,201.9592000000,173.2624000000,0,980,True
MOMENTUM_AWAY_025,USD025_TARGET_2R_BE1R,NATURAL,0.01,stop_first,USD025_TARGET_2R,-0.099349136786188579017264276228419654714475431606905710491367861885790172642762284,-0.11696958831341301460823373173970783532536520584329349269588313413014608233731740,-0.017620451527224435590969455511288180610889774236387782204515272244355909694555116,0.31440903054448871181938911022576361221779548472775564409030544488711819389110226,0.24136786188579017264276228419654714475431606905710491367861885790172642762284197,612.9592000000,713.8248000000,0,0,True
MOMENTUM_AWAY_025,USD025_TARGET_2R_BE1R,NATURAL,0.01,target_first,USD025_TARGET_2R,-0.032118061088977423638778220451527224435590969455511288180610889774236387782204515,-0.032142231075697211155378486055776892430278884462151394422310756972111553784860558,-0.000024169986719787516600265604249667994687915006640106241699867197875166002656043,0.33681938911022576361221779548472775564409030544488711819389110225763612217795485,0.27390438247011952191235059760956175298804780876494023904382470119521912350597610,256.6392000000,234.2828000000,0,0,True
MOMENTUM_AWAY_025,USD025_TARGET_2R_BE1R,NATURAL,0.02,stop_first,USD025_TARGET_2R,-0.13934913678618857901726427622841965471447543160690571049136786188579017264276228,-0.15696958831341301460823373173970783532536520584329349269588313413014608233731740,-0.01762045152722443559096945551128818061088977423638778220451527224435590969455512,0.31440903054448871181938911022576361221779548472775564409030544488711819389110226,0.24136786188579017264276228419654714475431606905710491367861885790172642762284197,848.7192000000,952.6648000000,0,0,True
MOMENTUM_AWAY_025,USD025_TARGET_2R_BE1R,NATURAL,0.02,target_first,USD025_TARGET_2R,-0.072118061088977423638778220451527224435590969455511288180610889774236387782204515,-0.072142231075697211155378486055776892430278884462151394422310756972111553784860558,-0.000024169986719787516600265604249667994687915006640106241699867197875166002656043,0.33681938911022576361221779548472775564409030544488711819389110225763612217795485,0.27390438247011952191235059760956175298804780876494023904382470119521912350597610,443.7192000000,443.6648000000,0,0,True
MOMENTUM_AWAY_025,USD030_TARGET_2R_BE1R,NATURAL,0,stop_first,USD030_TARGET_2R,-0.044823483842408145196989818503762726870296591412129260734838424081451969898185038,-0.058135292164674634794156706507304116865869853917662682602921646746347941567065065,-0.013311808322266489597166888003541389995573262505533421868083222664895971668880027,0.32005312084993359893758300132802124833997343957503320053120849933598937583001328,0.24352589641434262948207171314741035856573705179282868525896414342629482071713147,366.58333333333333333333333333333333333333333333333333333333333333333333333333333,432.42366666666666666666666666666666666666666666666666666666666666666666666666662,0,1163,True
MOMENTUM_AWAY_025,USD030_TARGET_2R_BE1R,NATURAL,0,target_first,USD030_TARGET_2R,-0.0064768702965914121292607348384240814519698981850376272687029659141212926073483848,-0.012484561752988047808764940239043824701195219123505976095617529880478087649402386,-0.0060076914563966356795042054006197432492253209384683488269145639663567950420540012,0.33283532536520584329349269588313413014608233731739707835325365205843293492695883,0.26095617529880478087649402390438247011952191235059760956175298804780876494023904,296.58333333333333333333333333333333333333333333333333333333333333333333333333333,259.10199999999999999999999999999999999999999999999999999999999999999999999999998,0,1123,True
MOMENTUM_AWAY_025,USD030_TARGET_2R_BE1R,NATURAL,0.01,stop_first,USD030_TARGET_2R,-0.078156817175741478530323151837096060203629924745462594068171757414785303231516610,-0.091468625498007968127490039840637450199203187250996015936254980079681274900396062,-0.013311808322266489597166888003541389995573262505533421868083222664895971668879452,0.32005312084993359893758300132802124833997343957503320053120849933598937583001328,0.24352589641434262948207171314741035856573705179282868525896414342629482071713147,486.18333333333333333333333333333333333333333333333333333333333333333333333332311,586.82366666666666666666666666666666666666666666666666666666666666666666666665454,0,0,True
MOMENTUM_AWAY_025,USD030_TARGET_2R_BE1R,NATURAL,0.01,target_first,USD030_TARGET_2R,-0.039810203629924745462594068171757414785303231518370960602036299247454625940680793,-0.045817895086321381142098273572377158034528552456839309428950863213811420982734703,-0.006007691456396635679504205400619743249225320938468348826914563966356795042053910,0.33283532536520584329349269588313413014608233731739707835325365205843293492695883,0.26095617529880478087649402390438247011952191235059760956175298804780876494023904,344.61666666666666666666666666666666666666666666666666666666666666666666666666425,358.65699999999999999999999999999999999999999999999999999999999999999999999999608,0,0,True
MOMENTUM_AWAY_025,USD030_TARGET_2R_BE1R,NATURAL,0.02,stop_first,USD030_TARGET_2R,-0.11149015050907481186365648517042939353696325807879592740150509074811863656485450,-0.12480195883134130146082337317397078353253652058432934926958831341301460823373444,-0.01331180832226648959716688800354138999557326250553342186808322266489597166887994,0.32005312084993359893758300132802124833997343957503320053120849933598937583001328,0.24352589641434262948207171314741035856573705179282868525896414342629482071713147,683.35000000000000000000000000000000000000000000000000000000000000000000000001675,763.67366666666666666666666666666666666666666666666666666666666666666666666668278,0,0,True
MOMENTUM_AWAY_025,USD030_TARGET_2R_BE1R,NATURAL,0.02,target_first,USD030_TARGET_2R,-0.073143536963258078795927401505090748118636564851704293935369632580787959274017042,-0.079151228419654714475431606905710491367861885790172642762284196547144754316071305,-0.006007691456396635679504205400619743249225320938468348826914563966356795042054263,0.33283532536520584329349269588313413014608233731739707835325365205843293492695883,0.26095617529880478087649402390438247011952191235059760956175298804780876494023904,452.35000000000000000000000000000000000000000000000000000000000000000000000001188,499.89033333333333333333333333333333333333333333333333333333333333333333333334485,0,0,True
MOMENTUM_AWAY_025,USD040_TARGET_2R_BE1R,NATURAL,0,stop_first,USD040_TARGET_2R,-0.039321298140770252324037184594953519256308100929614873837981407702523240371845950,-0.039362051792828685258964143426294820717131474103585657370517928286852589641434263,-0.000040753652058432934926958831341301460823373173970783532536520584329349269588313,0.32420318725099601593625498007968127490039840637450199203187250996015936254980080,0.24236387782204515272244355909694555112881806108897742363877822045152722443559097,443.0275000000,369.8400000000,1,1342,True
MOMENTUM_AWAY_025,USD040_TARGET_2R_BE1R,NATURAL,0,target_first,USD040_TARGET_2R,-0.032847194555112881806108897742363877822045152722443559096945551128818061088977424,-0.023923804780876494023904382470119521912350597609561752988047808764940239043824701,0.008923389774236387782204515272244355909694555112881806108897742363877822045152723,0.32636122177954847277556440903054448871181938911022576361221779548472775564409031,0.24916998671978751660026560424966799468791500664010624169986719787516600265604250,441.0275000000,359.8400000000,1,1312,True
MOMENTUM_AWAY_025,USD040_TARGET_2R_BE1R,NATURAL,0.01,stop_first,USD040_TARGET_2R,-0.064321298140770252324037184594953519256308100929614873837981407702523240371845950,-0.064362051792828685258964143426294820717131474103585657370517928286852589641434263,-0.000040753652058432934926958831341301460823373173970783532536520584329349269588313,0.32403718459495351925630810092961487383798140770252324037184594953519256308100930,0.24219787516600265604249667994687915006640106241699867197875166002656042496679947,500.0525000000,445.7920000000,1,1,True
MOMENTUM_AWAY_025,USD040_TARGET_2R_BE1R,NATURAL,0.01,target_first,USD040_TARGET_2R,-0.057847194555112881806108897742363877822045152722443559096945551128818061088977424,-0.048923804780876494023904382470119521912350597609561752988047808764940239043824701,0.008923389774236387782204515272244355909694555112881806108897742363877822045152723,0.32619521912350597609561752988047808764940239043824701195219123505976095617529880,0.24900398406374501992031872509960159362549800796812749003984063745019920318725100,488.5525000000,398.7920000000,1,1,True
MOMENTUM_AWAY_025,USD040_TARGET_2R_BE1R,NATURAL,0.02,stop_first,USD040_TARGET_2R,-0.089321298140770252324037184594953519256308100929614873837981407702523240371845950,-0.089362051792828685258964143426294820717131474103585657370517928286852589641434263,-0.000040753652058432934926958831341301460823373173970783532536520584329349269588313,0.32370517928286852589641434262948207171314741035856573705179282868525896414342629,0.24219787516600265604249667994687915006640106241699867197875166002656042496679947,566.4715000000,566.1420000000,1,0,True
MOMENTUM_AWAY_025,USD040_TARGET_2R_BE1R,NATURAL,0.02,target_first,USD040_TARGET_2R,-0.082847194555112881806108897742363877822045152722443559096945551128818061088977424,-0.073923804780876494023904382470119521912350597609561752988047808764940239043824701,0.008923389774236387782204515272244355909694555112881806108897742363877822045152723,0.32586321381142098273572377158034528552456839309428950863213811420982735723771580,0.24900398406374501992031872509960159362549800796812749003984063745019920318725100,542.0775000000,502.6920000000,1,0,True
MOMENTUM_AWAY_025,ATR050_TARGET_2R_BE1R,NATURAL,0,stop_first,ATR050_TARGET_2R,-0.022649156806639127589340225196513374562518876011707858165323689146950849610615539,-0.016829633353597424931471455135256778103822540625798878267318321269090892254077109,0.005819523453041702657868770061256596458696335385908979898005367877859957356538430,0.32606060606060606060606060606060606060606060606060606060606060606060606060606061,0.24436363636363636363636363636363636363636363636363636363636363636363636363636364,237.34570673138947972005067929964714543110379083525265218415057608460690002108265,191.29053961454364100429296181099603241664058105633920290616568017631614183814162,0,1015,True
MOMENTUM_AWAY_025,ATR050_TARGET_2R_BE1R,NATURAL,0,target_first,ATR050_TARGET_2R,-0.015376429533911854862067497923786101835246148738980585438050961874223576883342813,-0.0090720575960216673557138793776810205280649648682231206915607455115151346783195314,0.0063043719378901875063536185461050813071811838707574647464902163627084422050232816,0.32848484848484848484848484848484848484848484848484848484848484848484848484848485,0.24751515151515151515151515151515151515151515151515151515151515151515151515151515,237.34570673138947972005067929964714543110379083525265218415057608460690002108265,189.29053961454364100429296181099603241664058105633920290616568017631614183814162,0,1008,True
MOMENTUM_AWAY_025,ATR050_TARGET_2R_BE1R,NATURAL,0.01,stop_first,ATR050_TARGET_2R,-0.048427210721192951494711210303490579530722670245271677223693582946803891053693452,-0.042607687268151248836842440242233983072026334859362697325688215068943933697155004,0.005819523453041702657868770061256596458696335385908979898005367877859957356538448,0.32606060606060606060606060606060606060606060606060606060606060606060606060606061,0.24436363636363636363636363636363636363636363636363636363636363636363636363636364,266.58571151540864543952815033068568206322171283933356564030881484463006665255018,224.12046922757847612211941014576268504555201626593828677289323770799496586045309,0,0,True
MOMENTUM_AWAY_025,ATR050_TARGET_2R_BE1R,NATURAL,0.01,target_first,ATR050_TARGET_2R,-0.041154483448465678767438483030763306803449942972544404496420855674076618326420725,-0.034850111510575491261084864484658225496268759101786939749930639311368176121397423,0.006304371937890187506353618546105081307181183870757464746490216362708442205023302,0.32848484848484848484848484848484848484848484848484848484848484848484848484848485,0.24751515151515151515151515151515151515151515151515151515151515151515151515151515,265.14598867361135148637196551866767573164054613182034709656414133171535253965721,219.12046922757847612211941014576268504555201626593828677289323770799496586045307,0,0,True
MOMENTUM_AWAY_025,ATR050_TARGET_2R_BE1R,NATURAL,0.02,stop_first,ATR050_TARGET_2R,-0.074205264635746775400082195410467784498926464478835496282063476746656932496771382,-0.068385741182705072742213425349211188040230129092926516384058108868796975140232924,0.005819523453041702657868770061256596458696335385908979898005367877859957356538458,0.32606060606060606060606060606060606060606060606060606060606060606060606060606061,0.24436363636363636363636363636363636363636363636363636363636363636363636363636364,320.60855844243800885117543626397098715737982089007750107006725319059219088217239,286.04750870961269847322092460880931959371423222436154313640061638914533939470625,0,0,True
MOMENTUM_AWAY_025,ATR050_TARGET_2R_BE1R,NATURAL,0.02,target_first,ATR050_TARGET_2R,-0.066932537363019502672809468137740511771653737206108223554790749473929659769498669,-0.060628165425129315166455849591635430464472553335350758808300533111221217564475353,0.006304371937890187506353618546105081307181183870757464746490216362708442205023316,0.32848484848484848484848484848484848484848484848484848484848484848484848484848485,0.24751515151515151515151515151515151515151515151515151515151515151515151515151515,293.42911916377322543654130124788320960560207764408309138730460515762048282777177,263.74899843280333095640625264943133220040218813174485453388657901563153716862751,0,0,True
