entry_variant,model,population,cost_per_share_roundtrip,ambiguity_sensitivity,atr_reference_model,comparison,paired_mean_r_difference,left_eligible_entries,right_eligible_entries,left_missing_partner,right_missing_partner,common_eligible_identities,common_usable_identities,common_unavailable_attrition,left_common_atr_unavailable,right_common_atr_unavailable,common_contributing_sessions,bootstrap_draws,bootstrap_seed,bootstrap_valid_draws,bootstrap_null_draws,mean_r_ci_low,mean_r_ci_high,bootstrap_probability_mean_above_zero,bootstrap_status,bootstrap_unit
IMMEDIATE_CLOSE_BACK_1M,USD025_TARGET_1R,COMMON_AVAILABLE_ATR_IDENTITIES,0,stop_first,ATR050_TARGET_1R,FIXED_MINUS_ATR,-0.025655403236625777609837810513275904642720607361896414261670662512897526168499712,2293,2293,0,0,2293,2293,0,0,0,164,10000,20260908,10000,0,-0.067738254079000853112126765490332749515972474637438346086077376195536592197634701,0.019902063634571468911441445140943137312905209246205421200377700249413631535916165,0.1292,AVAILABLE,WHOLE_SESSION
IMMEDIATE_CLOSE_BACK_1M,USD025_TARGET_1R,COMMON_AVAILABLE_ATR_IDENTITIES,0,target_first,ATR050_TARGET_1R,FIXED_MINUS_ATR,0.048483279711477144326490144131294527106080090413943097295241679397263834494387331,2293,2293,0,0,2293,2293,0,0,0,164,10000,20260908,10000,0,0.0040153457064625849570916461504340851328643415157605262511175948313608177264266517,0.093607918128769362797715192906962336760723915699018570240747220378577088310669273,0.9835,AVAILABLE,WHOLE_SESSION
IMMEDIATE_CLOSE_BACK_1M,USD025_TARGET_1R,COMMON_AVAILABLE_ATR_IDENTITIES,0.01,stop_first,ATR050_TARGET_1R,FIXED_MINUS_ATR,-0.038231612755162663545325744225571527619702215781349729634852334444172820942016388,2293,2293,0,0,2293,2293,0,0,0,164,10000,20260908,10000,0,-0.080811944452691013233178768679263207565079793119251677083430834850704520328243581,0.0082344087657732199985704081780261396207017702199612736562426114900775538970447681,0.0537,AVAILABLE,WHOLE_SESSION
IMMEDIATE_CLOSE_BACK_1M,USD025_TARGET_1R,COMMON_AVAILABLE_ATR_IDENTITIES,0.01,target_first,ATR050_TARGET_1R,FIXED_MINUS_ATR,0.035907070192940258391002210418998904129098481994489781922060007465988539720870664,2293,2293,0,0,2293,2293,0,0,0,164,10000,20260908,10000,0,-0.0086688836785733300094903144954687461538199259227095883878034495400790276032642803,0.080655929637329842977842372119863179070673175912893461612038229603924986922536372,0.9417,AVAILABLE,WHOLE_SESSION
IMMEDIATE_CLOSE_BACK_1M,USD025_TARGET_1R,COMMON_AVAILABLE_ATR_IDENTITIES,0.02,stop_first,ATR050_TARGET_1R,FIXED_MINUS_ATR,-0.050807822273699549480813677937867150596683824200803045008034006375448115715533048,2293,2293,0,0,2293,2293,0,0,0,164,10000,20260908,10000,0,-0.093858978542407941783709099761146299828309774407624209874170694604599856083559304,-0.0033990597061438581607687279738823803303692525613129533117740643074006719626912670,0.0171,AVAILABLE,WHOLE_SESSION
IMMEDIATE_CLOSE_BACK_1M,USD025_TARGET_1R,COMMON_AVAILABLE_ATR_IDENTITIES,0.02,target_first,ATR050_TARGET_1R,FIXED_MINUS_ATR,0.023330860674403372455514276706703281152116873575036466548878335534713244947353983,2293,2293,0,0,2293,2293,0,0,0,164,10000,20260908,10000,0,-0.021046658590746656985448319399446908329603787462289370152140615137649530578836462,0.068045001747266358902421553306871409065991261236046959273534728026346508746773182,0.8408,AVAILABLE,WHOLE_SESSION
IMMEDIATE_CLOSE_BACK_1M,USD030_TARGET_1R,COMMON_AVAILABLE_ATR_IDENTITIES,0,stop_first,ATR050_TARGET_1R,FIXED_MINUS_ATR,-0.0046087394773584422413249452712349103121493033932963270396907235682834834297295421,2293,2293,0,0,2293,2293,0,0,0,164,10000,20260908,10000,0,-0.047369679275968687591378091331875838791880241521410054413550257727103141623918707,0.040313138932702424957963062685119117898198503324645993595430416986724581299286401,0.4138,AVAILABLE,WHOLE_SESSION
IMMEDIATE_CLOSE_BACK_1M,USD030_TARGET_1R,COMMON_AVAILABLE_ATR_IDENTITIES,0,target_first,ATR050_TARGET_1R,FIXED_MINUS_ATR,0.031152272297608849516197950498499062649036915533873319711290523706029643478251270,2293,2293,0,0,2293,2293,0,0,0,164,10000,20260908,10000,0,-0.011122551689503004399746578309219635179340046583737498628693597673776749061388148,0.073683846335447822676875078122706488574474553989696011846490910632882052522102292,0.9281,AVAILABLE,WHOLE_SESSION
IMMEDIATE_CLOSE_BACK_1M,USD030_TARGET_1R,COMMON_AVAILABLE_ATR_IDENTITIES,0.01,stop_first,ATR050_TARGET_1R,FIXED_MINUS_ATR,-0.010518282329228661510146212316863866622464245146082975746205728832892111536579530,2293,2293,0,0,2293,2293,0,0,0,164,10000,20260908,10000,0,-0.053829468400963962383499807554009048312034706005796480327002471257965575820848368,0.035021759594222317059188547864685276211805348255046375452639382713825239403131187,0.3222,AVAILABLE,WHOLE_SESSION
IMMEDIATE_CLOSE_BACK_1M,USD030_TARGET_1R,COMMON_AVAILABLE_ATR_IDENTITIES,0.01,target_first,ATR050_TARGET_1R,FIXED_MINUS_ATR,0.025242729445738630247376683452870106338721973781086671004775518441421015371401273,2293,2293,0,0,2293,2293,0,0,0,164,10000,20260908,10000,0,-0.017164651199142028014058395875250415867012601267845708517987881188570661983048854,0.068513914151594967145836574399315618174362738462021669252649291839939432224328009,0.8786,AVAILABLE,WHOLE_SESSION
IMMEDIATE_CLOSE_BACK_1M,USD030_TARGET_1R,COMMON_AVAILABLE_ATR_IDENTITIES,0.02,stop_first,ATR050_TARGET_1R,FIXED_MINUS_ATR,-0.016427825181098880778967479362492822932779186898869624452720734097500739643429583,2293,2293,0,0,2293,2293,0,0,0,164,10000,20260908,10000,0,-0.060414749464106469133965178462571040826617030235519244219365229457886258425252393,0.029576436431433055875364198944863656866487574523522104614769358039452356668043756,0.2404,AVAILABLE,WHOLE_SESSION
IMMEDIATE_CLOSE_BACK_1M,USD030_TARGET_1R,COMMON_AVAILABLE_ATR_IDENTITIES,0.02,target_first,ATR050_TARGET_1R,FIXED_MINUS_ATR,0.019333186593868410978555416407241150028407032028300022298260513176812387264551232,2293,2293,0,0,2293,2293,0,0,0,164,10000,20260908,10000,0,-0.023237240805200814461373772024123870219329413065660868570450701495320591797790468,0.063143451944100684831637146633477478338454586834492177290443525000568114355630835,0.8104,AVAILABLE,WHOLE_SESSION
IMMEDIATE_CLOSE_BACK_1M,USD040_TARGET_1R,COMMON_AVAILABLE_ATR_IDENTITIES,0,stop_first,ATR050_TARGET_1R,FIXED_MINUS_ATR,0.013026454591546921910441299822528718122216156702647850893148351878729163757361605,2293,2293,0,0,2293,2293,0,0,0,164,10000,20260908,10000,0,-0.025273928438110648877263572067066211642982717534447067870440049650088938259671216,0.051334117371141189875557375569484825773911066106502627081184073783017101793867741,0.7464,AVAILABLE,WHOLE_SESSION
IMMEDIATE_CLOSE_BACK_1M,USD040_TARGET_1R,COMMON_AVAILABLE_ATR_IDENTITIES,0,target_first,ATR050_TARGET_1R,FIXED_MINUS_ATR,0.021748652585441383314715176839537004210310356440981911076314509750512853247113022,2293,2293,0,0,2293,2293,0,0,0,164,10000,20260908,10000,0,-0.015530759330312775461664822125568722381905605429123131928877944919737330869155587,0.059634089953995373401277018512384719969798200192533533204346911827571514877464078,0.8714,AVAILABLE,WHOLE_SESSION
IMMEDIATE_CLOSE_BACK_1M,USD040_TARGET_1R,COMMON_AVAILABLE_ATR_IDENTITIES,0.01,stop_first,ATR050_TARGET_1R,FIXED_MINUS_ATR,0.015450245073010035974953366110233095145234548283194535519966679947453868983844932,2293,2293,0,0,2293,2293,0,0,0,164,10000,20260908,10000,0,-0.022957617839842044916265176834533754070264563155071694078121131089926078074854506,0.054313237598800129307785991169703845898609822854002983959936102247106214711943077,0.7813,AVAILABLE,WHOLE_SESSION
IMMEDIATE_CLOSE_BACK_1M,USD040_TARGET_1R,COMMON_AVAILABLE_ATR_IDENTITIES,0.01,target_first,ATR050_TARGET_1R,FIXED_MINUS_ATR,0.024172443066904497379227243127241381233328748021528595703132837819237558473596349,2293,2293,0,0,2293,2293,0,0,0,164,10000,20260908,10000,0,-0.013256388451588803774760540009053450126532338378509523821725405333305686014540571,0.062437885691907540366302290404918144561778795900286397735076168524742879242944524,0.8961,AVAILABLE,WHOLE_SESSION
IMMEDIATE_CLOSE_BACK_1M,USD040_TARGET_1R,COMMON_AVAILABLE_ATR_IDENTITIES,0.02,stop_first,ATR050_TARGET_1R,FIXED_MINUS_ATR,0.017874035554473150039465432397937472168252939863741220146785008016178574210328255,2293,2293,0,0,2293,2293,0,0,0,164,10000,20260908,10000,0,-0.021052377074303858100904342587792562562928001930066537331444783849335104689351373,0.057521078271408765711087720735411126581671328100457971879010539976697643111327709,0.813,AVAILABLE,WHOLE_SESSION
IMMEDIATE_CLOSE_BACK_1M,USD040_TARGET_1R,COMMON_AVAILABLE_ATR_IDENTITIES,0.02,target_first,ATR050_TARGET_1R,FIXED_MINUS_ATR,0.026596233548367611443739309414945758256347139602075280329951165887962263700079672,2293,2293,0,0,2293,2293,0,0,0,164,10000,20260908,10000,0,-0.011069883693019889846887445451865138980443024243274070075664647001474364478116960,0.065486563604164560459801438036206125166850684022335515294716268445949744108683505,0.9158,AVAILABLE,WHOLE_SESSION
IMMEDIATE_CLOSE_BACK_1M,USD025_TARGET_1.5R,COMMON_AVAILABLE_ATR_IDENTITIES,0,stop_first,ATR050_TARGET_1.5R,FIXED_MINUS_ATR,-0.0040452523297353871580849739315455806156165688346075068610646252033791651552143157,2293,2293,0,0,2293,2293,0,0,0,164,10000,20260908,10000,0,-0.057011417082615614746940364189095736134056232699335248571863377919538547189841132,0.049968372859436418642726547846524780149256704435943545451334682843696689700234313,0.4356,AVAILABLE,WHOLE_SESSION
IMMEDIATE_CLOSE_BACK_1M,USD025_TARGET_1.5R,COMMON_AVAILABLE_ATR_IDENTITIES,0,target_first,ATR050_TARGET_1.5R,FIXED_MINUS_ATR,0.058100408376762650347366399814638457762054604301022671943994249633079622459264536,2293,2293,0,0,2293,2293,0,0,0,164,10000,20260908,10000,0,-0.0030622454996073253755822727665314286460556995290266135354794196097249566895283327,0.11955947564915439350270544671997807043867351030972853241359877690479379311472356,0.969,AVAILABLE,WHOLE_SESSION
IMMEDIATE_CLOSE_BACK_1M,USD025_TARGET_1.5R,COMMON_AVAILABLE_ATR_IDENTITIES,0.01,stop_first,ATR050_TARGET_1.5R,FIXED_MINUS_ATR,-0.016621461848272273093572907643841203592598177254060822234246297134654459928730986,2293,2293,0,0,2293,2293,0,0,0,164,10000,20260908,10000,0,-0.069692363359394190513502358500613062176241029022614239660643348065206227046050751,0.037214109344297357841476955078598944321778822270854840586648969968478374117038346,0.2709,AVAILABLE,WHOLE_SESSION
IMMEDIATE_CLOSE_BACK_1M,USD025_TARGET_1.5R,COMMON_AVAILABLE_ATR_IDENTITIES,0.01,target_first,ATR050_TARGET_1.5R,FIXED_MINUS_ATR,0.045524198858225764411878466102342834785072995881569356570812577701804327685747841,2293,2293,0,0,2293,2293,0,0,0,164,10000,20260908,10000,0,-0.015029416495409933030264622008850217453613430689682565775078697706007588135953218,0.10683024287584202391196932442158971992856042833363454210093248598067522238818346,0.9256,AVAILABLE,WHOLE_SESSION
IMMEDIATE_CLOSE_BACK_1M,USD025_TARGET_1.5R,COMMON_AVAILABLE_ATR_IDENTITIES,0.02,stop_first,ATR050_TARGET_1.5R,FIXED_MINUS_ATR,-0.029197671366809159029060841356136826569579785673514137607427969065929754702247664,2293,2293,0,0,2293,2293,0,0,0,164,10000,20260908,10000,0,-0.082683612705912733024362594399800393901641725858032489342724951417867734347264109,0.024633983297482621183750363242866376296804547911348205713588204839760514868915491,0.1461,AVAILABLE,WHOLE_SESSION
IMMEDIATE_CLOSE_BACK_1M,USD025_TARGET_1.5R,COMMON_AVAILABLE_ATR_IDENTITIES,0.02,target_first,ATR050_TARGET_1.5R,FIXED_MINUS_ATR,0.032947989339688878476390532390047211808091387462116041197630905770529032912231186,2293,2293,0,0,2293,2293,0,0,0,164,10000,20260908,10000,0,-0.027192947193594857635051241699067566706696785465628723547496838105756165000571734,0.093965429958110205662813729228058215047634088752569686113609321993197245453645565,0.8555,AVAILABLE,WHOLE_SESSION
IMMEDIATE_CLOSE_BACK_1M,USD030_TARGET_1.5R,COMMON_AVAILABLE_ATR_IDENTITIES,0,stop_first,ATR050_TARGET_1.5R,FIXED_MINUS_ATR,-0.0093716079046736049222948881632653073200794268081501729462514256104150715369558482,2293,2293,0,0,2293,2293,0,0,0,164,10000,20260908,10000,0,-0.066251329463522224292811863273974076170217198776597996256081045396218782207591266,0.046645689191235160029098746976692236031303969113218785696314771665580070115136666,0.3648,AVAILABLE,WHOLE_SESSION
IMMEDIATE_CLOSE_BACK_1M,USD030_TARGET_1.5R,COMMON_AVAILABLE_ATR_IDENTITIES,0,target_first,ATR050_TARGET_1.5R,FIXED_MINUS_ATR,0.020065810324720202317129446769137658227238497308727280171934357206854880490955185,2293,2293,0,0,2293,2293,0,0,0,164,10000,20260908,10000,0,-0.043787164555202574422228111757215749219357533590792086232200006260427306317753976,0.084003917585373653492311370234174267878932062369969710569278086615491236372304216,0.7277,AVAILABLE,WHOLE_SESSION
IMMEDIATE_CLOSE_BACK_1M,USD030_TARGET_1.5R,COMMON_AVAILABLE_ATR_IDENTITIES,0.01,stop_first,ATR050_TARGET_1.5R,FIXED_MINUS_ATR,-0.015281150756543824191116155208894263630394368560936821652766430875023699643805820,2293,2293,0,0,2293,2293,0,0,0,164,10000,20260908,10000,0,-0.072000023070854906326929964037193272866992240796387783058796956004852859883771896,0.040492365363350516359632289624218555368068756814773681681780807139301565035821910,0.2892,AVAILABLE,WHOLE_SESSION
IMMEDIATE_CLOSE_BACK_1M,USD030_TARGET_1.5R,COMMON_AVAILABLE_ATR_IDENTITIES,0.01,target_first,ATR050_TARGET_1.5R,FIXED_MINUS_ATR,0.014156267472849983048308179723508701916923555555940631465419351942246252384105208,2293,2293,0,0,2293,2293,0,0,0,164,10000,20260908,10000,0,-0.048816807404817930022755306145370477751747515191642036449207840574709305109945118,0.077420950006567203060956581569632291040799043255567704361567030637592205423096553,0.6623,AVAILABLE,WHOLE_SESSION
IMMEDIATE_CLOSE_BACK_1M,USD030_TARGET_1.5R,COMMON_AVAILABLE_ATR_IDENTITIES,0.02,stop_first,ATR050_TARGET_1.5R,FIXED_MINUS_ATR,-0.021190693608414043459937422254523219940709310313723470359281436139632327750655905,2293,2293,0,0,2293,2293,0,0,0,164,10000,20260908,10000,0,-0.077605430372835442203877894247103578776963999066227862764446761931962720373430220,0.034457357161288925729676678734704328684533401126820368239715232239937794748858074,0.2203,AVAILABLE,WHOLE_SESSION
IMMEDIATE_CLOSE_BACK_1M,USD030_TARGET_1.5R,COMMON_AVAILABLE_ATR_IDENTITIES,0.02,target_first,ATR050_TARGET_1.5R,FIXED_MINUS_ATR,0.0082467246209797637794869126778797456066086138031539827589043466776376242772551295,2293,2293,0,0,2293,2293,0,0,0,164,10000,20260908,10000,0,-0.054294147039506410914276935424586387576208958334744878814358800668344817334423988,0.070894052293914609324575046420944001084986291380320111866564031942482379533868913,0.5949,AVAILABLE,WHOLE_SESSION
IMMEDIATE_CLOSE_BACK_1M,USD040_TARGET_1.5R,COMMON_AVAILABLE_ATR_IDENTITIES,0,stop_first,ATR050_TARGET_1.5R,FIXED_MINUS_ATR,0.013042623815053099540563085379400777866720980227756208795280773837179055516394930,2293,2293,0,0,2293,2293,0,0,0,164,10000,20260908,10000,0,-0.035938666248027479381429171113860783363504666966630316802809141289561345552428836,0.059985218663167414287132550493308483954527743523264013104412167444612471610666486,0.7081,AVAILABLE,WHOLE_SESSION
IMMEDIATE_CLOSE_BACK_1M,USD040_TARGET_1.5R,COMMON_AVAILABLE_ATR_IDENTITIES,0,target_first,ATR050_TARGET_1.5R,FIXED_MINUS_ATR,0.031577294552078830024645074040543385803921154671716086684508859314719395682116696,2293,2293,0,0,2293,2293,0,0,0,164,10000,20260908,10000,0,-0.022033728910993284880130054830948203402505091799243115725579651894495570406481308,0.085105178787956945293320396774588913628216715791920594981171562155301355832627588,0.8772,AVAILABLE,WHOLE_SESSION
IMMEDIATE_CLOSE_BACK_1M,USD040_TARGET_1.5R,COMMON_AVAILABLE_ATR_IDENTITIES,0.01,stop_first,ATR050_TARGET_1.5R,FIXED_MINUS_ATR,0.015466414296516213605075151667105154889739371808302893422099101905903760742878253,2293,2293,0,0,2293,2293,0,0,0,164,10000,20260908,10000,0,-0.033415588334050496896014858179502321521109077778514547523674409271201431832232350,0.062269178954673522527532724259089583935656396610698322516815229536387500500173918,0.7415,AVAILABLE,WHOLE_SESSION
IMMEDIATE_CLOSE_BACK_1M,USD040_TARGET_1.5R,COMMON_AVAILABLE_ATR_IDENTITIES,0.01,target_first,ATR050_TARGET_1.5R,FIXED_MINUS_ATR,0.034001085033541944089157140328247762826939546252262771311327187383444100908600007,2293,2293,0,0,2293,2293,0,0,0,164,10000,20260908,10000,0,-0.019267087587810692141829543042536440559117100478884684090962234312887131457814735,0.087299138403454983805705219624971770921860279560232720110128390855883989744534532,0.8958,AVAILABLE,WHOLE_SESSION
IMMEDIATE_CLOSE_BACK_1M,USD040_TARGET_1.5R,COMMON_AVAILABLE_ATR_IDENTITIES,0.02,stop_first,ATR050_TARGET_1.5R,FIXED_MINUS_ATR,0.017890204777979327669587217954809531912757763388849578048917429974628465969361582,2293,2293,0,0,2293,2293,0,0,0,164,10000,20260908,10000,0,-0.031080072714175221492369281989009615981471214309650858869672628268854504256339262,0.064714451634862018935861814734978334546964129218605967201943688972653694424806585,0.7717,AVAILABLE,WHOLE_SESSION
IMMEDIATE_CLOSE_BACK_1M,USD040_TARGET_1.5R,COMMON_AVAILABLE_ATR_IDENTITIES,0.02,target_first,ATR050_TARGET_1.5R,FIXED_MINUS_ATR,0.036424875515005058153669206615952139849957937832809455938145515452168806135083337,2293,2293,0,0,2293,2293,0,0,0,164,10000,20260908,10000,0,-0.016710150918819168448905181806739682547137085927913159946512939555497250988941287,0.089732100532143490011750471567241265701141407662628548966898584096211108982053638,0.9116,AVAILABLE,WHOLE_SESSION
IMMEDIATE_CLOSE_BACK_1M,USD025_TARGET_2R,COMMON_AVAILABLE_ATR_IDENTITIES,0,stop_first,ATR050_TARGET_2R,FIXED_MINUS_ATR,0.025322470314184754585494437432483559835351966419405279178721440116768942995929243,2293,2293,0,0,2293,2293,0,0,0,164,10000,20260908,10000,0,-0.037765114599116915466092873693453044018221262847261947477378504220431586299426384,0.087048265411378120181308438343776431550220318856741693769552770008891148072202341,0.7885,AVAILABLE,WHOLE_SESSION
IMMEDIATE_CLOSE_BACK_1M,USD025_TARGET_2R,COMMON_AVAILABLE_ATR_IDENTITIES,0,target_first,ATR050_TARGET_2R,FIXED_MINUS_ATR,0.075038998879383184589855536429430790537488904927909422222768539985935973087512311,2293,2293,0,0,2293,2293,0,0,0,164,10000,20260908,10000,0,0.0066338942513999255431952200924560752888144460169708851998648959066034486450163882,0.14332707790059255062420662070762377079729122603669984001170674983747042436546303,0.9837,AVAILABLE,WHOLE_SESSION
IMMEDIATE_CLOSE_BACK_1M,USD025_TARGET_2R,COMMON_AVAILABLE_ATR_IDENTITIES,0.01,stop_first,ATR050_TARGET_2R,FIXED_MINUS_ATR,0.012746260795647868650006503720187936858370357999951963805539768185493648222412560,2293,2293,0,0,2293,2293,0,0,0,164,10000,20260908,10000,0,-0.049871672720885041437450417872626415853689902399046553973248486639486118274581142,0.074172632868945226963231980758145105290288768688638528448555881792686091036104337,0.6568,AVAILABLE,WHOLE_SESSION
IMMEDIATE_CLOSE_BACK_1M,USD025_TARGET_2R,COMMON_AVAILABLE_ATR_IDENTITIES,0.01,target_first,ATR050_TARGET_2R,FIXED_MINUS_ATR,0.062462789360846298654367602717135167560507296508456106849586868054660678313995626,2293,2293,0,0,2293,2293,0,0,0,164,10000,20260908,10000,0,-0.0052865494279711552380352043373487281808774644893688109537858100250870736187340304,0.13060330298858913400396719006227104900211671027540966811938704549264796059808692,0.9636,AVAILABLE,WHOLE_SESSION
IMMEDIATE_CLOSE_BACK_1M,USD025_TARGET_2R,COMMON_AVAILABLE_ATR_IDENTITIES,0.02,stop_first,ATR050_TARGET_2R,FIXED_MINUS_ATR,0.00017005127711098271451857000789231388138874958049864843235809625421835344889589682,2293,2293,0,0,2293,2293,0,0,0,164,10000,20260908,10000,0,-0.062118153905618592437060145900457386025532712819633958364883292839207803130812457,0.061287726026984809332692269005198445910221970544092961682228062242047958832485371,0.5039,AVAILABLE,WHOLE_SESSION
IMMEDIATE_CLOSE_BACK_1M,USD025_TARGET_2R,COMMON_AVAILABLE_ATR_IDENTITIES,0.02,target_first,ATR050_TARGET_2R,FIXED_MINUS_ATR,0.049886579842309412718879669004839544583525688089002791476405196123385383540478988,2293,2293,0,0,2293,2293,0,0,0,164,10000,20260908,10000,0,-0.017410844312148798142427900846952626462996594167512312376569018647112762328291878,0.11752522887467473133798016692646974004364809826956372128071611464554565993683553,0.928,AVAILABLE,WHOLE_SESSION
IMMEDIATE_CLOSE_BACK_1M,USD030_TARGET_2R,COMMON_AVAILABLE_ATR_IDENTITIES,0,stop_first,ATR050_TARGET_2R,FIXED_MINUS_ATR,0.014117353291361669834803930091300248307513617822225456530080649304150829898095255,2293,2293,0,0,2293,2293,0,0,0,164,10000,20260908,10000,0,-0.046268681643135774620452632432426272648037483672933471198199529856901710187622535,0.073067500020802213071636400806126652348259891250274446961041706919613226317001409,0.6818,AVAILABLE,WHOLE_SESSION
IMMEDIATE_CLOSE_BACK_1M,USD030_TARGET_2R,COMMON_AVAILABLE_ATR_IDENTITIES,0,target_first,ATR050_TARGET_2R,FIXED_MINUS_ATR,0.037667287874876715626343398037222620745367957115727419024629275557966791520424081,2293,2293,0,0,2293,2293,0,0,0,164,10000,20260908,10000,0,-0.028252625291344339868479881179802524166196194115586137402170023030357844023072590,0.10332310183268953266664007749246958808561921723822438069423861259834552396709011,0.8722,AVAILABLE,WHOLE_SESSION
IMMEDIATE_CLOSE_BACK_1M,USD030_TARGET_2R,COMMON_AVAILABLE_ATR_IDENTITIES,0.01,stop_first,ATR050_TARGET_2R,FIXED_MINUS_ATR,0.0082078104394914505659826630456712919971986760694388078235656440395422017912452747,2293,2293,0,0,2293,2293,0,0,0,164,10000,20260908,10000,0,-0.051919435855046231550989140203350598250603794321510102025787851322835376651891297,0.066832973720997832183618087061606397589992583976943063290430991792646774805148199,0.6085,AVAILABLE,WHOLE_SESSION
IMMEDIATE_CLOSE_BACK_1M,USD030_TARGET_2R,COMMON_AVAILABLE_ATR_IDENTITIES,0.01,target_first,ATR050_TARGET_2R,FIXED_MINUS_ATR,0.031757745023006496357522130991593664435053015362940770318114270293358163413574107,2293,2293,0,0,2293,2293,0,0,0,164,10000,20260908,10000,0,-0.033418848473805852732377125793061738652497552596600096665216394111059351900094775,0.096969090242397252678911313736134836389875069385274920290915837995346337975640268,0.8339,AVAILABLE,WHOLE_SESSION
IMMEDIATE_CLOSE_BACK_1M,USD030_TARGET_2R,COMMON_AVAILABLE_ATR_IDENTITIES,0.02,stop_first,ATR050_TARGET_2R,FIXED_MINUS_ATR,0.0022982675876212312971613960000423356868837343166521591170506387749335736843951947,2293,2293,0,0,2293,2293,0,0,0,164,10000,20260908,10000,0,-0.057485104856837492861061653071103258042846182470582493400952749410309264054133585,0.060578910111360233987463923807835237853222851104101855251887015207497385326949909,0.5312,AVAILABLE,WHOLE_SESSION
IMMEDIATE_CLOSE_BACK_1M,USD030_TARGET_2R,COMMON_AVAILABLE_ATR_IDENTITIES,0.02,target_first,ATR050_TARGET_2R,FIXED_MINUS_ATR,0.025848202171136277088700863945964708124738073610154121611599265028749535306724024,2293,2293,0,0,2293,2293,0,0,0,164,10000,20260908,10000,0,-0.038818692039949847605343448050525676195465301720254348775727688157438325054073277,0.090736521935040007468176464018251329921634023574725551077430071422515952522245024,0.787,AVAILABLE,WHOLE_SESSION
IMMEDIATE_CLOSE_BACK_1M,USD040_TARGET_2R,COMMON_AVAILABLE_ATR_IDENTITIES,0,stop_first,ATR050_TARGET_2R,FIXED_MINUS_ATR,0.022575632110957541327753486712902225339058900566810425275537837848997464583369278,2293,2293,0,0,2293,2293,0,0,0,164,10000,20260908,10000,0,-0.023022130059142443969640955702360236754932151262718637646301418277971519390495060,0.068818250029448980784946380608069350409675150273763250512335121170653025213952459,0.8355,AVAILABLE,WHOLE_SESSION
IMMEDIATE_CLOSE_BACK_1M,USD040_TARGET_2R,COMMON_AVAILABLE_ATR_IDENTITIES,0,target_first,ATR050_TARGET_2R,FIXED_MINUS_ATR,0.025192291509125879749035649818004711165487160488310643330487685210532571430294700,2293,2293,0,0,2293,2293,0,0,0,164,10000,20260908,10000,0,-0.020595269499807838618890768505576478841087664258145823095175031632283644961572866,0.072053881210558620697694608993431953483454714321402702424536794120269382253241503,0.8588,AVAILABLE,WHOLE_SESSION
IMMEDIATE_CLOSE_BACK_1M,USD040_TARGET_2R,COMMON_AVAILABLE_ATR_IDENTITIES,0.01,stop_first,ATR050_TARGET_2R,FIXED_MINUS_ATR,0.024999422592420655392265553000606602362077292147357109902356165917722169809852594,2293,2293,0,0,2293,2293,0,0,0,164,10000,20260908,10000,0,-0.020573308658094488407764147655960829487291595647599630899898053786843467268029663,0.071393224460345971748055163126786997884309477679702867558208128145183738188620250,0.8612,AVAILABLE,WHOLE_SESSION
IMMEDIATE_CLOSE_BACK_1M,USD040_TARGET_2R,COMMON_AVAILABLE_ATR_IDENTITIES,0.01,target_first,ATR050_TARGET_2R,FIXED_MINUS_ATR,0.027616081990588993813547716105709088188505552068857327957306013279257276656778011,2293,2293,0,0,2293,2293,0,0,0,164,10000,20260908,10000,0,-0.017845749911438157590494141491715662272376781752483320279200574987738076436313606,0.074494528958261725952140481102595196223878158925971011697175568036562366095876751,0.8786,AVAILABLE,WHOLE_SESSION
IMMEDIATE_CLOSE_BACK_1M,USD040_TARGET_2R,COMMON_AVAILABLE_ATR_IDENTITIES,0.02,stop_first,ATR050_TARGET_2R,FIXED_MINUS_ATR,0.027423213073883769456777619288310979385095683727903794529174493986446875036335923,2293,2293,0,0,2293,2293,0,0,0,164,10000,20260908,10000,0,-0.018058811411145142094762046876377466043098389735815026508568116506970302898936061,0.074158351632157154588557781570781867834701427209007030029441625240663879801798441,0.8808,AVAILABLE,WHOLE_SESSION
IMMEDIATE_CLOSE_BACK_1M,USD040_TARGET_2R,COMMON_AVAILABLE_ATR_IDENTITIES,0.02,target_first,ATR050_TARGET_2R,FIXED_MINUS_ATR,0.030039872472052107878059782393413465211523943649404012584124341347981981883261370,2293,2293,0,0,2293,2293,0,0,0,164,10000,20260908,10000,0,-0.015562034739071672726922221322350055347252979216130771830761316352888482407951382,0.077067273554481962734651844791848229845090381955837473787370619965590774765978477,0.8978,AVAILABLE,WHOLE_SESSION
IMMEDIATE_CLOSE_BACK_1M,USD025_TARGET_2R_BE1R,COMMON_AVAILABLE_ATR_IDENTITIES,0,stop_first,ATR050_TARGET_2R_BE1R,FIXED_MINUS_ATR,0.017890991296654906578998837849477214791104497504370947542451131678940672284811704,2293,2293,0,0,2293,2293,0,0,0,164,10000,20260908,10000,0,-0.030771930084298189456695662416273508729314502626724912521218065930741945650312033,0.066338114233941622838258712047735581229366392396932391694022920309238982870540784,0.7636,AVAILABLE,WHOLE_SESSION
IMMEDIATE_CLOSE_BACK_1M,USD025_TARGET_2R_BE1R,COMMON_AVAILABLE_ATR_IDENTITIES,0,target_first,ATR050_TARGET_2R_BE1R,FIXED_MINUS_ATR,0.074585278256968905706779038460031074363716795803542338733031157845534653968195909,2293,2293,0,0,2293,2293,0,0,0,164,10000,20260908,10000,0,0.016975462904738660429863283024406873345000404237106558323936942789246480045476677,0.13330659660507406951810247302046477140278680998373123383726474138620851273353775,0.9944,AVAILABLE,WHOLE_SESSION
IMMEDIATE_CLOSE_BACK_1M,USD025_TARGET_2R_BE1R,COMMON_AVAILABLE_ATR_IDENTITIES,0.01,stop_first,ATR050_TARGET_2R_BE1R,FIXED_MINUS_ATR,0.0053147817781180206435109041371815918141228890849176321692694597476653775112950305,2293,2293,0,0,2293,2293,0,0,0,164,10000,20260908,10000,0,-0.043123546386154124600911984958942473321387755321158495693167033110035843631557127,0.053423170410587420750021510556236968119895196810164572914428283635559178754985689,0.5914,AVAILABLE,WHOLE_SESSION
IMMEDIATE_CLOSE_BACK_1M,USD025_TARGET_2R_BE1R,COMMON_AVAILABLE_ATR_IDENTITIES,0.01,target_first,ATR050_TARGET_2R_BE1R,FIXED_MINUS_ATR,0.062009068738432019771291104747735451386735187384089023359849485914259359194679232,2293,2293,0,0,2293,2293,0,0,0,164,10000,20260908,10000,0,0.0047904670364755579118516302437589025996860192475822744762907918118678194835409388,0.12034435268403633673576638264701213559447367803500189021543095017165316118190137,0.9834,AVAILABLE,WHOLE_SESSION
IMMEDIATE_CLOSE_BACK_1M,USD025_TARGET_2R_BE1R,COMMON_AVAILABLE_ATR_IDENTITIES,0.02,stop_first,ATR050_TARGET_2R_BE1R,FIXED_MINUS_ATR,-0.0072614277404188652919770295751140311628587193345356832039122121836099172622216428,2293,2293,0,0,2293,2293,0,0,0,164,10000,20260908,10000,0,-0.055789961045259324588641444862074738143418627953120953651298502079513881309134828,0.040399425666433432133087428067868318736130345876681048087682784477715310001896341,0.3942,AVAILABLE,WHOLE_SESSION
IMMEDIATE_CLOSE_BACK_1M,USD025_TARGET_2R_BE1R,COMMON_AVAILABLE_ATR_IDENTITIES,0.02,target_first,ATR050_TARGET_2R_BE1R,FIXED_MINUS_ATR,0.049432859219895133835803171035439828409753578964635707986667813982984064421162604,2293,2293,0,0,2293,2293,0,0,0,164,10000,20260908,10000,0,-0.0071357239889613595650626994689693385498555420709714940894412057191211092851675018,0.10736604809487878005397970562741743424068261450774018923859380544584354589782311,0.9568,AVAILABLE,WHOLE_SESSION
IMMEDIATE_CLOSE_BACK_1M,USD030_TARGET_2R_BE1R,COMMON_AVAILABLE_ATR_IDENTITIES,0,stop_first,ATR050_TARGET_2R_BE1R,FIXED_MINUS_ATR,0.026017172427633246453980666603656601329845593593918846946434268762819142992763439,2293,2293,0,0,2293,2293,0,0,0,164,10000,20260908,10000,0,-0.022059900763588012271262687437467529378228755540012755690801994986931687763898849,0.074214040795029817975214957451267638716609816135533299959412108958193626851601087,0.8589,AVAILABLE,WHOLE_SESSION
IMMEDIATE_CLOSE_BACK_1M,USD030_TARGET_2R_BE1R,COMMON_AVAILABLE_ATR_IDENTITIES,0,target_first,ATR050_TARGET_2R_BE1R,FIXED_MINUS_ATR,0.049130997111453569175306440698728559463295222900504106431824587123045920140604688,2293,2293,0,0,2293,2293,0,0,0,164,10000,20260908,10000,0,-0.0024636520140817751516470746343162853690380937855666636639008453212155277718180745,0.10224639998916846728542766309238437763905466500668970375985966928236605477944134,0.9677,AVAILABLE,WHOLE_SESSION
IMMEDIATE_CLOSE_BACK_1M,USD030_TARGET_2R_BE1R,COMMON_AVAILABLE_ATR_IDENTITIES,0.01,stop_first,ATR050_TARGET_2R_BE1R,FIXED_MINUS_ATR,0.020107629575763027185159399558027645019530651841132198239919263498210514885913453,2293,2293,0,0,2293,2293,0,0,0,164,10000,20260908,10000,0,-0.028043602137796925476337461826024207980459835467802082214005549146998654237833953,0.068486386211312599358085580507614476019478005172109444318561496781188422310095482,0.7967,AVAILABLE,WHOLE_SESSION
IMMEDIATE_CLOSE_BACK_1M,USD030_TARGET_2R_BE1R,COMMON_AVAILABLE_ATR_IDENTITIES,0.01,target_first,ATR050_TARGET_2R_BE1R,FIXED_MINUS_ATR,0.043221454259583349906485173653099603152980281147717457725309581858437292033754724,2293,2293,0,0,2293,2293,0,0,0,164,10000,20260908,10000,0,-0.0081073263215844864517992955129335611020560005114790111228863095800289163648488137,0.096040043578878767889437862189866384271788191864014551360388026258479081807845993,0.9492,AVAILABLE,WHOLE_SESSION
IMMEDIATE_CLOSE_BACK_1M,USD030_TARGET_2R_BE1R,COMMON_AVAILABLE_ATR_IDENTITIES,0.02,stop_first,ATR050_TARGET_2R_BE1R,FIXED_MINUS_ATR,0.014198086723892807916338132512398688709215710088345549533404258233601886779063389,2293,2293,0,0,2293,2293,0,0,0,164,10000,20260908,10000,0,-0.034299362612291794616157790456924524188775660487495612396662765926650893709848360,0.062535936428990154718714470555742012036128805090828578939772886091149747170458981,0.7206,AVAILABLE,WHOLE_SESSION
IMMEDIATE_CLOSE_BACK_1M,USD030_TARGET_2R_BE1R,COMMON_AVAILABLE_ATR_IDENTITIES,0.02,target_first,ATR050_TARGET_2R_BE1R,FIXED_MINUS_ATR,0.037311911407713130637663906607470646842665339394930809018794576593828663926904631,2293,2293,0,0,2293,2293,0,0,0,164,10000,20260908,10000,0,-0.013716762034259788413991602379683092718248179799265968840201053905869530411546145,0.089997340895081126989600739786431557277412377576761968334312344123264203437613117,0.9221,AVAILABLE,WHOLE_SESSION
IMMEDIATE_CLOSE_BACK_1M,USD040_TARGET_2R_BE1R,COMMON_AVAILABLE_ATR_IDENTITIES,0,stop_first,ATR050_TARGET_2R_BE1R,FIXED_MINUS_ATR,0.036670973852258918790076029301723180774532321315971470874330765346624928717432724,2293,2293,0,0,2293,2293,0,0,0,164,10000,20260908,10000,0,-0.0044963925377672614663230275841673770111853343725572381691821097547104711930253080,0.078995067172709730709418545134478542726402575421580158465722351131680302908235126,0.9602,AVAILABLE,WHOLE_SESSION
IMMEDIATE_CLOSE_BACK_1M,USD040_TARGET_2R_BE1R,COMMON_AVAILABLE_ATR_IDENTITIES,0,target_first,ATR050_TARGET_2R_BE1R,FIXED_MINUS_ATR,0.038415413451037811070930804705124837992151161263638282910963996920981666615383007,2293,2293,0,0,2293,2293,0,0,0,164,10000,20260908,10000,0,-0.0021663859109204939977627656721793695880884451522551389619243512353110614922397890,0.079746841893453633010223579960377416365130706864899973670658897876098932757116345,0.9695,AVAILABLE,WHOLE_SESSION
IMMEDIATE_CLOSE_BACK_1M,USD040_TARGET_2R_BE1R,COMMON_AVAILABLE_ATR_IDENTITIES,0.01,stop_first,ATR050_TARGET_2R_BE1R,FIXED_MINUS_ATR,0.039094764333722032854588095589427557797550712896518155501149093415349633943916014,2293,2293,0,0,2293,2293,0,0,0,164,10000,20260908,10000,0,-0.0015971390117151240572886111166049475730451548298435920812745824867940103171450866,0.081452632268283487814905885024201621232743993741144768470396819751314370345334656,0.9689,AVAILABLE,WHOLE_SESSION
IMMEDIATE_CLOSE_BACK_1M,USD040_TARGET_2R_BE1R,COMMON_AVAILABLE_ATR_IDENTITIES,0.01,target_first,ATR050_TARGET_2R_BE1R,FIXED_MINUS_ATR,0.040839203932500925135442870992829215015169552844184967537782324989706371841866290,2293,2293,0,0,2293,2293,0,0,0,164,10000,20260908,10000,0,0.00019732799041091147789883668836642293556224675761797561749726284699321790380290327,0.082056211262561483712364530971936761235167588737479544941293798250784885285357018,0.9755,AVAILABLE,WHOLE_SESSION
IMMEDIATE_CLOSE_BACK_1M,USD040_TARGET_2R_BE1R,COMMON_AVAILABLE_ATR_IDENTITIES,0.02,stop_first,ATR050_TARGET_2R_BE1R,FIXED_MINUS_ATR,0.041518554815185146919100161877131934820569104477064840127967421484074339170399399,2293,2293,0,0,2293,2293,0,0,0,164,10000,20260908,10000,0,0.00066378994931828781279557616345442540872705766759986740801869002685249640533898999,0.083773924022126144756259592806538247653722968989585534779382998725723772594776882,0.9772,AVAILABLE,WHOLE_SESSION
IMMEDIATE_CLOSE_BACK_1M,USD040_TARGET_2R_BE1R,COMMON_AVAILABLE_ATR_IDENTITIES,0.02,target_first,ATR050_TARGET_2R_BE1R,FIXED_MINUS_ATR,0.043262994413964039199954937280533592038187944424731652164600653058431077068349677,2293,2293,0,0,2293,2293,0,0,0,164,10000,20260908,10000,0,0.0027107095818256575892761551014106220531296180345026028758596480260912211109266745,0.084482027816525610927268156888092408447861830589847932104383839850056394214461425,0.9822,AVAILABLE,WHOLE_SESSION
MOMENTUM_AWAY_025,USD025_TARGET_1R,COMMON_AVAILABLE_ATR_IDENTITIES,0,stop_first,ATR050_TARGET_1R,FIXED_MINUS_ATR,-0.064284294924899834495214581281603810576942579506706648276039879421232942702112807,4125,4125,0,0,4125,4125,0,0,0,164,10000,20260908,10000,0,-0.10692797700997360073801597025058122930082614076838789253849194852417900302788979,-0.020436634293566803838664471614939653048944627193544546680119723626792613739291604,0.0024,AVAILABLE,WHOLE_SESSION
MOMENTUM_AWAY_025,USD025_TARGET_1R,COMMON_AVAILABLE_ATR_IDENTITIES,0,target_first,ATR050_TARGET_1R,FIXED_MINUS_ATR,0.027836917196312286716906630839608310635178632614505472936081332699979178510008405,4125,4125,0,0,4125,4125,0,0,0,164,10000,20260908,10000,0,-0.015737602929731870921576671864654382892322692320819364667648037793424672280347296,0.074555235411149008654425696040813380778499591473405921443755585474663294446656915,0.8901,AVAILABLE,WHOLE_SESSION
MOMENTUM_AWAY_025,USD025_TARGET_1R,COMMON_AVAILABLE_ATR_IDENTITIES,0.01,stop_first,ATR050_TARGET_1R,FIXED_MINUS_ATR,-0.078506241010346010589843596174626605608738785273142829217669985621379901259034873,4125,4125,0,0,4125,4125,0,0,0,164,10000,20260908,10000,0,-0.12170700170983403708076868559055672596767852475178795195704318034461739178689007,-0.034111395469726476301872658253520013540730809607292665972277847644530423923977072,0.0003,AVAILABLE,WHOLE_SESSION
MOMENTUM_AWAY_025,USD025_TARGET_1R,COMMON_AVAILABLE_ATR_IDENTITIES,0.01,target_first,ATR050_TARGET_1R,FIXED_MINUS_ATR,0.013614971110866110622277615946585515603382426848069291994451226499832219953086333,4125,4125,0,0,4125,4125,0,0,0,164,10000,20260908,10000,0,-0.030172074110757604525428141728973846704408147940763677094352032408121913127512370,0.060571108135828702344101027694968025348373768336756499182713734889366502416746603,0.7215,AVAILABLE,WHOLE_SESSION
MOMENTUM_AWAY_025,USD025_TARGET_1R,COMMON_AVAILABLE_ATR_IDENTITIES,0.02,stop_first,ATR050_TARGET_1R,FIXED_MINUS_ATR,-0.092728187095792186684472611067649400640534991039579010159300091821526859815956907,4125,4125,0,0,4125,4125,0,0,0,164,10000,20260908,10000,0,-0.13657317662453792720949387399629186214171589267249130515997998401968501045005609,-0.047760986861352609081448759859411296477166148285835810966989534024779924983727979,0,AVAILABLE,WHOLE_SESSION
MOMENTUM_AWAY_025,USD025_TARGET_1R,COMMON_AVAILABLE_ATR_IDENTITIES,0.02,target_first,ATR050_TARGET_1R,FIXED_MINUS_ATR,-0.00060697497458006547235139894643727942841377891836688894717887970031473860383575181,4125,4125,0,0,4125,4125,0,0,0,164,10000,20260908,10000,0,-0.044563191921160327690846033671504977410924415319898770037698854503564861899366949,0.046389381403566651186873965369859057072535101571057797040298701136435254604183300,0.487,AVAILABLE,WHOLE_SESSION
MOMENTUM_AWAY_025,USD030_TARGET_1R,COMMON_AVAILABLE_ATR_IDENTITIES,0,stop_first,ATR050_TARGET_1R,FIXED_MINUS_ATR,-0.047970145429950339545719631786654315627447630011757153326544929926283447752617857,4125,4125,0,0,4125,4125,0,0,0,164,10000,20260908,10000,0,-0.084707391961015929335015865144847693376858788072738494561855649453763540180182131,-0.010966031084363711065636482239877932537970305104203592245688094633379299446556668,0.0058,AVAILABLE,WHOLE_SESSION
MOMENTUM_AWAY_025,USD030_TARGET_1R,COMMON_AVAILABLE_ATR_IDENTITIES,0,target_first,ATR050_TARGET_1R,FIXED_MINUS_ATR,-0.007727721187526097121477207544230073203205205769332910902302505683859205328375432,4125,4125,0,0,4125,4125,0,0,0,164,10000,20260908,10000,0,-0.044302882752304643242251336356119507369983470679865459351896149927845013838288773,0.029661260158520480353853822734175290595195127592985416212181173674616850402735012,0.3432,AVAILABLE,WHOLE_SESSION
MOMENTUM_AWAY_025,USD030_TARGET_1R,COMMON_AVAILABLE_ATR_IDENTITIES,0.01,stop_first,ATR050_TARGET_1R,FIXED_MINUS_ATR,-0.055525424848729848973681980013010443992577169111526667601508369459763739642873302,4125,4125,0,0,4125,4125,0,0,0,164,10000,20260908,10000,0,-0.092451511669934090866363806591141256090213004891333023849390943126356418177230354,-0.018194406414619172343437962227613948485363458890693598415182819507680531524144049,0.002,AVAILABLE,WHOLE_SESSION
MOMENTUM_AWAY_025,USD030_TARGET_1R,COMMON_AVAILABLE_ATR_IDENTITIES,0.01,target_first,ATR050_TARGET_1R,FIXED_MINUS_ATR,-0.015283000606305606549439555770586201568334744869102425177265945217339497218630825,4125,4125,0,0,4125,4125,0,0,0,164,10000,20260908,10000,0,-0.052045181117679275748411506730979609412784693012134739414788832510543285191288001,0.022052567698041082873494838905943350301710942546103215675944619172862277258739633,0.2125,AVAILABLE,WHOLE_SESSION
MOMENTUM_AWAY_025,USD030_TARGET_1R,COMMON_AVAILABLE_ATR_IDENTITIES,0.02,stop_first,ATR050_TARGET_1R,FIXED_MINUS_ATR,-0.06308070426750935840164432823936657235770670821129618187647180899324403153312872,4125,4125,0,0,4125,4125,0,0,0,164,10000,20260908,10000,0,-0.10049321302690821014274047260541067423765736848663635124200987233458972261714997,-0.025188286863698184598708636719861867310272735989812896344856169992162340287300186,0.0008,AVAILABLE,WHOLE_SESSION
MOMENTUM_AWAY_025,USD030_TARGET_1R,COMMON_AVAILABLE_ATR_IDENTITIES,0.02,target_first,ATR050_TARGET_1R,FIXED_MINUS_ATR,-0.022838280025085115977401903996942329933464283968871939452229384750819789108886278,4125,4125,0,0,4125,4125,0,0,0,164,10000,20260908,10000,0,-0.059949477465443795256195738774789280769967424598089815279492986418437799113689218,0.014692088644351100081611273008952000880942167575078568592315352761541245505451018,0.1152,AVAILABLE,WHOLE_SESSION
MOMENTUM_AWAY_025,USD040_TARGET_1R,COMMON_AVAILABLE_ATR_IDENTITIES,0,stop_first,ATR050_TARGET_1R,FIXED_MINUS_ATR,-0.0088687312885361981315782176452401742133062158703430119124035157848693063384764424,4125,4125,0,0,4125,4125,0,0,0,164,10000,20260908,10000,0,-0.048588265475464876762587119362284993772037536228266519676665633181853802770276296,0.029598340165119439323504558727533046024525347429228429513964956644693678737020489,0.326,AVAILABLE,WHOLE_SESSION
MOMENTUM_AWAY_025,USD040_TARGET_1R,COMMON_AVAILABLE_ATR_IDENTITIES,0,target_first,ATR050_TARGET_1R,FIXED_MINUS_ATR,0.00034338992358501398963390356688103790790590534177820020880860542725190578273567879,4125,4125,0,0,4125,4125,0,0,0,164,10000,20260908,10000,0,-0.038164372813067805303363778462946147716303406437736994073933527282077374682647232,0.037454553993681305427632836059240501525688638341805946538829728892767670718605644,0.51,AVAILABLE,WHOLE_SESSION
MOMENTUM_AWAY_025,USD040_TARGET_1R,COMMON_AVAILABLE_ATR_IDENTITIES,0.01,stop_first,ATR050_TARGET_1R,FIXED_MINUS_ATR,-0.0080906773739823742262072325382629692451024216367791928540336219850162648953985198,4125,4125,0,0,4125,4125,0,0,0,164,10000,20260908,10000,0,-0.048086930783453003100386729190894353294295113605738629259350234627370783305807717,0.030707017635112749913637290257858961589060453446850372589823883865088826093459254,0.3423,AVAILABLE,WHOLE_SESSION
MOMENTUM_AWAY_025,USD040_TARGET_1R,COMMON_AVAILABLE_ATR_IDENTITIES,0.01,target_first,ATR050_TARGET_1R,FIXED_MINUS_ATR,0.0011214438381388378950048886738582428761096995753420192671784992271049472258136082,4125,4125,0,0,4125,4125,0,0,0,164,10000,20260908,10000,0,-0.037678574428452593249174137080966675831236235627781035582748424606886589247069538,0.038337210105394956608017210071126391321234810082041815799273630217503282598581979,0.5257,AVAILABLE,WHOLE_SESSION
MOMENTUM_AWAY_025,USD040_TARGET_1R,COMMON_AVAILABLE_ATR_IDENTITIES,0.02,stop_first,ATR050_TARGET_1R,FIXED_MINUS_ATR,-0.0073126234594285503208362474312857642768986274032153737956637281851632234523205988,4125,4125,0,0,4125,4125,0,0,0,164,10000,20260908,10000,0,-0.047650081865005377002464970568369240886055408626673853765908604736819283117848687,0.031916423087242481812190954747101711044810010538341505549258848920248371828020868,0.3569,AVAILABLE,WHOLE_SESSION
MOMENTUM_AWAY_025,USD040_TARGET_1R,COMMON_AVAILABLE_ATR_IDENTITIES,0.02,target_first,ATR050_TARGET_1R,FIXED_MINUS_ATR,0.0018994977526926618003758737808354478443134938089058383255483930269579886688915209,4125,4125,0,0,4125,4125,0,0,0,164,10000,20260908,10000,0,-0.037437855222871257259534790519348308395409145826596249104244485521184692443340831,0.039397499743787247035808485459791638712544482508437422734991435314835668872888321,0.5392,AVAILABLE,WHOLE_SESSION
MOMENTUM_AWAY_025,USD025_TARGET_1.5R,COMMON_AVAILABLE_ATR_IDENTITIES,0,stop_first,ATR050_TARGET_1.5R,FIXED_MINUS_ATR,-0.034409073956374606275930886307676414733684802347701822799834688110931856359157581,4125,4125,0,0,4125,4125,0,0,0,164,10000,20260908,10000,0,-0.091511940244899703842979183682921120041299260215881871786489174092775123676269893,0.021799067555556850864823640395707588338166837349530868292525435663906430913633759,0.1142,AVAILABLE,WHOLE_SESSION
MOMENTUM_AWAY_025,USD025_TARGET_1.5R,COMMON_AVAILABLE_ATR_IDENTITIES,0,target_first,ATR050_TARGET_1.5R,FIXED_MINUS_ATR,0.023772744225443575542250931874141767084497015834116359018347130070886325459024237,4125,4125,0,0,4125,4125,0,0,0,164,10000,20260908,10000,0,-0.030306178594201500803406611673461280168225216611847094859055864978925057042138630,0.077895181109653777856760900547078622552975321148523042109685304512616637796578590,0.8063,AVAILABLE,WHOLE_SESSION
MOMENTUM_AWAY_025,USD025_TARGET_1.5R,COMMON_AVAILABLE_ATR_IDENTITIES,0.01,stop_first,ATR050_TARGET_1.5R,FIXED_MINUS_ATR,-0.048631020041820782370559901200699209765481008114138003741464794311078814916079648,4125,4125,0,0,4125,4125,0,0,0,164,10000,20260908,10000,0,-0.10607049777257297443066031082106774749561803372527442528415893017742911403600104,0.0080007790450227474795504502153383500063957549861686000302462100095050191998718375,0.0466,AVAILABLE,WHOLE_SESSION
MOMENTUM_AWAY_025,USD025_TARGET_1.5R,COMMON_AVAILABLE_ATR_IDENTITIES,0.01,target_first,ATR050_TARGET_1.5R,FIXED_MINUS_ATR,0.0095507981399973994476219169811189720527008100676801780767170238707393669021021607,4125,4125,0,0,4125,4125,0,0,0,164,10000,20260908,10000,0,-0.044700886558897654967333264188445313735810031869414206390476970782520493167194103,0.064160923109287767513573625992581065724021205656246462340692545935321502503652151,0.6332,AVAILABLE,WHOLE_SESSION
MOMENTUM_AWAY_025,USD025_TARGET_1.5R,COMMON_AVAILABLE_ATR_IDENTITIES,0.02,stop_first,ATR050_TARGET_1.5R,FIXED_MINUS_ATR,-0.062852966127266958465188916093722004797277213880574184683094900511225773473001668,4125,4125,0,0,4125,4125,0,0,0,164,10000,20260908,10000,0,-0.12064524172392422088081328734182293986692428601567894387377476707347739325041189,-0.0059710242644604110342381197889922151023020800004040800724040738261134027331635205,0.0154,AVAILABLE,WHOLE_SESSION
MOMENTUM_AWAY_025,USD025_TARGET_1.5R,COMMON_AVAILABLE_ATR_IDENTITIES,0.02,target_first,ATR050_TARGET_1.5R,FIXED_MINUS_ATR,-0.0046711479454487766470070979119038229790953956987560028649130823294075916548199202,4125,4125,0,0,4125,4125,0,0,0,164,10000,20260908,10000,0,-0.058941189665356135734644530309704004305897335199251807970232129344257083755361615,0.050045520445712919352760578842532973645423445969343506211033947840315529911007551,0.4327,AVAILABLE,WHOLE_SESSION
MOMENTUM_AWAY_025,USD030_TARGET_1.5R,COMMON_AVAILABLE_ATR_IDENTITIES,0,stop_first,ATR050_TARGET_1.5R,FIXED_MINUS_ATR,-0.021370075976576626477951088327878434935705004367903843001854890131133876561177782,4125,4125,0,0,4125,4125,0,0,0,164,10000,20260908,10000,0,-0.073321041768159361625939094977939355598346564375069396686448220942129566097082310,0.031707748567408036818233840510695674101221020786045628350979781411684858321630474,0.2139,AVAILABLE,WHOLE_SESSION
MOMENTUM_AWAY_025,USD030_TARGET_1.5R,COMMON_AVAILABLE_ATR_IDENTITIES,0,target_first,ATR050_TARGET_1.5R,FIXED_MINUS_ATR,0.0071147725082718583705337601569700499127798441169446418466299583537146082873070669,4125,4125,0,0,4125,4125,0,0,0,164,10000,20260908,10000,0,-0.045529523370644121069114327941507625373306932464560238185408683174282654233660494,0.059696095603068178939442772341058859629767770825439668907638455393287446988241689,0.6071,AVAILABLE,WHOLE_SESSION
MOMENTUM_AWAY_025,USD030_TARGET_1.5R,COMMON_AVAILABLE_ATR_IDENTITIES,0.01,stop_first,ATR050_TARGET_1.5R,FIXED_MINUS_ATR,-0.028925355395356135905913436554234563300834543467673357276818329664614168451433185,4125,4125,0,0,4125,4125,0,0,0,164,10000,20260908,10000,0,-0.081170971607159295567042874457093545139250153713618113221514425565673834668639625,0.023929632244588972204639301059718992957444856647203200807003375544691585937477531,0.1446,AVAILABLE,WHOLE_SESSION
MOMENTUM_AWAY_025,USD030_TARGET_1.5R,COMMON_AVAILABLE_ATR_IDENTITIES,0.01,target_first,ATR050_TARGET_1.5R,FIXED_MINUS_ATR,-0.00044050691050765105742858806938607845234969498282487242833348117976568360294831309,4125,4125,0,0,4125,4125,0,0,0,164,10000,20260908,10000,0,-0.052894660978765233253732086148132770362000170472163611137736252238373059265615373,0.052118479766301595046752904743675333806675914887557437371531746997367975063613730,0.4946,AVAILABLE,WHOLE_SESSION
MOMENTUM_AWAY_025,USD030_TARGET_1.5R,COMMON_AVAILABLE_ATR_IDENTITIES,0.02,stop_first,ATR050_TARGET_1.5R,FIXED_MINUS_ATR,-0.036480634814135645333875784780590691665964082567442871551781769198094460341688652,4125,4125,0,0,4125,4125,0,0,0,164,10000,20260908,10000,0,-0.088822545318124498606473899412053049975194386714140407319138193677086226231600889,0.016408024127473055785689475712592058774826052199723793943649607544179495769732786,0.088,AVAILABLE,WHOLE_SESSION
MOMENTUM_AWAY_025,USD030_TARGET_1.5R,COMMON_AVAILABLE_ATR_IDENTITIES,0.02,target_first,ATR050_TARGET_1.5R,FIXED_MINUS_ATR,-0.0079957863292871604853909362957422068174792340825943867032969207132459754932037884,4125,4125,0,0,4125,4125,0,0,0,164,10000,20260908,10000,0,-0.060508647338628864203842538137695122792387221667379109534507177127331060340856540,0.044430785533261269545818439092367674320896919764595725089837017305912069611919938,0.3858,AVAILABLE,WHOLE_SESSION
MOMENTUM_AWAY_025,USD040_TARGET_1.5R,COMMON_AVAILABLE_ATR_IDENTITIES,0,stop_first,ATR050_TARGET_1.5R,FIXED_MINUS_ATR,-0.010420176986677636578961189337979445036715105378004853102864991141234886662187882,4125,4125,0,0,4125,4125,0,0,0,164,10000,20260908,10000,0,-0.053598371748534995814903607019878324407351674717863119173014041290201547792764268,0.032123298573748235044294711598133148779787513182280655440886082680997775521804178,0.3186,AVAILABLE,WHOLE_SESSION
MOMENTUM_AWAY_025,USD040_TARGET_1.5R,COMMON_AVAILABLE_ATR_IDENTITIES,0,target_first,ATR050_TARGET_1.5R,FIXED_MINUS_ATR,0.0010949745284738785725539621771720701148000461371466620486501603739166284893272691,4125,4125,0,0,4125,4125,0,0,0,164,10000,20260908,10000,0,-0.043025551816032444457286869941100499258584457489121900156732526698920926962044853,0.043066510664907517235146782572973517778658376284738308388470562836813881318090989,0.5252,AVAILABLE,WHOLE_SESSION
MOMENTUM_AWAY_025,USD040_TARGET_1.5R,COMMON_AVAILABLE_ATR_IDENTITIES,0.01,stop_first,ATR050_TARGET_1.5R,FIXED_MINUS_ATR,-0.0096421230721238126735902042310022400685113111444410340444950973413818452191099576,4125,4125,0,0,4125,4125,0,0,0,164,10000,20260908,10000,0,-0.053081685342288800040815982610401271531844769272322019818460672582711387323592867,0.033131284801530140566825055754582130941370699835076913495817503179409392643107597,0.3334,AVAILABLE,WHOLE_SESSION
MOMENTUM_AWAY_025,USD040_TARGET_1.5R,COMMON_AVAILABLE_ATR_IDENTITIES,0.01,target_first,ATR050_TARGET_1.5R,FIXED_MINUS_ATR,0.0018730284430277024779249472841492750830038403707104811070200541737696699324051942,4125,4125,0,0,4125,4125,0,0,0,164,10000,20260908,10000,0,-0.042265892889174225079338205519937008047918411177454421218260922834604852899651004,0.043991371774088019948588182322024613418999130835858819271903274610328288402269725,0.5397,AVAILABLE,WHOLE_SESSION
MOMENTUM_AWAY_025,USD040_TARGET_1.5R,COMMON_AVAILABLE_ATR_IDENTITIES,0.02,stop_first,ATR050_TARGET_1.5R,FIXED_MINUS_ATR,-0.0088640691575699887682192191240250351003075169108772149861252035415288037760320395,4125,4125,0,0,4125,4125,0,0,0,164,10000,20260908,10000,0,-0.052429968414813425095215218841218052552703739160747868612462694871562638705814482,0.034123325853929700452237271212052403079778854070107028251775166202239473302752260,0.3489,AVAILABLE,WHOLE_SESSION
MOMENTUM_AWAY_025,USD040_TARGET_1.5R,COMMON_AVAILABLE_ATR_IDENTITIES,0.02,target_first,ATR050_TARGET_1.5R,FIXED_MINUS_ATR,0.0026510823575815263832959323911264800512076346042743001653899479736227113754831115,4125,4125,0,0,4125,4125,0,0,0,164,10000,20260908,10000,0,-0.041551732349786855373536905551167952615208787247910033788024486622686174973500670,0.045030184502387222593895038762323814621053411262684946449403715854776902876305536,0.5523,AVAILABLE,WHOLE_SESSION
MOMENTUM_AWAY_025,USD025_TARGET_2R,COMMON_AVAILABLE_ATR_IDENTITIES,0,stop_first,ATR050_TARGET_2R,FIXED_MINUS_ATR,-0.016012467435785114834902199045910867861723548230716384258918735095473392813626886,4125,4125,0,0,4125,4125,0,0,0,164,10000,20260908,10000,0,-0.072352654467167952205267472320727892899134143769193911667639335749197544060878429,0.040555943005459982125886665865621586243691199260846616558619658143490424606612731,0.286,AVAILABLE,WHOLE_SESSION
MOMENTUM_AWAY_025,USD025_TARGET_2R,COMMON_AVAILABLE_ATR_IDENTITIES,0,target_first,ATR050_TARGET_2R,FIXED_MINUS_ATR,0.033442078018760339710552346408634586683730997223829070286535810359072061731827658,4125,4125,0,0,4125,4125,0,0,0,164,10000,20260908,10000,0,-0.020653833038222400556406697474108024250442932349035196623346898396830925275771848,0.088504707256896648310560350552045813169393983860403609491565643723833634998188259,0.883,AVAILABLE,WHOLE_SESSION
MOMENTUM_AWAY_025,USD025_TARGET_2R,COMMON_AVAILABLE_ATR_IDENTITIES,0.01,stop_first,ATR050_TARGET_2R,FIXED_MINUS_ATR,-0.030234413521231290929531213938933662893519753997152565200548841295620351370548958,4125,4125,0,0,4125,4125,0,0,0,164,10000,20260908,10000,0,-0.086338402073663954571550272293449662533667210239288884902535901349883332667657001,0.026559984999143908859317636586717382630206552570910257111527817183321062927216220,0.1477,AVAILABLE,WHOLE_SESSION
MOMENTUM_AWAY_025,USD025_TARGET_2R,COMMON_AVAILABLE_ATR_IDENTITIES,0.01,target_first,ATR050_TARGET_2R,FIXED_MINUS_ATR,0.019220131933314163615923331515611791651934791457392889344905704158925103174905582,4125,4125,0,0,4125,4125,0,0,0,164,10000,20260908,10000,0,-0.034802235619737786235580347187532382098351343266051582244938416310559007865376924,0.074110461783346261563822330156321306496767305316115180121049281401935967936330356,0.7506,AVAILABLE,WHOLE_SESSION
MOMENTUM_AWAY_025,USD025_TARGET_2R,COMMON_AVAILABLE_ATR_IDENTITIES,0.02,stop_first,ATR050_TARGET_2R,FIXED_MINUS_ATR,-0.044456359606677467024160228831956457925315959763588746142178947495767309927470972,4125,4125,0,0,4125,4125,0,0,0,164,10000,20260908,10000,0,-0.10077229487190652398902455944527234831297096748640262420101886682677327129198307,0.012886244608834709305790100050590843143970213637239915430346309057798873124592398,0.0612,AVAILABLE,WHOLE_SESSION
MOMENTUM_AWAY_025,USD025_TARGET_2R,COMMON_AVAILABLE_ATR_IDENTITIES,0.02,target_first,ATR050_TARGET_2R,FIXED_MINUS_ATR,0.0049981858478679875212943166225889966201385856909567084032755979587781446179835038,4125,4125,0,0,4125,4125,0,0,0,164,10000,20260908,10000,0,-0.049344996408292230334128684183057327725559626692291675544416256325361280297464901,0.059944301374625657099529222130275938256805846106420455144153825611299848590396819,0.5613,AVAILABLE,WHOLE_SESSION
MOMENTUM_AWAY_025,USD030_TARGET_2R,COMMON_AVAILABLE_ATR_IDENTITIES,0,stop_first,ATR050_TARGET_2R,FIXED_MINUS_ATR,-0.019536701779219458269245633389345211296066982574150727693262169438907736247970320,4125,4125,0,0,4125,4125,0,0,0,164,10000,20260908,10000,0,-0.066867493748865061873780115132918196874740460520154159450133683457321938471590338,0.028943035410090003597209750446638070691962338959277166210208114542419254102338661,0.2083,AVAILABLE,WHOLE_SESSION
MOMENTUM_AWAY_025,USD030_TARGET_2R,COMMON_AVAILABLE_ATR_IDENTITIES,0,target_first,ATR050_TARGET_2R,FIXED_MINUS_ATR,0.000099661857144178094390730247018425067569381062212908670374194197455900115666044121,4125,4125,0,0,4125,4125,0,0,0,164,10000,20260908,10000,0,-0.049711733234064792682587197246154017165746298694928816535555514653479357463970949,0.049420423565998635684276112317085880450412006541671155796518485569056612819622236,0.503,AVAILABLE,WHOLE_SESSION
MOMENTUM_AWAY_025,USD030_TARGET_2R,COMMON_AVAILABLE_ATR_IDENTITIES,0.01,stop_first,ATR050_TARGET_2R,FIXED_MINUS_ATR,-0.027091981197998967697207981615701339661196521673920241968225608972388028138225724,4125,4125,0,0,4125,4125,0,0,0,164,10000,20260908,10000,0,-0.074667820492459866600125457314018682609335385556409886271786118462405901028549625,0.021684531885356641474767866971264140161517032155284280267528407770935221025563323,0.137,AVAILABLE,WHOLE_SESSION
MOMENTUM_AWAY_025,USD030_TARGET_2R,COMMON_AVAILABLE_ATR_IDENTITIES,0.01,target_first,ATR050_TARGET_2R,FIXED_MINUS_ATR,-0.0074556175616353313335716179793377032975601580375566056045892453360243917745893377,4125,4125,0,0,4125,4125,0,0,0,164,10000,20260908,10000,0,-0.057014011706891375452163895117354697100544726584866403060460764259649186867698638,0.041869120434536212915845268420136166540889131921940606663647798939619486364929389,0.3824,AVAILABLE,WHOLE_SESSION
MOMENTUM_AWAY_025,USD030_TARGET_2R,COMMON_AVAILABLE_ATR_IDENTITIES,0.02,stop_first,ATR050_TARGET_2R,FIXED_MINUS_ATR,-0.034647260616778477125170329842057468026326060773689756243189048505868320028481185,4125,4125,0,0,4125,4125,0,0,0,164,10000,20260908,10000,0,-0.082159576063158176653732213698172849426994122169817736307883858888962430015230000,0.014251153078737543938183393032839891696648770797032231656907834993767682930508463,0.0804,AVAILABLE,WHOLE_SESSION
MOMENTUM_AWAY_025,USD030_TARGET_2R,COMMON_AVAILABLE_ATR_IDENTITIES,0.02,target_first,ATR050_TARGET_2R,FIXED_MINUS_ATR,-0.015010896980414840761533966205693831662689697137326119879552684869504683664844814,4125,4125,0,0,4125,4125,0,0,0,164,10000,20260908,10000,0,-0.064358065640381483689959672459535306988459196078403534479109140260301094940236794,0.034358500355630112084283289057464079813253444688466882643967021991772442446082742,0.2765,AVAILABLE,WHOLE_SESSION
MOMENTUM_AWAY_025,USD040_TARGET_2R,COMMON_AVAILABLE_ATR_IDENTITIES,0,stop_first,ATR050_TARGET_2R,FIXED_MINUS_ATR,-0.010774237132754811804599168742880564831420517927686081228615704792443089783323855,4125,4125,0,0,4125,4125,0,0,0,164,10000,20260908,10000,0,-0.052977805353624702460683405564363452972676138643811359406331281566438104003800649,0.033071019146634939678244697669157721235743344905033251956351240879366392649351294,0.3039,AVAILABLE,WHOLE_SESSION
MOMENTUM_AWAY_025,USD040_TARGET_2R,COMMON_AVAILABLE_ATR_IDENTITIES,0,target_first,ATR050_TARGET_2R,FIXED_MINUS_ATR,-0.012228782587300266350053714197426019376875063382231535774070250246988544328778400,4125,4125,0,0,4125,4125,0,0,0,164,10000,20260908,10000,0,-0.055115675373421732295212398160899751663753238317879887079585312794691326421237020,0.033202341344576870440421903235261920866041197041628629070216154618428103363842083,0.285,AVAILABLE,WHOLE_SESSION
MOMENTUM_AWAY_025,USD040_TARGET_2R,COMMON_AVAILABLE_ATR_IDENTITIES,0.01,stop_first,ATR050_TARGET_2R,FIXED_MINUS_ATR,-0.0099961832182009878992281836359033598632167236941222621702458109925900483402459333,4125,4125,0,0,4125,4125,0,0,0,164,10000,20260908,10000,0,-0.052121091922225257820176145698822077773265180074686619288125340619911778069711409,0.033930181242325402576355442598713711878441240647620725817055770704237095680027912,0.3163,AVAILABLE,WHOLE_SESSION
MOMENTUM_AWAY_025,USD040_TARGET_2R,COMMON_AVAILABLE_ATR_IDENTITIES,0.01,target_first,ATR050_TARGET_2R,FIXED_MINUS_ATR,-0.011450728672746442444682729090448814408671269148667716715700356447135502885700481,4125,4125,0,0,4125,4125,0,0,0,164,10000,20260908,10000,0,-0.054600971408301930507292398479311155875127176614820957175128234493782542757328556,0.034198070569515986597062209066714198380149419790931093748459600596154641380118702,0.2969,AVAILABLE,WHOLE_SESSION
MOMENTUM_AWAY_025,USD040_TARGET_2R,COMMON_AVAILABLE_ATR_IDENTITIES,0.02,stop_first,ATR050_TARGET_2R,FIXED_MINUS_ATR,-0.0092181293036471639938571985289261548950129294605584431118759171927370068971680109,4125,4125,0,0,4125,4125,0,0,0,164,10000,20260908,10000,0,-0.051403863910069603831904018406351267342860323590998110581599328525576606388659936,0.034991978094053217368338991947990544843190916409113851325938208691044007091794481,0.3312,AVAILABLE,WHOLE_SESSION
MOMENTUM_AWAY_025,USD040_TARGET_2R,COMMON_AVAILABLE_ATR_IDENTITIES,0.02,target_first,ATR050_TARGET_2R,FIXED_MINUS_ATR,-0.010672674758192618539311743983471609440467474915103897657330462647282461442622557,4125,4125,0,0,4125,4125,0,0,0,164,10000,20260908,10000,0,-0.053849376964743477675518721531183940046134405708234455237549875680111001878301549,0.034936769653364413978631725358671568384200514580359956354099151860559809002614643,0.3092,AVAILABLE,WHOLE_SESSION
MOMENTUM_AWAY_025,USD025_TARGET_2R_BE1R,COMMON_AVAILABLE_ATR_IDENTITIES,0,stop_first,ATR050_TARGET_2R_BE1R,FIXED_MINUS_ATR,-0.04161875452519045385640733274353110068405624725298900052056046660969698653380168,4125,4125,0,0,4125,4125,0,0,0,164,10000,20260908,10000,0,-0.089139299573921693767911696104718784198807739420836041871073214041262449474360887,0.0059608987181552163873672429440865854550759608122226654663768424881958446455015303,0.0451,AVAILABLE,WHOLE_SESSION
MOMENTUM_AWAY_025,USD025_TARGET_2R_BE1R,COMMON_AVAILABLE_ATR_IDENTITIES,0,target_first,ATR050_TARGET_2R_BE1R,FIXED_MINUS_ATR,0.023593366686930758264804788468590111437155873959132211600651654602424225587410442,4125,4125,0,0,4125,4125,0,0,0,164,10000,20260908,10000,0,-0.023817512413106000460280815106022942585619001766589998068056552844605492262489829,0.072616814265464934697622745030736659152026965677954362070186089702155710479905556,0.8373,AVAILABLE,WHOLE_SESSION
MOMENTUM_AWAY_025,USD025_TARGET_2R_BE1R,COMMON_AVAILABLE_ATR_IDENTITIES,0.01,stop_first,ATR050_TARGET_2R_BE1R,FIXED_MINUS_ATR,-0.055840700610636629951036347636553895715852453019425181462190572809843945090723745,4125,4125,0,0,4125,4125,0,0,0,164,10000,20260908,10000,0,-0.10393005797330650246348646060296619415698164975679233638290486149918687286483180,-0.0081332677745274900491290775487369520344285669438447190511706615825724698759700027,0.0123,AVAILABLE,WHOLE_SESSION
MOMENTUM_AWAY_025,USD025_TARGET_2R_BE1R,COMMON_AVAILABLE_ATR_IDENTITIES,0.01,target_first,ATR050_TARGET_2R_BE1R,FIXED_MINUS_ATR,0.0093714206014845821701757735755673164053596681926960306590215484022772670304883653,4125,4125,0,0,4125,4125,0,0,0,164,10000,20260908,10000,0,-0.038065224816699570964255326670818549341648585156230797822678360998070227211830201,0.058174893863111993360744815784238073258964285777823518286813300631930539568821314,0.6538,AVAILABLE,WHOLE_SESSION
MOMENTUM_AWAY_025,USD025_TARGET_2R_BE1R,COMMON_AVAILABLE_ATR_IDENTITIES,0.02,stop_first,ATR050_TARGET_2R_BE1R,FIXED_MINUS_ATR,-0.070062646696082806045665362529576690747648658785861362403820679009990903647645755,4125,4125,0,0,4125,4125,0,0,0,164,10000,20260908,10000,0,-0.11851168618823621679634359768754919903705285672495183114611215405137492858458855,-0.021839694842349162663524978955648995642163831758113447926869646137542892164111035,0.0024,AVAILABLE,WHOLE_SESSION
MOMENTUM_AWAY_025,USD025_TARGET_2R_BE1R,COMMON_AVAILABLE_ATR_IDENTITIES,0.02,target_first,ATR050_TARGET_2R_BE1R,FIXED_MINUS_ATR,-0.0048505254839615939244532413174554786264365375737401502826085577978696915264337166,4125,4125,0,0,4125,4125,0,0,0,164,10000,20260908,10000,0,-0.052411968450129183832941216361558318211625793115372407153520357624891687278942323,0.043841710972065979124908087289468884076962164085921979937571752551962131422456659,0.4237,AVAILABLE,WHOLE_SESSION
MOMENTUM_AWAY_025,USD030_TARGET_2R_BE1R,COMMON_AVAILABLE_ATR_IDENTITIES,0,stop_first,ATR050_TARGET_2R_BE1R,FIXED_MINUS_ATR,-0.027767619171655100321053797389995747148702711899453646985206931256161632998448145,4125,4125,0,0,4125,4125,0,0,0,164,10000,20260908,10000,0,-0.067881636679876828300208485969481417577848229688502189082736730912775463518348535,0.013187189508032098862733180990216191781599493421046768076969354693389160721415626,0.0918,AVAILABLE,WHOLE_SESSION
MOMENTUM_AWAY_025,USD030_TARGET_2R_BE1R,COMMON_AVAILABLE_ATR_IDENTITIES,0,target_first,ATR050_TARGET_2R_BE1R,FIXED_MINUS_ATR,-0.0095858009898369185028719792081775653305208937176354651670251130743434511802663265,4125,4125,0,0,4125,4125,0,0,0,164,10000,20260908,10000,0,-0.051512446623484421169640260986037217769463620755739816654952430176545453431584808,0.032097380721126749956428947339195319628322621712111540189327733199405828488851234,0.3252,AVAILABLE,WHOLE_SESSION
MOMENTUM_AWAY_025,USD030_TARGET_2R_BE1R,COMMON_AVAILABLE_ATR_IDENTITIES,0.01,stop_first,ATR050_TARGET_2R_BE1R,FIXED_MINUS_ATR,-0.035322898590434609749016145616351875513832250999223161260170370789641924888703576,4125,4125,0,0,4125,4125,0,0,0,164,10000,20260908,10000,0,-0.075798690660828298519493553156194376461038488283041274967521289979761564626754637,0.0060144998908102639681560411631680595522143329660792353488362313476362549681679259,0.0488,AVAILABLE,WHOLE_SESSION
MOMENTUM_AWAY_025,USD030_TARGET_2R_BE1R,COMMON_AVAILABLE_ATR_IDENTITIES,0.01,target_first,ATR050_TARGET_2R_BE1R,FIXED_MINUS_ATR,-0.017141080408616427930834327434533693695650432817404979441988552607823743070521712,4125,4125,0,0,4125,4125,0,0,0,164,10000,20260908,10000,0,-0.059276398542162683815000757674157051204274974153082372149099949646380077210421166,0.024410392172425369411095087252577930940826420872780225914089126787810680978583074,0.2119,AVAILABLE,WHOLE_SESSION
MOMENTUM_AWAY_025,USD030_TARGET_2R_BE1R,COMMON_AVAILABLE_ATR_IDENTITIES,0.02,stop_first,ATR050_TARGET_2R_BE1R,FIXED_MINUS_ATR,-0.042878178009214119176978493842708003878961790098992675535133810323122216778959011,4125,4125,0,0,4125,4125,0,0,0,164,10000,20260908,10000,0,-0.083568529415947864242416771197209039810909894264955212964537398833363951782019600,-0.0014426734639917197049215955481366082753125503748833367838405624119769762150330866,0.0218,AVAILABLE,WHOLE_SESSION
MOMENTUM_AWAY_025,USD030_TARGET_2R_BE1R,COMMON_AVAILABLE_ATR_IDENTITIES,0.02,target_first,ATR050_TARGET_2R_BE1R,FIXED_MINUS_ATR,-0.024696359827395937358796675660889822060779971917174493716951992141304034960777185,4125,4125,0,0,4125,4125,0,0,0,164,10000,20260908,10000,0,-0.066882785815452158784239624450800172195902488491948272834874949335842062832158636,0.016888265022764969539478271012133117691355994685030478865477435194925497107026141,0.1264,AVAILABLE,WHOLE_SESSION
MOMENTUM_AWAY_025,USD040_TARGET_2R_BE1R,COMMON_AVAILABLE_ATR_IDENTITIES,0,stop_first,ATR050_TARGET_2R_BE1R,FIXED_MINUS_ATR,-0.011128487858523787189740666076864434017389580586322333853893799943030319867135013,4125,4125,0,0,4125,4125,0,0,0,164,10000,20260908,10000,0,-0.050836991935919963199153114420415918130602784684386546003057481949118458062282511,0.030562809982186516017826818475002915736339453456583031519466759773940965695377066,0.2976,AVAILABLE,WHOLE_SESSION
MOMENTUM_AWAY_025,USD040_TARGET_2R_BE1R,COMMON_AVAILABLE_ATR_IDENTITIES,0,target_first,ATR050_TARGET_2R_BE1R,FIXED_MINUS_ATR,-0.011128487858523787189740666076864434017389580586322333853893799943030319867135013,4125,4125,0,0,4125,4125,0,0,0,164,10000,20260908,10000,0,-0.051347905728360196423290893204137770675665907053239155605719968466012136518785198,0.030990984600186812066975532047557325758474128493797956599381512186493876004908797,0.3009,AVAILABLE,WHOLE_SESSION
MOMENTUM_AWAY_025,USD040_TARGET_2R_BE1R,COMMON_AVAILABLE_ATR_IDENTITIES,0.01,stop_first,ATR050_TARGET_2R_BE1R,FIXED_MINUS_ATR,-0.010350433943969963284369680969887229049185786352758514795523906143177278424057089,4125,4125,0,0,4125,4125,0,0,0,164,10000,20260908,10000,0,-0.050164665136185592013479165094820752184469630929408109630225801672448304209460036,0.031717615598753603739622614076181533819650403463012189523826614201944613762241111,0.3121,AVAILABLE,WHOLE_SESSION
MOMENTUM_AWAY_025,USD040_TARGET_2R_BE1R,COMMON_AVAILABLE_ATR_IDENTITIES,0.01,target_first,ATR050_TARGET_2R_BE1R,FIXED_MINUS_ATR,-0.010350433943969963284369680969887229049185786352758514795523906143177278424057089,4125,4125,0,0,4125,4125,0,0,0,164,10000,20260908,10000,0,-0.050670745012690550590689427929058779683024174720565201471245158971551452868823983,0.031490053837667406536646808809673203576502338094684044156891950865413995747407291,0.3154,AVAILABLE,WHOLE_SESSION
MOMENTUM_AWAY_025,USD040_TARGET_2R_BE1R,COMMON_AVAILABLE_ATR_IDENTITIES,0.02,stop_first,ATR050_TARGET_2R_BE1R,FIXED_MINUS_ATR,-0.0095723800294161393789986958629100240809819921191946957371540123433242369809791644,4125,4125,0,0,4125,4125,0,0,0,164,10000,20260908,10000,0,-0.049385966200089188792721428763363057822571606391058655509845663396112162659061514,0.032695144936923822554398209117163750697123200160312698871939931747457969382831124,0.3274,AVAILABLE,WHOLE_SESSION
MOMENTUM_AWAY_025,USD040_TARGET_2R_BE1R,COMMON_AVAILABLE_ATR_IDENTITIES,0.02,target_first,ATR050_TARGET_2R_BE1R,FIXED_MINUS_ATR,-0.0095723800294161393789986958629100240809819921191946957371540123433242369809791653,4125,4125,0,0,4125,4125,0,0,0,164,10000,20260908,10000,0,-0.049991317268528662672032740572638469355314951232585501708427726152153863720974659,0.032742597014617562967821424885611011201464676356126051777279749674217569970978606,0.3284,AVAILABLE,WHOLE_SESSION
