variant,session,eligible_interactions,signals,executable_signals,zero_signal_session,mean_mfe,mean_mae
IMMEDIATE_CLOSE_BACK_1M,2026-01-02,26,9,9,False,1.388888888888888888888888889,1.397222222222222222222222222
IMMEDIATE_CLOSE_BACK_1M,2026-01-05,20,9,9,False,0.575000000000,0.453000000000
IMMEDIATE_CLOSE_BACK_1M,2026-01-06,29,14,14,False,0.6260785714285714285714285714,0.7407785714285714285714285714
IMMEDIATE_CLOSE_BACK_1M,2026-01-07,23,14,14,False,0.460600000000,0.836900000000
IMMEDIATE_CLOSE_BACK_1M,2026-01-08,59,35,34,False,0.5450529411764705882352941176,0.6261588235294117647058823529
IMMEDIATE_CLOSE_BACK_1M,2026-01-09,23,11,10,False,1.734500000000,0.703000000000
IMMEDIATE_CLOSE_BACK_1M,2026-01-12,17,13,13,False,0.2580769230769230769230769231,0.2253846153846153846153846154
IMMEDIATE_CLOSE_BACK_1M,2026-01-13,13,9,8,False,1.140462500000,0.771887500000
IMMEDIATE_CLOSE_BACK_1M,2026-01-14,68,33,30,False,1.524996666666666666666666667,0.9013333333333333333333333333
IMMEDIATE_CLOSE_BACK_1M,2026-01-15,24,14,14,False,0.5662071428571428571428571429,0.7120928571428571428571428571
IMMEDIATE_CLOSE_BACK_1M,2026-01-16,18,12,12,False,1.026350000000,0.678400000000
IMMEDIATE_CLOSE_BACK_1M,2026-01-20,17,13,13,False,1.277307692307692307692307692,0.8334615384615384615384615385
IMMEDIATE_CLOSE_BACK_1M,2026-01-21,47,26,25,False,0.910536000000,2.177256000000
IMMEDIATE_CLOSE_BACK_1M,2026-01-22,66,38,38,False,0.9452894736842105263157894737,0.5248421052631578947368421053
IMMEDIATE_CLOSE_BACK_1M,2026-01-23,45,33,33,False,0.8344393939393939393939393939,0.4687969696969696969696969697
IMMEDIATE_CLOSE_BACK_1M,2026-01-26,22,11,11,False,0.4808727272727272727272727273,1.079127272727272727272727273
IMMEDIATE_CLOSE_BACK_1M,2026-01-27,13,10,9,False,0.8301888888888888888888888889,0.5298111111111111111111111111
IMMEDIATE_CLOSE_BACK_1M,2026-01-28,21,15,15,False,0.8640333333333333333333333333,0.5739933333333333333333333333
IMMEDIATE_CLOSE_BACK_1M,2026-01-29,92,37,37,False,0.8690540540540540540540540541,1.332648648648648648648648649
IMMEDIATE_CLOSE_BACK_1M,2026-01-30,117,65,65,False,1.237693846153846153846153846,1.180536923076923076923076923
IMMEDIATE_CLOSE_BACK_1M,2026-02-02,34,21,21,False,0.7428571428571428571428571429,1.400223809523809523809523810
IMMEDIATE_CLOSE_BACK_1M,2026-02-03,81,48,48,False,1.171747916666666666666666667,1.043841666666666666666666667
IMMEDIATE_CLOSE_BACK_1M,2026-02-04,114,70,70,False,1.692201428571428571428571429,1.466345714285714285714285714
IMMEDIATE_CLOSE_BACK_1M,2026-02-05,36,16,16,False,1.345843750000,1.584093750000
IMMEDIATE_CLOSE_BACK_1M,2026-02-06,73,37,37,False,1.010951351351351351351351351,1.042027027027027027027027027
IMMEDIATE_CLOSE_BACK_1M,2026-02-09,34,15,15,False,0.7993333333333333333333333333,0.9373333333333333333333333333
IMMEDIATE_CLOSE_BACK_1M,2026-02-10,42,26,26,False,0.7531192307692307692307692308,0.6365423076923076923076923077
IMMEDIATE_CLOSE_BACK_1M,2026-02-11,57,35,35,False,1.375305714285714285714285714,1.243705714285714285714285714
IMMEDIATE_CLOSE_BACK_1M,2026-02-12,78,32,32,False,0.761334375000,2.637412500000
IMMEDIATE_CLOSE_BACK_1M,2026-02-13,66,36,35,False,1.835574285714285714285714286,0.949000000000
IMMEDIATE_CLOSE_BACK_1M,2026-02-17,58,30,30,False,2.029956666666666666666666667,1.266123333333333333333333333
IMMEDIATE_CLOSE_BACK_1M,2026-02-18,86,43,43,False,0.6217093023255813953488372093,1.340034883720930232558139535
IMMEDIATE_CLOSE_BACK_1M,2026-02-19,62,35,34,False,1.204344117647058823529411765,0.6252823529411764705882352941
IMMEDIATE_CLOSE_BACK_1M,2026-02-20,143,65,63,False,1.730855555555555555555555556,1.345755555555555555555555556
IMMEDIATE_CLOSE_BACK_1M,2026-02-23,70,39,38,False,0.8332842105263157894736842105,1.510505263157894736842105263
IMMEDIATE_CLOSE_BACK_1M,2026-02-24,77,40,40,False,1.211077500000,0.850442500000
IMMEDIATE_CLOSE_BACK_1M,2026-02-25,38,17,17,False,0.5267588235294117647058823529,0.7046941176470588235294117647
IMMEDIATE_CLOSE_BACK_1M,2026-02-26,109,43,43,False,0.7925139534883720930232558140,1.533502325581395348837209302
IMMEDIATE_CLOSE_BACK_1M,2026-02-27,87,58,54,False,1.223972222222222222222222222,0.7201814814814814814814814815
IMMEDIATE_CLOSE_BACK_1M,2026-03-02,128,62,62,False,0.856900000000,1.120293548387096774193548387
IMMEDIATE_CLOSE_BACK_1M,2026-03-03,64,41,41,False,1.434290243902439024390243902,1.055221951219512195121951220
IMMEDIATE_CLOSE_BACK_1M,2026-03-04,109,54,53,False,1.100283018867924528301886792,0.8544339622641509433962264151
IMMEDIATE_CLOSE_BACK_1M,2026-03-05,90,40,40,False,1.194620000000,1.680980000000
IMMEDIATE_CLOSE_BACK_1M,2026-03-06,24,11,11,False,2.344545454545454545454545455,0.5749272727272727272727272727
IMMEDIATE_CLOSE_BACK_1M,2026-03-09,29,11,11,False,0.7391090909090909090909090909,2.338181818181818181818181818
IMMEDIATE_CLOSE_BACK_1M,2026-03-10,76,37,37,False,1.263964864864864864864864865,1.184267567567567567567567568
IMMEDIATE_CLOSE_BACK_1M,2026-03-11,46,28,28,False,1.615789285714285714285714286,1.327071428571428571428571429
IMMEDIATE_CLOSE_BACK_1M,2026-03-12,34,10,10,False,1.715680000000,0.610220000000
IMMEDIATE_CLOSE_BACK_1M,2026-03-13,17,9,9,False,0.7630111111111111111111111111,1.754211111111111111111111111
IMMEDIATE_CLOSE_BACK_1M,2026-03-16,28,12,12,False,1.245000000000,0.7851083333333333333333333333
IMMEDIATE_CLOSE_BACK_1M,2026-03-17,21,12,12,False,0.7834416666666666666666666667,0.7946166666666666666666666667
IMMEDIATE_CLOSE_BACK_1M,2026-03-18,24,12,11,False,1.123727272727272727272727273,0.8704545454545454545454545455
IMMEDIATE_CLOSE_BACK_1M,2026-03-19,11,5,5,False,1.138000000000,1.460000000000
IMMEDIATE_CLOSE_BACK_1M,2026-03-20,7,4,4,False,2.613750000000,1.475000000000
IMMEDIATE_CLOSE_BACK_1M,2026-03-23,25,16,16,False,1.251250000000,1.374375000000
IMMEDIATE_CLOSE_BACK_1M,2026-03-24,27,13,13,False,1.710000000000,1.139230769230769230769230769
IMMEDIATE_CLOSE_BACK_1M,2026-03-25,27,18,18,False,0.6297388888888888888888888889,1.534166666666666666666666667
IMMEDIATE_CLOSE_BACK_1M,2026-03-26,24,12,12,False,1.365000000000,1.009166666666666666666666667
IMMEDIATE_CLOSE_BACK_1M,2026-03-27,5,1,1,False,0.170000000000,1.910000000000
IMMEDIATE_CLOSE_BACK_1M,2026-03-30,10,5,5,False,0.986600000000,0.746500000000
IMMEDIATE_CLOSE_BACK_1M,2026-03-31,17,6,6,False,1.228333333333333333333333333,1.490000000000
IMMEDIATE_CLOSE_BACK_1M,2026-04-01,28,17,17,False,1.132641176470588235294117647,0.9996470588235294117647058824
IMMEDIATE_CLOSE_BACK_1M,2026-04-02,36,19,19,False,0.9997842105263157894736842105,1.295231578947368421052631579
IMMEDIATE_CLOSE_BACK_1M,2026-04-06,40,27,27,False,0.9723481481481481481481481481,0.9731481481481481481481481481
IMMEDIATE_CLOSE_BACK_1M,2026-04-07,51,21,20,False,1.366800000000,1.606000000000
IMMEDIATE_CLOSE_BACK_1M,2026-04-08,34,19,19,False,0.8133526315789473684210526316,0.9649368421052631578947368421
IMMEDIATE_CLOSE_BACK_1M,2026-04-09,39,17,17,False,0.6852823529411764705882352941,1.258941176470588235294117647
IMMEDIATE_CLOSE_BACK_1M,2026-04-10,35,20,20,False,0.759480000000,0.745075000000
IMMEDIATE_CLOSE_BACK_1M,2026-04-13,63,41,40,False,0.676957500000,0.946667500000
IMMEDIATE_CLOSE_BACK_1M,2026-04-14,54,30,30,False,0.4268333333333333333333333333,0.7867366666666666666666666667
IMMEDIATE_CLOSE_BACK_1M,2026-04-15,37,17,17,False,0.8703529411764705882352941176,0.4196470588235294117647058824
IMMEDIATE_CLOSE_BACK_1M,2026-04-16,17,7,7,False,0.5208571428571428571428571429,0.8903428571428571428571428571
IMMEDIATE_CLOSE_BACK_1M,2026-04-17,2,1,1,False,2.630000000000,0.060000000000
IMMEDIATE_CLOSE_BACK_1M,2026-04-20,10,6,6,False,0.825000000000,0.5150333333333333333333333333
IMMEDIATE_CLOSE_BACK_1M,2026-04-21,20,9,9,False,1.169988888888888888888888889,0.9833333333333333333333333333
IMMEDIATE_CLOSE_BACK_1M,2026-04-22,11,4,4,False,0.655000000000,0.267500000000
IMMEDIATE_CLOSE_BACK_1M,2026-04-23,30,21,21,False,0.9964285714285714285714285714,1.597347619047619047619047619
IMMEDIATE_CLOSE_BACK_1M,2026-04-24,12,3,3,False,1.001666666666666666666666667,0.3716666666666666666666666667
IMMEDIATE_CLOSE_BACK_1M,2026-04-27,13,11,11,False,0.7644181818181818181818181818,0.3903272727272727272727272727
IMMEDIATE_CLOSE_BACK_1M,2026-04-28,18,10,10,False,0.891500000000,0.406500000000
IMMEDIATE_CLOSE_BACK_1M,2026-04-29,37,23,23,False,0.9371217391304347826086956522,0.6587434782608695652173913043
IMMEDIATE_CLOSE_BACK_1M,2026-04-30,28,16,16,False,0.918125000000,1.065000000000
IMMEDIATE_CLOSE_BACK_1M,2026-05-01,8,4,4,False,0.867675000000,0.477325000000
IMMEDIATE_CLOSE_BACK_1M,2026-05-04,6,5,5,False,0.669000000000,1.830000000000
IMMEDIATE_CLOSE_BACK_1M,2026-05-05,6,3,3,False,0.943400000000,0.7433333333333333333333333333
IMMEDIATE_CLOSE_BACK_1M,2026-05-06,3,2,2,False,0.518500000000,0.885000000000
IMMEDIATE_CLOSE_BACK_1M,2026-05-07,12,4,4,False,0.505000000000,0.652500000000
IMMEDIATE_CLOSE_BACK_1M,2026-05-08,10,8,8,False,1.226800000000,0.210625000000
IMMEDIATE_CLOSE_BACK_1M,2026-05-11,6,0,0,True,,
IMMEDIATE_CLOSE_BACK_1M,2026-05-12,21,12,12,False,0.7808333333333333333333333333,0.8991666666666666666666666667
IMMEDIATE_CLOSE_BACK_1M,2026-05-13,9,4,4,False,0.337500000000,0.765000000000
IMMEDIATE_CLOSE_BACK_1M,2026-05-14,3,0,0,True,,
IMMEDIATE_CLOSE_BACK_1M,2026-05-15,16,6,6,False,1.410850000000,0.9224833333333333333333333333
IMMEDIATE_CLOSE_BACK_1M,2026-05-18,28,16,16,False,1.370968750000,1.098125000000
IMMEDIATE_CLOSE_BACK_1M,2026-05-19,28,18,18,False,1.411177777777777777777777778,0.9521555555555555555555555556
IMMEDIATE_CLOSE_BACK_1M,2026-05-20,19,10,10,False,1.845250000000,0.879750000000
IMMEDIATE_CLOSE_BACK_1M,2026-05-21,28,13,13,False,1.329092307692307692307692308,1.329392307692307692307692308
IMMEDIATE_CLOSE_BACK_1M,2026-05-22,13,3,3,False,0.6783333333333333333333333333,0.845000000000
IMMEDIATE_CLOSE_BACK_1M,2026-05-26,29,13,13,False,0.4754692307692307692307692308,0.658400000000
IMMEDIATE_CLOSE_BACK_1M,2026-05-27,24,13,13,False,0.900000000000,0.5665384615384615384615384615
IMMEDIATE_CLOSE_BACK_1M,2026-05-28,7,3,3,False,1.246666666666666666666666667,0.3866666666666666666666666667
IMMEDIATE_CLOSE_BACK_1M,2026-05-29,12,7,6,False,0.852500000000,0.6766666666666666666666666667
IMMEDIATE_CLOSE_BACK_1M,2026-06-01,13,5,5,False,0.599000000000,0.148000000000
IMMEDIATE_CLOSE_BACK_1M,2026-06-02,8,6,6,False,0.8106666666666666666666666667,0.4023333333333333333333333333
IMMEDIATE_CLOSE_BACK_1M,2026-06-03,12,6,6,False,0.375200000000,2.016466666666666666666666667
IMMEDIATE_CLOSE_BACK_1M,2026-06-04,19,14,14,False,0.4956428571428571428571428571,0.740000000000
IMMEDIATE_CLOSE_BACK_1M,2026-06-05,32,12,12,False,1.077483333333333333333333333,1.615375000000
IMMEDIATE_CLOSE_BACK_1M,2026-06-08,27,12,12,False,1.422483333333333333333333333,0.8275166666666666666666666667
IMMEDIATE_CLOSE_BACK_1M,2026-06-09,52,20,20,False,1.857205000000,2.111250000000
IMMEDIATE_CLOSE_BACK_1M,2026-06-10,34,11,11,False,2.491363636363636363636363636,1.361000000000
IMMEDIATE_CLOSE_BACK_1M,2026-06-11,42,18,18,False,2.393611111111111111111111111,1.709444444444444444444444444
IMMEDIATE_CLOSE_BACK_1M,2026-06-12,57,30,30,False,1.942030000000,1.330800000000
IMMEDIATE_CLOSE_BACK_1M,2026-06-15,14,6,5,False,0.378420000000,0.730580000000
IMMEDIATE_CLOSE_BACK_1M,2026-06-16,18,13,13,False,0.8856307692307692307692307692,0.6881384615384615384615384615
IMMEDIATE_CLOSE_BACK_1M,2026-06-17,55,21,21,False,1.993680952380952380952380952,1.365357142857142857142857143
IMMEDIATE_CLOSE_BACK_1M,2026-06-18,39,23,19,False,1.549094736842105263157894737,0.6324736842105263157894736842
IMMEDIATE_CLOSE_BACK_1M,2026-06-22,44,18,18,False,0.6822944444444444444444444444,1.729433333333333333333333333
IMMEDIATE_CLOSE_BACK_1M,2026-06-23,43,22,22,False,1.359318181818181818181818182,0.986350000000
IMMEDIATE_CLOSE_BACK_1M,2026-06-24,58,33,32,False,1.312662500000,1.256575000000
IMMEDIATE_CLOSE_BACK_1M,2026-06-25,60,27,26,False,2.293038461538461538461538462,1.894076923076923076923076923
IMMEDIATE_CLOSE_BACK_1M,2026-06-26,44,23,18,False,1.885400000000,1.737877777777777777777777778
IMMEDIATE_CLOSE_BACK_1M,2026-06-29,49,26,26,False,1.770384615384615384615384615,1.221153846153846153846153846
IMMEDIATE_CLOSE_BACK_1M,2026-06-30,20,12,12,False,1.075916666666666666666666667,1.049166666666666666666666667
IMMEDIATE_CLOSE_BACK_1M,2026-07-01,37,18,18,False,0.6741555555555555555555555556,0.9147333333333333333333333333
IMMEDIATE_CLOSE_BACK_1M,2026-07-02,59,30,29,False,0.6561068965517241379310344828,2.089600000000
IMMEDIATE_CLOSE_BACK_1M,2026-07-06,39,28,28,False,0.7174571428571428571428571429,0.7229714285714285714285714286
IMMEDIATE_CLOSE_BACK_1M,2026-07-07,37,24,24,False,0.5416666666666666666666666667,1.323379166666666666666666667
IMMEDIATE_CLOSE_BACK_1M,2026-07-08,50,38,37,False,0.8814324324324324324324324324,0.8899378378378378378378378378
IMMEDIATE_CLOSE_BACK_1M,2026-07-09,44,25,25,False,0.557224000000,0.593976000000
IMMEDIATE_CLOSE_BACK_1M,2026-07-10,44,26,25,False,1.271080000000,1.057280000000
IMMEDIATE_CLOSE_BACK_1M,2026-07-13,47,26,26,False,1.063903846153846153846153846,0.5499923076923076923076923077
IMMEDIATE_CLOSE_BACK_1M,2026-07-14,42,30,30,False,0.996140000000,0.8868266666666666666666666667
IMMEDIATE_CLOSE_BACK_1M,2026-07-15,47,14,14,False,1.005192857142857142857142857,0.8743928571428571428571428571
IMMEDIATE_CLOSE_BACK_1M,2026-07-16,55,29,29,False,0.8417241379310344827586206897,0.8134482758620689655172413793
IMMEDIATE_CLOSE_BACK_1M,2026-07-17,39,22,21,False,1.051171428571428571428571429,1.657333333333333333333333333
IMMEDIATE_CLOSE_BACK_1M,2026-07-20,48,26,26,False,1.214519230769230769230769231,0.8504692307692307692307692308
IMMEDIATE_CLOSE_BACK_1M,2026-07-21,53,32,29,False,0.5174827586206896551724137931,0.3586586206896551724137931034
IMMEDIATE_CLOSE_BACK_1M,2026-07-22,65,31,31,False,0.4683419354838709677419354839,0.8219354838709677419354838710
IMMEDIATE_CLOSE_BACK_1M,2026-07-23,70,31,31,False,1.010480645161290322580645161,1.151932258064516129032258065
IMMEDIATE_CLOSE_BACK_1M,2026-07-24,79,43,43,False,0.949200000000,1.062474418604651162790697674
IMMEDIATE_CLOSE_BACK_1M,2026-07-27,73,34,34,False,1.106758823529411764705882353,1.632650000000
IMMEDIATE_CLOSE_BACK_1M,2026-07-28,61,34,34,False,0.8139588235294117647058823529,0.9636117647058823529411764706
IMMEDIATE_CLOSE_BACK_1M,2026-07-29,113,52,52,False,1.952950000000,2.476346153846153846153846154
IMMEDIATE_CLOSE_BACK_1M,2026-07-30,70,34,33,False,0.826900000000,1.351136363636363636363636364
IMMEDIATE_CLOSE_BACK_1M,2026-07-31,95,61,60,False,1.236760000000,1.493091666666666666666666667
IMMEDIATE_CLOSE_BACK_1M,2026-08-03,36,22,22,False,1.071750000000,1.416868181818181818181818182
IMMEDIATE_CLOSE_BACK_1M,2026-08-04,1,0,0,True,,
IMMEDIATE_CLOSE_BACK_1M,2026-08-05,5,1,1,False,2.140000000000,0.280000000000
IMMEDIATE_CLOSE_BACK_1M,2026-08-06,17,8,8,False,0.635000000000,1.080000000000
IMMEDIATE_CLOSE_BACK_1M,2026-08-07,14,7,7,False,1.310714285714285714285714286,0.7190714285714285714285714286
IMMEDIATE_CLOSE_BACK_1M,2026-08-10,18,12,12,False,0.6929166666666666666666666667,0.4529166666666666666666666667
IMMEDIATE_CLOSE_BACK_1M,2026-08-11,14,8,8,False,0.600625000000,0.445625000000
IMMEDIATE_CLOSE_BACK_1M,2026-08-12,12,5,5,False,0.550000000000,0.712000000000
IMMEDIATE_CLOSE_BACK_1M,2026-08-13,16,8,8,False,0.206250000000,1.830000000000
IMMEDIATE_CLOSE_BACK_1M,2026-08-14,7,6,6,False,0.3033333333333333333333333333,0.685000000000
IMMEDIATE_CLOSE_BACK_1M,2026-08-17,19,16,16,False,0.338712500000,0.500356250000
IMMEDIATE_CLOSE_BACK_1M,2026-08-18,17,10,10,False,1.030000000000,0.292250000000
IMMEDIATE_CLOSE_BACK_1M,2026-08-19,35,16,16,False,0.672112500000,0.961437500000
IMMEDIATE_CLOSE_BACK_1M,2026-08-20,13,4,4,False,0.945000000000,0.795000000000
IMMEDIATE_CLOSE_BACK_1M,2026-08-21,11,4,4,False,0.638750000000,0.868750000000
IMMEDIATE_CLOSE_BACK_1M,2026-08-24,18,11,11,False,0.4747454545454545454545454545,0.6911636363636363636363636364
IMMEDIATE_CLOSE_BACK_1M,2026-08-25,15,9,9,False,0.3755555555555555555555555556,0.9398666666666666666666666667
IMMEDIATE_CLOSE_BACK_1M,2026-08-26,30,17,16,False,0.597225000000,0.663987500000
IMMEDIATE_CLOSE_BACK_1M,2026-08-27,20,13,13,False,1.143076923076923076923076923,0.5515384615384615384615384615
IMMEDIATE_CLOSE_BACK_1M,2026-08-28,44,25,25,False,0.837820000000,1.511468000000
IMMEDIATE_CLOSE_BACK_1M,2026-08-31,32,20,19,False,0.7675736842105263157894736842,0.4963157894736842105263157895
IMMEDIATE_CLOSE_BACK_1M,2026-09-01,34,15,15,False,0.455980000000,0.6553333333333333333333333333
IMMEDIATE_CLOSE_BACK_1M,2026-09-02,38,22,22,False,0.5154045454545454545454545455,0.5380909090909090909090909091
IMMEDIATE_CLOSE_BACK_1M,2026-09-03,27,13,13,False,1.826923076923076923076923077,0.5557692307692307692307692308
IMMEDIATE_CLOSE_BACK_1M,2026-09-04,19,9,9,False,0.5282555555555555555555555556,0.5250111111111111111111111111
IMMEDIATE_CLOSE_BACK_5M,2026-01-02,26,11,11,False,1.609090909090909090909090909,1.052727272727272727272727273
IMMEDIATE_CLOSE_BACK_5M,2026-01-05,20,10,10,False,0.609010000000,0.453680000000
IMMEDIATE_CLOSE_BACK_5M,2026-01-06,29,17,17,False,0.6823588235294117647058823529,0.5968764705882352941176470588
IMMEDIATE_CLOSE_BACK_5M,2026-01-07,23,16,16,False,0.431875000000,0.805625000000
IMMEDIATE_CLOSE_BACK_5M,2026-01-08,59,31,30,False,0.526510000000,0.6095733333333333333333333333
IMMEDIATE_CLOSE_BACK_5M,2026-01-09,23,10,9,False,1.812233333333333333333333333,0.4416666666666666666666666667
IMMEDIATE_CLOSE_BACK_5M,2026-01-12,17,7,7,False,0.4028571428571428571428571429,0.2228571428571428571428571429
IMMEDIATE_CLOSE_BACK_5M,2026-01-13,13,8,7,False,1.221414285714285714285714286,1.020728571428571428571428571
IMMEDIATE_CLOSE_BACK_5M,2026-01-14,68,41,38,False,1.232500000000,1.143289473684210526315789474
IMMEDIATE_CLOSE_BACK_5M,2026-01-15,24,11,11,False,0.5510909090909090909090909091,0.7444818181818181818181818182
IMMEDIATE_CLOSE_BACK_5M,2026-01-16,18,10,10,False,1.165350000000,0.583500000000
IMMEDIATE_CLOSE_BACK_5M,2026-01-20,17,10,10,False,1.305200000000,0.905000000000
IMMEDIATE_CLOSE_BACK_5M,2026-01-21,47,25,24,False,0.901650000000,1.778141666666666666666666667
IMMEDIATE_CLOSE_BACK_5M,2026-01-22,66,41,41,False,0.7972804878048780487804878049,0.6725560975609756097560975610
IMMEDIATE_CLOSE_BACK_5M,2026-01-23,45,30,30,False,0.7893633333333333333333333333,0.482230000000
IMMEDIATE_CLOSE_BACK_5M,2026-01-26,22,8,8,False,0.662500000000,0.177500000000
IMMEDIATE_CLOSE_BACK_5M,2026-01-27,13,8,7,False,0.6485714285714285714285714286,0.6585714285714285714285714286
IMMEDIATE_CLOSE_BACK_5M,2026-01-28,21,13,13,False,0.7541153846153846153846153846,0.7609153846153846153846153846
IMMEDIATE_CLOSE_BACK_5M,2026-01-29,92,35,35,False,1.132200000000,1.119765714285714285714285714
IMMEDIATE_CLOSE_BACK_5M,2026-01-30,117,66,66,False,1.315460606060606060606060606,1.064006060606060606060606061
IMMEDIATE_CLOSE_BACK_5M,2026-02-02,34,15,15,False,0.8253333333333333333333333333,0.7896266666666666666666666667
IMMEDIATE_CLOSE_BACK_5M,2026-02-03,81,44,44,False,1.282720454545454545454545455,1.001870454545454545454545455
IMMEDIATE_CLOSE_BACK_5M,2026-02-04,114,58,56,False,1.921500000000,1.220000000000
IMMEDIATE_CLOSE_BACK_5M,2026-02-05,36,12,12,False,1.407491666666666666666666667,1.302875000000
IMMEDIATE_CLOSE_BACK_5M,2026-02-06,73,44,44,False,0.9874431818181818181818181818,1.125684090909090909090909091
IMMEDIATE_CLOSE_BACK_5M,2026-02-09,34,18,18,False,0.6419444444444444444444444444,0.7380555555555555555555555556
IMMEDIATE_CLOSE_BACK_5M,2026-02-10,42,30,28,False,0.7836107142857142857142857143,0.7904714285714285714285714286
IMMEDIATE_CLOSE_BACK_5M,2026-02-11,57,34,34,False,1.317341176470588235294117647,1.358247058823529411764705882
IMMEDIATE_CLOSE_BACK_5M,2026-02-12,78,29,29,False,0.9888827586206896551724137931,1.560565517241379310344827586
IMMEDIATE_CLOSE_BACK_5M,2026-02-13,66,41,40,False,1.686437500000,0.910062500000
IMMEDIATE_CLOSE_BACK_5M,2026-02-17,58,25,24,False,1.852654166666666666666666667,1.176066666666666666666666667
IMMEDIATE_CLOSE_BACK_5M,2026-02-18,86,44,44,False,0.6843204545454545454545454545,1.169200000000
IMMEDIATE_CLOSE_BACK_5M,2026-02-19,62,33,32,False,1.286906250000,0.775040625000
IMMEDIATE_CLOSE_BACK_5M,2026-02-20,143,85,83,False,1.789608433734939759036144578,1.316956626506024096385542169
IMMEDIATE_CLOSE_BACK_5M,2026-02-23,70,25,23,False,1.191304347826086956521739130,1.297960869565217391304347826
IMMEDIATE_CLOSE_BACK_5M,2026-02-24,77,33,33,False,0.8975151515151515151515151515,0.6548151515151515151515151515
IMMEDIATE_CLOSE_BACK_5M,2026-02-25,38,17,17,False,0.4299764705882352941176470588,0.7570529411764705882352941176
IMMEDIATE_CLOSE_BACK_5M,2026-02-26,109,46,46,False,0.7089043478260869565217391304,2.058680434782608695652173913
IMMEDIATE_CLOSE_BACK_5M,2026-02-27,87,51,47,False,1.211104255319148936170212766,0.8062063829787234042553191489
IMMEDIATE_CLOSE_BACK_5M,2026-03-02,128,59,54,False,0.7911185185185185185185185185,1.286559259259259259259259259
IMMEDIATE_CLOSE_BACK_5M,2026-03-03,64,43,43,False,1.236511627906976744186046512,1.308837209302325581395348837
IMMEDIATE_CLOSE_BACK_5M,2026-03-04,109,53,52,False,0.9666538461538461538461538462,1.213965384615384615384615385
IMMEDIATE_CLOSE_BACK_5M,2026-03-05,90,42,39,False,1.583076923076923076923076923,1.413041025641025641025641026
IMMEDIATE_CLOSE_BACK_5M,2026-03-06,24,15,15,False,1.908666666666666666666666667,0.917000000000
IMMEDIATE_CLOSE_BACK_5M,2026-03-09,29,8,8,False,0.560025000000,1.843750000000
IMMEDIATE_CLOSE_BACK_5M,2026-03-10,76,40,40,False,1.352530000000,1.080017500000
IMMEDIATE_CLOSE_BACK_5M,2026-03-11,46,29,29,False,1.405517241379310344827586207,1.358103448275862068965517241
IMMEDIATE_CLOSE_BACK_5M,2026-03-12,34,17,17,False,1.225864705882352941176470588,1.247529411764705882352941176
IMMEDIATE_CLOSE_BACK_5M,2026-03-13,17,7,6,False,1.162500000000,1.656666666666666666666666667
IMMEDIATE_CLOSE_BACK_5M,2026-03-16,28,14,14,False,0.9073642857142857142857142857,0.7408357142857142857142857143
IMMEDIATE_CLOSE_BACK_5M,2026-03-17,21,10,10,False,0.775000000000,0.400000000000
IMMEDIATE_CLOSE_BACK_5M,2026-03-18,24,10,9,False,1.735555555555555555555555556,0.560000000000
IMMEDIATE_CLOSE_BACK_5M,2026-03-19,11,5,5,False,1.952000000000,1.426000000000
IMMEDIATE_CLOSE_BACK_5M,2026-03-20,7,3,3,False,2.336666666666666666666666667,0.3333333333333333333333333333
IMMEDIATE_CLOSE_BACK_5M,2026-03-23,25,15,15,False,1.404666666666666666666666667,1.254666666666666666666666667
IMMEDIATE_CLOSE_BACK_5M,2026-03-24,27,16,16,False,1.330000000000,1.768750000000
IMMEDIATE_CLOSE_BACK_5M,2026-03-25,27,14,12,False,0.955425000000,1.115250000000
IMMEDIATE_CLOSE_BACK_5M,2026-03-26,24,15,15,False,1.142666666666666666666666667,1.084000000000
IMMEDIATE_CLOSE_BACK_5M,2026-03-27,5,3,3,False,0.7766333333333333333333333333,2.058666666666666666666666667
IMMEDIATE_CLOSE_BACK_5M,2026-03-30,10,5,5,False,1.278600000000,0.766000000000
IMMEDIATE_CLOSE_BACK_5M,2026-03-31,17,9,9,False,1.092222222222222222222222222,1.486666666666666666666666667
IMMEDIATE_CLOSE_BACK_5M,2026-04-01,28,14,14,False,1.130721428571428571428571429,0.9605714285714285714285714286
IMMEDIATE_CLOSE_BACK_5M,2026-04-02,36,19,19,False,1.072031578947368421052631579,1.027426315789473684210526316
IMMEDIATE_CLOSE_BACK_5M,2026-04-06,40,23,23,False,0.9226086956521739130434782609,1.038921739130434782608695652
IMMEDIATE_CLOSE_BACK_5M,2026-04-07,51,28,27,False,1.255081481481481481481481481,1.307607407407407407407407407
IMMEDIATE_CLOSE_BACK_5M,2026-04-08,34,16,16,False,0.810937500000,0.942500000000
IMMEDIATE_CLOSE_BACK_5M,2026-04-09,39,22,22,False,0.5888590909090909090909090909,1.330495454545454545454545455
IMMEDIATE_CLOSE_BACK_5M,2026-04-10,35,19,19,False,0.9492263157894736842105263158,0.5033631578947368421052631579
IMMEDIATE_CLOSE_BACK_5M,2026-04-13,63,45,40,False,0.823002500000,1.040247500000
IMMEDIATE_CLOSE_BACK_5M,2026-04-14,54,20,20,False,0.393250000000,0.761495000000
IMMEDIATE_CLOSE_BACK_5M,2026-04-15,37,17,17,False,0.6452941176470588235294117647,0.5100823529411764705882352941
IMMEDIATE_CLOSE_BACK_5M,2026-04-16,17,10,10,False,0.516500000000,1.067260000000
IMMEDIATE_CLOSE_BACK_5M,2026-04-17,2,2,2,False,1.830000000000,1.084650000000
IMMEDIATE_CLOSE_BACK_5M,2026-04-20,10,7,7,False,0.5985714285714285714285714286,0.7257428571428571428571428571
IMMEDIATE_CLOSE_BACK_5M,2026-04-21,20,9,9,False,0.6111111111111111111111111111,1.787777777777777777777777778
IMMEDIATE_CLOSE_BACK_5M,2026-04-22,11,7,7,False,0.635000000000,0.5057142857142857142857142857
IMMEDIATE_CLOSE_BACK_5M,2026-04-23,30,19,19,False,1.016110526315789473684210526,1.509663157894736842105263158
IMMEDIATE_CLOSE_BACK_5M,2026-04-24,12,6,6,False,0.6033333333333333333333333333,0.7766666666666666666666666667
IMMEDIATE_CLOSE_BACK_5M,2026-04-27,13,11,11,False,0.6625272727272727272727272727,0.4459090909090909090909090909
IMMEDIATE_CLOSE_BACK_5M,2026-04-28,18,10,10,False,0.816000000000,0.352000000000
IMMEDIATE_CLOSE_BACK_5M,2026-04-29,37,16,16,False,0.900681250000,0.608062500000
IMMEDIATE_CLOSE_BACK_5M,2026-04-30,28,15,15,False,0.8116666666666666666666666667,1.292653333333333333333333333
IMMEDIATE_CLOSE_BACK_5M,2026-05-01,8,6,6,False,0.332500000000,1.149166666666666666666666667
IMMEDIATE_CLOSE_BACK_5M,2026-05-04,6,5,5,False,0.580020000000,1.862980000000
IMMEDIATE_CLOSE_BACK_5M,2026-05-05,6,5,5,False,0.776000000000,0.473740000000
IMMEDIATE_CLOSE_BACK_5M,2026-05-06,3,3,3,False,0.7723333333333333333333333333,0.690000000000
IMMEDIATE_CLOSE_BACK_5M,2026-05-07,12,7,7,False,0.9428571428571428571428571429,0.6457142857142857142857142857
IMMEDIATE_CLOSE_BACK_5M,2026-05-08,10,10,10,False,0.719520000000,0.460480000000
IMMEDIATE_CLOSE_BACK_5M,2026-05-11,6,3,3,False,1.510000000000,0.190000000000
IMMEDIATE_CLOSE_BACK_5M,2026-05-12,21,5,5,False,1.274000000000,0.528000000000
IMMEDIATE_CLOSE_BACK_5M,2026-05-13,9,5,5,False,1.002000000000,0.523000000000
IMMEDIATE_CLOSE_BACK_5M,2026-05-14,3,1,1,False,1.595000000000,0.225000000000
IMMEDIATE_CLOSE_BACK_5M,2026-05-15,16,7,7,False,1.284300000000,0.825000000000
IMMEDIATE_CLOSE_BACK_5M,2026-05-18,28,14,14,False,1.243964285714285714285714286,0.9621428571428571428571428571
IMMEDIATE_CLOSE_BACK_5M,2026-05-19,28,16,16,False,1.364687500000,1.000937500000
IMMEDIATE_CLOSE_BACK_5M,2026-05-20,19,14,13,False,1.667507692307692307692307692,0.9224923076923076923076923077
IMMEDIATE_CLOSE_BACK_5M,2026-05-21,28,15,15,False,1.216000000000,1.466060000000
IMMEDIATE_CLOSE_BACK_5M,2026-05-22,13,3,3,False,0.7216666666666666666666666667,0.7333333333333333333333333333
IMMEDIATE_CLOSE_BACK_5M,2026-05-26,29,12,12,False,0.5862916666666666666666666667,0.6870833333333333333333333333
IMMEDIATE_CLOSE_BACK_5M,2026-05-27,24,13,13,False,0.7803846153846153846153846154,0.7661538461538461538461538462
IMMEDIATE_CLOSE_BACK_5M,2026-05-28,7,3,3,False,0.8864666666666666666666666667,1.643533333333333333333333333
IMMEDIATE_CLOSE_BACK_5M,2026-05-29,12,7,6,False,0.8446666666666666666666666667,0.614500000000
IMMEDIATE_CLOSE_BACK_5M,2026-06-01,13,6,3,False,0.7816666666666666666666666667,0.6083333333333333333333333333
IMMEDIATE_CLOSE_BACK_5M,2026-06-02,8,4,4,False,0.657500000000,0.297500000000
IMMEDIATE_CLOSE_BACK_5M,2026-06-03,12,6,6,False,0.2383333333333333333333333333,2.038333333333333333333333333
IMMEDIATE_CLOSE_BACK_5M,2026-06-04,19,14,14,False,0.6291642857142857142857142857,0.6714285714285714285714285714
IMMEDIATE_CLOSE_BACK_5M,2026-06-05,32,17,17,False,1.052229411764705882352941176,1.990882352941176470588235294
IMMEDIATE_CLOSE_BACK_5M,2026-06-08,27,13,13,False,1.393846153846153846153846154,0.7811538461538461538461538462
IMMEDIATE_CLOSE_BACK_5M,2026-06-09,52,10,10,False,2.393000000000,1.187500000000
IMMEDIATE_CLOSE_BACK_5M,2026-06-10,34,14,14,False,1.761071428571428571428571429,1.995214285714285714285714286
IMMEDIATE_CLOSE_BACK_5M,2026-06-11,42,18,18,False,2.279722222222222222222222222,1.697500000000
IMMEDIATE_CLOSE_BACK_5M,2026-06-12,57,31,30,False,1.907866666666666666666666667,1.383300000000
IMMEDIATE_CLOSE_BACK_5M,2026-06-15,14,7,5,False,0.380400000000,0.590600000000
IMMEDIATE_CLOSE_BACK_5M,2026-06-16,18,12,12,False,0.876325000000,0.7015083333333333333333333333
IMMEDIATE_CLOSE_BACK_5M,2026-06-17,55,28,28,False,1.956789285714285714285714286,1.989482142857142857142857143
IMMEDIATE_CLOSE_BACK_5M,2026-06-18,39,23,19,False,1.491578947368421052631578947,0.5927894736842105263157894737
IMMEDIATE_CLOSE_BACK_5M,2026-06-22,44,19,19,False,0.5536526315789473684210526316,1.322415789473684210526315789
IMMEDIATE_CLOSE_BACK_5M,2026-06-23,43,23,23,False,1.129778260869565217391304348,1.122382608695652173913043478
IMMEDIATE_CLOSE_BACK_5M,2026-06-24,58,31,28,False,1.198214285714285714285714286,1.480892857142857142857142857
IMMEDIATE_CLOSE_BACK_5M,2026-06-25,60,31,30,False,1.818916666666666666666666667,1.893750000000
IMMEDIATE_CLOSE_BACK_5M,2026-06-26,44,19,14,False,1.928500000000,2.006607142857142857142857143
IMMEDIATE_CLOSE_BACK_5M,2026-06-29,49,25,24,False,1.430000000000,1.174166666666666666666666667
IMMEDIATE_CLOSE_BACK_5M,2026-06-30,20,15,14,False,0.859000000000,1.362142857142857142857142857
IMMEDIATE_CLOSE_BACK_5M,2026-07-01,37,18,15,False,0.6659266666666666666666666667,0.9636733333333333333333333333
IMMEDIATE_CLOSE_BACK_5M,2026-07-02,59,20,18,False,0.7427777777777777777777777778,1.873066666666666666666666667
IMMEDIATE_CLOSE_BACK_5M,2026-07-06,39,20,20,False,0.976550000000,0.729750000000
IMMEDIATE_CLOSE_BACK_5M,2026-07-07,37,26,25,False,0.421368000000,1.365020000000
IMMEDIATE_CLOSE_BACK_5M,2026-07-08,50,29,28,False,0.855725000000,0.9048428571428571428571428571
IMMEDIATE_CLOSE_BACK_5M,2026-07-09,44,27,27,False,0.7996296296296296296296296296,0.5851851851851851851851851852
IMMEDIATE_CLOSE_BACK_5M,2026-07-10,44,31,30,False,1.051066666666666666666666667,1.196173333333333333333333333
IMMEDIATE_CLOSE_BACK_5M,2026-07-13,47,36,35,False,0.7923342857142857142857142857,0.8922942857142857142857142857
IMMEDIATE_CLOSE_BACK_5M,2026-07-14,42,29,28,False,1.288125000000,0.8258107142857142857142857143
IMMEDIATE_CLOSE_BACK_5M,2026-07-15,47,25,25,False,0.961844000000,0.785680000000
IMMEDIATE_CLOSE_BACK_5M,2026-07-16,55,32,32,False,0.857818750000,0.936568750000
IMMEDIATE_CLOSE_BACK_5M,2026-07-17,39,24,23,False,1.179743478260869565217391304,1.414656521739130434782608696
IMMEDIATE_CLOSE_BACK_5M,2026-07-20,48,26,26,False,1.148869230769230769230769231,0.8322730769230769230769230769
IMMEDIATE_CLOSE_BACK_5M,2026-07-21,53,35,32,False,0.517987500000,0.482546875000
IMMEDIATE_CLOSE_BACK_5M,2026-07-22,65,33,33,False,0.4658333333333333333333333333,0.7316969696969696969696969697
IMMEDIATE_CLOSE_BACK_5M,2026-07-23,70,29,27,False,1.278333333333333333333333333,1.032407407407407407407407407
IMMEDIATE_CLOSE_BACK_5M,2026-07-24,79,40,40,False,1.021830000000,1.116770000000
IMMEDIATE_CLOSE_BACK_5M,2026-07-27,73,34,34,False,1.540735294117647058823529412,1.335958823529411764705882353
IMMEDIATE_CLOSE_BACK_5M,2026-07-28,61,39,39,False,0.7492871794871794871794871795,1.111800000000
IMMEDIATE_CLOSE_BACK_5M,2026-07-29,113,50,50,False,1.994800000000,2.041198000000
IMMEDIATE_CLOSE_BACK_5M,2026-07-30,70,39,38,False,0.8330894736842105263157894737,1.301655263157894736842105263
IMMEDIATE_CLOSE_BACK_5M,2026-07-31,95,36,35,False,1.363665714285714285714285714,1.187642857142857142857142857
IMMEDIATE_CLOSE_BACK_5M,2026-08-03,36,14,14,False,1.329642857142857142857142857,0.7164285714285714285714285714
IMMEDIATE_CLOSE_BACK_5M,2026-08-04,1,0,0,True,,
IMMEDIATE_CLOSE_BACK_5M,2026-08-05,5,3,3,False,1.127866666666666666666666667,1.536666666666666666666666667
IMMEDIATE_CLOSE_BACK_5M,2026-08-06,17,8,8,False,0.756250000000,0.900625000000
IMMEDIATE_CLOSE_BACK_5M,2026-08-07,14,5,5,False,0.910000000000,0.801700000000
IMMEDIATE_CLOSE_BACK_5M,2026-08-10,18,8,8,False,0.831250000000,0.492000000000
IMMEDIATE_CLOSE_BACK_5M,2026-08-11,14,7,7,False,0.5914285714285714285714285714,0.4708857142857142857142857143
IMMEDIATE_CLOSE_BACK_5M,2026-08-12,12,8,8,False,0.613125000000,0.570637500000
IMMEDIATE_CLOSE_BACK_5M,2026-08-13,16,8,8,False,0.560000000000,0.931250000000
IMMEDIATE_CLOSE_BACK_5M,2026-08-14,7,4,4,False,0.528750000000,0.342500000000
IMMEDIATE_CLOSE_BACK_5M,2026-08-17,19,11,11,False,0.3577363636363636363636363636,0.5181818181818181818181818182
IMMEDIATE_CLOSE_BACK_5M,2026-08-18,17,13,13,False,0.760000000000,0.5211538461538461538461538462
IMMEDIATE_CLOSE_BACK_5M,2026-08-19,35,15,15,False,0.5958666666666666666666666667,0.954200000000
IMMEDIATE_CLOSE_BACK_5M,2026-08-20,13,9,9,False,1.020000000000,0.8322222222222222222222222222
IMMEDIATE_CLOSE_BACK_5M,2026-08-21,11,4,4,False,0.662625000000,1.034850000000
IMMEDIATE_CLOSE_BACK_5M,2026-08-24,18,10,10,False,0.491000000000,0.695500000000
IMMEDIATE_CLOSE_BACK_5M,2026-08-25,15,5,5,False,0.567000000000,1.188760000000
IMMEDIATE_CLOSE_BACK_5M,2026-08-26,30,14,12,False,0.3247333333333333333333333333,0.8127166666666666666666666667
IMMEDIATE_CLOSE_BACK_5M,2026-08-27,20,12,12,False,1.208750000000,0.542500000000
IMMEDIATE_CLOSE_BACK_5M,2026-08-28,44,26,26,False,0.8772615384615384615384615385,1.395900000000
IMMEDIATE_CLOSE_BACK_5M,2026-08-31,32,17,16,False,0.800712500000,0.363131250000
IMMEDIATE_CLOSE_BACK_5M,2026-09-01,34,19,19,False,0.4070947368421052631578947368,0.7463052631578947368421052632
IMMEDIATE_CLOSE_BACK_5M,2026-09-02,38,19,19,False,0.7139473684210526315789473684,0.4722894736842105263157894737
IMMEDIATE_CLOSE_BACK_5M,2026-09-03,27,13,13,False,1.693576923076923076923076923,0.5364230769230769230769230769
IMMEDIATE_CLOSE_BACK_5M,2026-09-04,19,10,10,False,0.386370000000,0.613480000000
MOMENTUM_AWAY_025,2026-01-02,26,26,26,False,1.163653846153846153846153846,1.422726923076923076923076923
MOMENTUM_AWAY_025,2026-01-05,20,18,18,False,0.5501833333333333333333333333,0.4413111111111111111111111111
MOMENTUM_AWAY_025,2026-01-06,29,24,24,False,0.6358416666666666666666666667,0.631000000000
MOMENTUM_AWAY_025,2026-01-07,23,20,20,False,0.471250000000,0.716000000000
MOMENTUM_AWAY_025,2026-01-08,59,59,58,False,0.6727810344827586206896551724,0.4964793103448275862068965517
MOMENTUM_AWAY_025,2026-01-09,23,22,21,False,1.986433333333333333333333333,0.7464285714285714285714285714
MOMENTUM_AWAY_025,2026-01-12,17,16,13,False,0.1919153846153846153846153846,0.8034615384615384615384615385
MOMENTUM_AWAY_025,2026-01-13,13,13,12,False,1.139566666666666666666666667,1.064591666666666666666666667
MOMENTUM_AWAY_025,2026-01-14,68,67,64,False,1.277331250000,1.027109375000
MOMENTUM_AWAY_025,2026-01-15,24,23,22,False,0.5666818181818181818181818182,0.6339954545454545454545454545
MOMENTUM_AWAY_025,2026-01-16,18,18,18,False,1.076777777777777777777777778,0.6494444444444444444444444444
MOMENTUM_AWAY_025,2026-01-20,17,16,16,False,1.237625000000,0.784375000000
MOMENTUM_AWAY_025,2026-01-21,47,47,46,False,0.7959608695652173913043478261,1.827734782608695652173913043
MOMENTUM_AWAY_025,2026-01-22,66,59,59,False,0.7334661016949152542372881356,0.7221915254237288135593220339
MOMENTUM_AWAY_025,2026-01-23,45,44,44,False,0.7891795454545454545454545455,0.522650000000
MOMENTUM_AWAY_025,2026-01-26,22,21,21,False,0.2797619047619047619047619048,0.7397619047619047619047619048
MOMENTUM_AWAY_025,2026-01-27,13,12,11,False,0.8561272727272727272727272727,0.3647818181818181818181818182
MOMENTUM_AWAY_025,2026-01-28,21,18,18,False,0.8099166666666666666666666667,0.6326055555555555555555555556
MOMENTUM_AWAY_025,2026-01-29,92,92,90,False,1.062397777777777777777777778,1.511797777777777777777777778
MOMENTUM_AWAY_025,2026-01-30,117,114,114,False,1.261403508771929824561403509,1.090917543859649122807017544
MOMENTUM_AWAY_025,2026-02-02,34,30,30,False,0.607340000000,1.407313333333333333333333333
MOMENTUM_AWAY_025,2026-02-03,81,81,81,False,1.127954320987654320987654321,1.093608641975308641975308642
MOMENTUM_AWAY_025,2026-02-04,114,114,112,False,1.679839285714285714285714286,1.284625000000
MOMENTUM_AWAY_025,2026-02-05,36,36,36,False,1.637730555555555555555555556,1.379277777777777777777777778
MOMENTUM_AWAY_025,2026-02-06,73,73,70,False,1.050250000000,1.106287142857142857142857143
MOMENTUM_AWAY_025,2026-02-09,34,31,31,False,0.8753225806451612903225806452,0.7958064516129032258064516129
MOMENTUM_AWAY_025,2026-02-10,42,41,39,False,0.7800282051282051282051282051,0.7504692307692307692307692308
MOMENTUM_AWAY_025,2026-02-11,57,56,56,False,1.366332142857142857142857143,1.305728571428571428571428571
MOMENTUM_AWAY_025,2026-02-12,78,76,76,False,0.7149894736842105263157894737,2.272431578947368421052631579
MOMENTUM_AWAY_025,2026-02-13,66,66,65,False,1.699500000000,1.105423076923076923076923077
MOMENTUM_AWAY_025,2026-02-17,58,58,57,False,1.837673684210526315789473684,1.170887719298245614035087719
MOMENTUM_AWAY_025,2026-02-18,86,85,85,False,0.6424717647058823529411764706,1.157584705882352941176470588
MOMENTUM_AWAY_025,2026-02-19,62,61,59,False,1.300864406779661016949152542,0.7409525423728813559322033898
MOMENTUM_AWAY_025,2026-02-20,143,139,134,False,1.698059701492537313432835821,1.424047761194029850746268657
MOMENTUM_AWAY_025,2026-02-23,70,68,66,False,1.374393939393939393939393939,1.225110606060606060606060606
MOMENTUM_AWAY_025,2026-02-24,77,72,72,False,1.101288888888888888888888889,0.7285958333333333333333333333
MOMENTUM_AWAY_025,2026-02-25,38,37,37,False,0.4957945945945945945945945946,0.6717513513513513513513513514
MOMENTUM_AWAY_025,2026-02-26,109,108,108,False,0.7871879629629629629629629630,1.710740740740740740740740741
MOMENTUM_AWAY_025,2026-02-27,87,85,78,False,1.221419230769230769230769231,0.7704807692307692307692307692
MOMENTUM_AWAY_025,2026-03-02,128,123,118,False,0.8135254237288135593220338983,1.254561864406779661016949153
MOMENTUM_AWAY_025,2026-03-03,64,64,64,False,1.281250000000,1.247812500000
MOMENTUM_AWAY_025,2026-03-04,109,102,101,False,1.133014851485148514851485149,0.9837821782178217821782178218
MOMENTUM_AWAY_025,2026-03-05,90,86,83,False,1.752156626506024096385542169,1.369028915662650602409638554
MOMENTUM_AWAY_025,2026-03-06,24,24,24,False,1.860416666666666666666666667,0.9521958333333333333333333333
MOMENTUM_AWAY_025,2026-03-09,29,27,27,False,0.9944518518518518518518518519,1.699629629629629629629629630
MOMENTUM_AWAY_025,2026-03-10,76,75,75,False,1.257606666666666666666666667,1.331961333333333333333333333
MOMENTUM_AWAY_025,2026-03-11,46,45,45,False,1.549277777777777777777777778,1.285166666666666666666666667
MOMENTUM_AWAY_025,2026-03-12,34,34,34,False,1.508520588235294117647058824,1.077264705882352941176470588
MOMENTUM_AWAY_025,2026-03-13,17,17,16,False,1.123437500000,1.874687500000
MOMENTUM_AWAY_025,2026-03-16,28,27,27,False,1.045596296296296296296296296,0.8739518518518518518518518519
MOMENTUM_AWAY_025,2026-03-17,21,20,20,False,0.767065000000,0.637250000000
MOMENTUM_AWAY_025,2026-03-18,24,24,23,False,1.280000000000,0.5971304347826086956521739130
MOMENTUM_AWAY_025,2026-03-19,11,11,11,False,2.044454545454545454545454545,1.022272727272727272727272727
MOMENTUM_AWAY_025,2026-03-20,7,7,7,False,1.964285714285714285714285714,1.585714285714285714285714286
MOMENTUM_AWAY_025,2026-03-23,25,23,22,False,1.435454545454545454545454545,1.205909090909090909090909091
MOMENTUM_AWAY_025,2026-03-24,27,27,27,False,1.322614814814814814814814815,1.342066666666666666666666667
MOMENTUM_AWAY_025,2026-03-25,27,25,23,False,1.508878260869565217391304348,0.9865739130434782608695652174
MOMENTUM_AWAY_025,2026-03-26,24,23,23,False,1.190869565217391304347826087,0.9921739130434782608695652174
MOMENTUM_AWAY_025,2026-03-27,5,5,5,False,0.937980000000,1.633200000000
MOMENTUM_AWAY_025,2026-03-30,10,9,9,False,1.248111111111111111111111111,0.6277777777777777777777777778
MOMENTUM_AWAY_025,2026-03-31,17,17,17,False,1.157635294117647058823529412,1.914117647058823529411764706
MOMENTUM_AWAY_025,2026-04-01,28,28,28,False,1.098932142857142857142857143,0.9933928571428571428571428571
MOMENTUM_AWAY_025,2026-04-02,36,36,36,False,1.462300000000,1.026730555555555555555555556
MOMENTUM_AWAY_025,2026-04-06,40,38,38,False,1.114434210526315789473684211,1.016452631578947368421052632
MOMENTUM_AWAY_025,2026-04-07,51,51,50,False,1.222434000000,1.491084000000
MOMENTUM_AWAY_025,2026-04-08,34,32,30,False,0.7859166666666666666666666667,0.9128333333333333333333333333
MOMENTUM_AWAY_025,2026-04-09,39,39,39,False,0.5914076923076923076923076923,1.377843589743589743589743590
MOMENTUM_AWAY_025,2026-04-10,35,33,33,False,0.8842515151515151515151515152,0.5615212121212121212121212121
MOMENTUM_AWAY_025,2026-04-13,63,61,55,False,0.737080000000,1.005918181818181818181818182
MOMENTUM_AWAY_025,2026-04-14,54,46,43,False,0.4022790697674418604651162791,0.7933139534883720930232558140
MOMENTUM_AWAY_025,2026-04-15,37,37,37,False,0.8600054054054054054054054054,0.4740864864864864864864864865
MOMENTUM_AWAY_025,2026-04-16,17,16,16,False,0.599062500000,0.965475000000
MOMENTUM_AWAY_025,2026-04-17,2,2,2,False,1.830000000000,1.084650000000
MOMENTUM_AWAY_025,2026-04-20,10,9,8,False,0.593587500000,0.658937500000
MOMENTUM_AWAY_025,2026-04-21,20,20,20,False,0.837920000000,1.345330000000
MOMENTUM_AWAY_025,2026-04-22,11,11,11,False,0.5785454545454545454545454545,0.5019090909090909090909090909
MOMENTUM_AWAY_025,2026-04-23,30,29,29,False,1.035389655172413793103448276,1.458734482758620689655172414
MOMENTUM_AWAY_025,2026-04-24,12,12,12,False,0.671250000000,0.7454166666666666666666666667
MOMENTUM_AWAY_025,2026-04-27,13,13,13,False,0.7259846153846153846153846154,0.3841769230769230769230769231
MOMENTUM_AWAY_025,2026-04-28,18,17,17,False,0.8817647058823529411764705882,0.4105882352941176470588235294
MOMENTUM_AWAY_025,2026-04-29,37,36,34,False,1.051938235294117647058823529,0.5042352941176470588235294118
MOMENTUM_AWAY_025,2026-04-30,28,27,27,False,0.8905555555555555555555555556,1.245733333333333333333333333
MOMENTUM_AWAY_025,2026-05-01,8,7,6,False,0.617500000000,0.977500000000
MOMENTUM_AWAY_025,2026-05-04,6,6,6,False,0.5000166666666666666666666667,1.800816666666666666666666667
MOMENTUM_AWAY_025,2026-05-05,6,6,6,False,0.7816666666666666666666666667,0.436450000000
MOMENTUM_AWAY_025,2026-05-06,3,2,2,False,1.203500000000,0.625000000000
MOMENTUM_AWAY_025,2026-05-07,12,11,11,False,0.6931818181818181818181818182,0.9322727272727272727272727273
MOMENTUM_AWAY_025,2026-05-08,10,10,10,False,0.719520000000,0.460480000000
MOMENTUM_AWAY_025,2026-05-11,6,6,6,False,0.795000000000,0.465000000000
MOMENTUM_AWAY_025,2026-05-12,21,21,21,False,0.9159571428571428571428571429,0.7871380952380952380952380952
MOMENTUM_AWAY_025,2026-05-13,9,9,9,False,0.7421222222222222222222222222,0.7861111111111111111111111111
MOMENTUM_AWAY_025,2026-05-14,3,3,3,False,1.071666666666666666666666667,0.625000000000
MOMENTUM_AWAY_025,2026-05-15,16,16,16,False,1.045118750000,0.883700000000
MOMENTUM_AWAY_025,2026-05-18,28,28,28,False,1.328803571428571428571428571,1.032857142857142857142857143
MOMENTUM_AWAY_025,2026-05-19,28,27,27,False,1.202640740740740740740740741,1.060344444444444444444444444
MOMENTUM_AWAY_025,2026-05-20,19,18,17,False,1.761617647058823529411764706,0.9771058823529411764705882353
MOMENTUM_AWAY_025,2026-05-21,28,28,28,False,1.558571428571428571428571429,1.031639285714285714285714286
MOMENTUM_AWAY_025,2026-05-22,13,12,11,False,1.094045454545454545454545455,0.4599909090909090909090909091
MOMENTUM_AWAY_025,2026-05-26,29,24,24,False,0.6418958333333333333333333333,0.4714166666666666666666666667
MOMENTUM_AWAY_025,2026-05-27,24,23,23,False,0.9706521739130434782608695652,0.5471739130434782608695652174
MOMENTUM_AWAY_025,2026-05-28,7,7,7,False,1.618485714285714285714285714,0.8943714285714285714285714286
MOMENTUM_AWAY_025,2026-05-29,12,12,11,False,0.8323636363636363636363636364,0.7726363636363636363636363636
MOMENTUM_AWAY_025,2026-06-01,13,13,10,False,0.834500000000,0.993500000000
MOMENTUM_AWAY_025,2026-06-02,8,8,8,False,0.502500000000,0.918750000000
MOMENTUM_AWAY_025,2026-06-03,12,12,12,False,0.200000000000,1.846666666666666666666666667
MOMENTUM_AWAY_025,2026-06-04,19,17,17,False,0.602900000000,0.710000000000
MOMENTUM_AWAY_025,2026-06-05,32,32,32,False,0.914909375000,1.932500000000
MOMENTUM_AWAY_025,2026-06-08,27,27,27,False,1.474444444444444444444444444,0.8238888888888888888888888889
MOMENTUM_AWAY_025,2026-06-09,52,52,51,False,1.803815686274509803921568627,1.868743137254901960784313725
MOMENTUM_AWAY_025,2026-06-10,34,34,34,False,2.255970588235294117647058824,1.712588235294117647058823529
MOMENTUM_AWAY_025,2026-06-11,42,42,39,False,2.058589743589743589743589744,1.586666666666666666666666667
MOMENTUM_AWAY_025,2026-06-12,57,57,56,False,2.211000000000,1.295696428571428571428571429
MOMENTUM_AWAY_025,2026-06-15,14,14,12,False,0.434750000000,0.729000000000
MOMENTUM_AWAY_025,2026-06-16,18,17,17,False,0.8612352941176470588235294118,0.6175294117647058823529411765
MOMENTUM_AWAY_025,2026-06-17,55,54,54,False,2.444842592592592592592592593,1.665827777777777777777777778
MOMENTUM_AWAY_025,2026-06-18,39,36,32,False,1.220468750000,0.778812500000
MOMENTUM_AWAY_025,2026-06-22,44,43,43,False,0.6669069767441860465116279070,1.759090697674418604651162791
MOMENTUM_AWAY_025,2026-06-23,43,43,42,False,0.9601404761904761904761904762,1.383323809523809523809523810
MOMENTUM_AWAY_025,2026-06-24,58,57,54,False,1.115974074074074074074074074,1.356062962962962962962962963
MOMENTUM_AWAY_025,2026-06-25,60,60,59,False,1.868516949152542372881355932,2.345550847457627118644067797
MOMENTUM_AWAY_025,2026-06-26,44,42,30,False,1.776970000000,1.364780000000
MOMENTUM_AWAY_025,2026-06-29,49,49,48,False,1.751354166666666666666666667,1.196458333333333333333333333
MOMENTUM_AWAY_025,2026-06-30,20,20,19,False,0.8422368421052631578947368421,1.190000000000
MOMENTUM_AWAY_025,2026-07-01,37,34,31,False,0.7225516129032258064516129032,0.9077387096774193548387096774
MOMENTUM_AWAY_025,2026-07-02,59,58,56,False,0.8799839285714285714285714286,1.662948214285714285714285714
MOMENTUM_AWAY_025,2026-07-06,39,37,37,False,0.8102972972972972972972972973,0.5540270270270270270270270270
MOMENTUM_AWAY_025,2026-07-07,37,36,35,False,0.4262171428571428571428571429,1.392917142857142857142857143
MOMENTUM_AWAY_025,2026-07-08,50,48,47,False,0.9184680851063829787234042553,0.8899489361702127659574468085
MOMENTUM_AWAY_025,2026-07-09,44,42,38,False,0.8169710526315789473684210526,0.6585526315789473684210526316
MOMENTUM_AWAY_025,2026-07-10,44,43,42,False,1.083976190476190476190476190,1.066892857142857142857142857
MOMENTUM_AWAY_025,2026-07-13,47,47,46,False,0.8235847826086956521739130435,0.853050000000
MOMENTUM_AWAY_025,2026-07-14,42,41,40,False,1.185172500000,0.761067500000
MOMENTUM_AWAY_025,2026-07-15,47,47,46,False,0.9057565217391304347826086957,0.8101304347826086956521739130
MOMENTUM_AWAY_025,2026-07-16,55,51,50,False,0.997604000000,0.854204000000
MOMENTUM_AWAY_025,2026-07-17,39,38,37,False,1.247910810810810810810810811,1.347924324324324324324324324
MOMENTUM_AWAY_025,2026-07-20,48,46,46,False,1.306208695652173913043478261,0.8198521739130434782608695652
MOMENTUM_AWAY_025,2026-07-21,53,52,49,False,0.4788836734693877551020408163,0.4946285714285714285714285714
MOMENTUM_AWAY_025,2026-07-22,65,59,59,False,0.5190983050847457627118644068,0.7468644067796610169491525424
MOMENTUM_AWAY_025,2026-07-23,70,70,64,False,1.249371875000,1.118743750000
MOMENTUM_AWAY_025,2026-07-24,79,77,77,False,1.025755844155844155844155844,1.163957142857142857142857143
MOMENTUM_AWAY_025,2026-07-27,73,71,71,False,1.222535211267605633802816901,1.543681690140845070422535211
MOMENTUM_AWAY_025,2026-07-28,61,60,58,False,0.6893137931034482758620689655,1.143196551724137931034482759
MOMENTUM_AWAY_025,2026-07-29,113,111,109,False,1.812684403669724770642201835,2.304773394495412844036697248
MOMENTUM_AWAY_025,2026-07-30,70,69,68,False,0.9312117647058823529411764706,1.247426470588235294117647059
MOMENTUM_AWAY_025,2026-07-31,95,94,90,False,1.427997777777777777777777778,1.445772222222222222222222222
MOMENTUM_AWAY_025,2026-08-03,36,34,34,False,0.7788323529411764705882352941,1.188370588235294117647058824
MOMENTUM_AWAY_025,2026-08-04,1,1,1,False,0.340000000000,2.590000000000
MOMENTUM_AWAY_025,2026-08-05,5,5,4,False,1.043400000000,1.692500000000
MOMENTUM_AWAY_025,2026-08-06,17,17,17,False,0.9227294117647058823529411765,0.6863882352941176470588235294
MOMENTUM_AWAY_025,2026-08-07,14,13,13,False,1.130307692307692307692307692,0.7925384615384615384615384615
MOMENTUM_AWAY_025,2026-08-10,18,17,17,False,0.684000000000,0.4032941176470588235294117647
MOMENTUM_AWAY_025,2026-08-11,14,13,13,False,0.6019384615384615384615384615,0.5308461538461538461538461538
MOMENTUM_AWAY_025,2026-08-12,12,12,12,False,0.5738583333333333333333333333,0.7037583333333333333333333333
MOMENTUM_AWAY_025,2026-08-13,16,13,13,False,0.4538461538461538461538461538,1.293846153846153846153846154
MOMENTUM_AWAY_025,2026-08-14,7,5,5,False,0.443000000000,0.472000000000
MOMENTUM_AWAY_025,2026-08-17,19,17,17,False,0.3973647058823529411764705882,0.4473529411764705882352941176
MOMENTUM_AWAY_025,2026-08-18,17,17,17,False,0.6505882352941176470588235294,0.5211764705882352941176470588
MOMENTUM_AWAY_025,2026-08-19,35,34,34,False,0.7555941176470588235294117647,0.7078823529411764705882352941
MOMENTUM_AWAY_025,2026-08-20,13,12,12,False,1.110000000000,0.697500000000
MOMENTUM_AWAY_025,2026-08-21,11,11,11,False,0.7100454545454545454545454545,0.565400000000
MOMENTUM_AWAY_025,2026-08-24,18,16,16,False,0.573281250000,0.726868750000
MOMENTUM_AWAY_025,2026-08-25,15,13,13,False,0.545000000000,0.6541384615384615384615384615
MOMENTUM_AWAY_025,2026-08-26,30,28,26,False,0.6796576923076923076923076923,0.5156346153846153846153846154
MOMENTUM_AWAY_025,2026-08-27,20,18,18,False,1.125000000000,0.5447222222222222222222222222
MOMENTUM_AWAY_025,2026-08-28,44,42,42,False,0.7775904761904761904761904762,1.483885714285714285714285714
MOMENTUM_AWAY_025,2026-08-31,32,28,27,False,0.6364962962962962962962962963,0.5444481481481481481481481481
MOMENTUM_AWAY_025,2026-09-01,34,31,31,False,0.4469290322580645161290322581,0.7596709677419354838709677419
MOMENTUM_AWAY_025,2026-09-02,38,38,38,False,0.5094078947368421052631578947,0.7202631578947368421052631579
MOMENTUM_AWAY_025,2026-09-03,27,26,26,False,1.278326923076923076923076923,0.9413846153846153846153846154
MOMENTUM_AWAY_025,2026-09-04,19,17,17,False,0.4084235294117647058823529412,0.5714529411764705882352941176
ONE_RETEST_HOLD,2026-01-02,26,0,0,True,,
ONE_RETEST_HOLD,2026-01-05,20,3,3,False,0.274100000000,0.5448666666666666666666666667
ONE_RETEST_HOLD,2026-01-06,29,5,5,False,0.181000000000,1.013000000000
ONE_RETEST_HOLD,2026-01-07,23,9,9,False,0.5905555555555555555555555556,0.7777777777777777777777777778
ONE_RETEST_HOLD,2026-01-08,59,10,10,False,0.516700000000,0.372330000000
ONE_RETEST_HOLD,2026-01-09,23,3,3,False,0.676700000000,1.406666666666666666666666667
ONE_RETEST_HOLD,2026-01-12,17,7,7,False,0.453800000000,0.201200000000
ONE_RETEST_HOLD,2026-01-13,13,5,5,False,1.142000000000,1.339020000000
ONE_RETEST_HOLD,2026-01-14,68,7,7,False,0.8057142857142857142857142857,1.010714285714285714285714286
ONE_RETEST_HOLD,2026-01-15,24,5,5,False,0.594000000000,0.711000000000
ONE_RETEST_HOLD,2026-01-16,18,7,7,False,1.014785714285714285714285714,0.4297571428571428571428571429
ONE_RETEST_HOLD,2026-01-20,17,5,5,False,1.248000000000,0.692000000000
ONE_RETEST_HOLD,2026-01-21,47,9,9,False,1.430555555555555555555555556,1.368888888888888888888888889
ONE_RETEST_HOLD,2026-01-22,66,10,10,False,0.521010000000,0.652300000000
ONE_RETEST_HOLD,2026-01-23,45,11,11,False,0.7178454545454545454545454545,0.4707454545454545454545454545
ONE_RETEST_HOLD,2026-01-26,22,2,2,False,0.325000000000,0.195000000000
ONE_RETEST_HOLD,2026-01-27,13,4,4,False,0.808750000000,0.618750000000
ONE_RETEST_HOLD,2026-01-28,21,5,5,False,0.795000000000,0.768000000000
ONE_RETEST_HOLD,2026-01-29,92,11,11,False,0.9836363636363636363636363636,1.215000000000
ONE_RETEST_HOLD,2026-01-30,117,17,16,False,1.148125000000,1.201787500000
ONE_RETEST_HOLD,2026-02-02,34,2,2,False,0.185000000000,1.655000000000
ONE_RETEST_HOLD,2026-02-03,81,13,13,False,1.015746153846153846153846154,0.8119230769230769230769230769
ONE_RETEST_HOLD,2026-02-04,114,19,19,False,2.410684210526315789473684211,1.066315789473684210526315789
ONE_RETEST_HOLD,2026-02-05,36,3,3,False,1.778333333333333333333333333,1.253333333333333333333333333
ONE_RETEST_HOLD,2026-02-06,73,8,8,False,0.520625000000,0.774375000000
ONE_RETEST_HOLD,2026-02-09,34,8,8,False,0.208125000000,1.544375000000
ONE_RETEST_HOLD,2026-02-10,42,4,4,False,1.141250000000,0.803750000000
ONE_RETEST_HOLD,2026-02-11,57,9,9,False,0.9111111111111111111111111111,1.404444444444444444444444444
ONE_RETEST_HOLD,2026-02-12,78,9,9,False,1.417777777777777777777777778,1.021555555555555555555555556
ONE_RETEST_HOLD,2026-02-13,66,13,13,False,1.525600000000,1.120938461538461538461538462
ONE_RETEST_HOLD,2026-02-17,58,11,10,False,2.212850000000,0.719580000000
ONE_RETEST_HOLD,2026-02-18,86,15,15,False,0.548240000000,1.374093333333333333333333333
ONE_RETEST_HOLD,2026-02-19,62,12,12,False,1.224166666666666666666666667,0.4758333333333333333333333333
ONE_RETEST_HOLD,2026-02-20,143,24,24,False,1.527916666666666666666666667,1.483541666666666666666666667
ONE_RETEST_HOLD,2026-02-23,70,18,18,False,0.7430555555555555555555555556,1.200227777777777777777777778
ONE_RETEST_HOLD,2026-02-24,77,6,6,False,0.4916833333333333333333333333,0.3583333333333333333333333333
ONE_RETEST_HOLD,2026-02-25,38,8,8,False,0.374375000000,0.854350000000
ONE_RETEST_HOLD,2026-02-26,109,11,11,False,0.6051545454545454545454545455,2.050818181818181818181818182
ONE_RETEST_HOLD,2026-02-27,87,23,23,False,1.015652173913043478260869565,0.7692913043478260869565217391
ONE_RETEST_HOLD,2026-03-02,128,22,22,False,1.057927272727272727272727273,0.9151909090909090909090909091
ONE_RETEST_HOLD,2026-03-03,64,14,14,False,1.279507142857142857142857143,1.298350000000
ONE_RETEST_HOLD,2026-03-04,109,12,12,False,0.8483333333333333333333333333,0.5691666666666666666666666667
ONE_RETEST_HOLD,2026-03-05,90,9,8,False,1.053125000000,1.763750000000
ONE_RETEST_HOLD,2026-03-06,24,3,3,False,1.900000000000,0.080000000000
ONE_RETEST_HOLD,2026-03-09,29,4,4,False,0.240000000000,1.710000000000
ONE_RETEST_HOLD,2026-03-10,76,8,8,False,1.081100000000,1.250612500000
ONE_RETEST_HOLD,2026-03-11,46,12,12,False,1.236250000000,1.783333333333333333333333333
ONE_RETEST_HOLD,2026-03-12,34,2,2,False,2.004950000000,0.690000000000
ONE_RETEST_HOLD,2026-03-13,17,3,2,False,0.630050000000,0.630000000000
ONE_RETEST_HOLD,2026-03-16,28,3,3,False,0.3466666666666666666666666667,1.236666666666666666666666667
ONE_RETEST_HOLD,2026-03-17,21,3,3,False,0.940000000000,0.254000000000
ONE_RETEST_HOLD,2026-03-18,24,1,1,False,0.060000000000,1.380000000000
ONE_RETEST_HOLD,2026-03-19,11,1,1,False,0.590000000000,1.130000000000
ONE_RETEST_HOLD,2026-03-20,7,1,1,False,1.795000000000,2.415000000000
ONE_RETEST_HOLD,2026-03-23,25,7,7,False,0.9192857142857142857142857143,1.565000000000
ONE_RETEST_HOLD,2026-03-24,27,3,3,False,2.506666666666666666666666667,1.090000000000
ONE_RETEST_HOLD,2026-03-25,27,6,6,False,0.9446333333333333333333333333,1.543333333333333333333333333
ONE_RETEST_HOLD,2026-03-26,24,4,4,False,0.648000000000,1.637000000000
ONE_RETEST_HOLD,2026-03-27,5,0,0,True,,
ONE_RETEST_HOLD,2026-03-30,10,0,0,True,,
ONE_RETEST_HOLD,2026-03-31,17,1,1,False,1.030000000000,0.760000000000
ONE_RETEST_HOLD,2026-04-01,28,5,4,False,1.070000000000,0.948250000000
ONE_RETEST_HOLD,2026-04-02,36,6,6,False,1.311666666666666666666666667,0.529900000000
ONE_RETEST_HOLD,2026-04-06,40,11,11,False,0.4218181818181818181818181818,0.4527272727272727272727272727
ONE_RETEST_HOLD,2026-04-07,51,6,6,False,1.875816666666666666666666667,0.8688166666666666666666666667
ONE_RETEST_HOLD,2026-04-08,34,7,7,False,0.5564285714285714285714285714,1.180714285714285714285714286
ONE_RETEST_HOLD,2026-04-09,39,5,5,False,0.248000000000,1.803200000000
ONE_RETEST_HOLD,2026-04-10,35,4,4,False,0.900600000000,0.636900000000
ONE_RETEST_HOLD,2026-04-13,63,10,9,False,0.6877777777777777777777777778,0.9522222222222222222222222222
ONE_RETEST_HOLD,2026-04-14,54,10,10,False,0.612250000000,0.818250000000
ONE_RETEST_HOLD,2026-04-15,37,6,6,False,0.7033333333333333333333333333,0.398450000000
ONE_RETEST_HOLD,2026-04-16,17,3,3,False,0.230000000000,0.947100000000
ONE_RETEST_HOLD,2026-04-17,2,0,0,True,,
ONE_RETEST_HOLD,2026-04-20,10,0,0,True,,
ONE_RETEST_HOLD,2026-04-21,20,2,2,False,0.585000000000,2.147500000000
ONE_RETEST_HOLD,2026-04-22,11,3,3,False,0.350000000000,0.1866666666666666666666666667
ONE_RETEST_HOLD,2026-04-23,30,5,4,False,1.071275000000,1.637400000000
ONE_RETEST_HOLD,2026-04-24,12,1,1,False,0.070000000000,1.060000000000
ONE_RETEST_HOLD,2026-04-27,13,3,3,False,1.040000000000,0.4547666666666666666666666667
ONE_RETEST_HOLD,2026-04-28,18,4,4,False,1.070000000000,0.307500000000
ONE_RETEST_HOLD,2026-04-29,37,8,8,False,0.985012500000,0.682487500000
ONE_RETEST_HOLD,2026-04-30,28,7,7,False,1.097128571428571428571428571,1.047857142857142857142857143
ONE_RETEST_HOLD,2026-05-01,8,1,1,False,1.020000000000,0.450000000000
ONE_RETEST_HOLD,2026-05-04,6,3,3,False,0.255000000000,1.996333333333333333333333333
ONE_RETEST_HOLD,2026-05-05,6,0,0,True,,
ONE_RETEST_HOLD,2026-05-06,3,1,1,False,0.587000000000,1.320000000000
ONE_RETEST_HOLD,2026-05-07,12,2,2,False,0.232500000000,2.572500000000
ONE_RETEST_HOLD,2026-05-08,10,0,0,True,,
ONE_RETEST_HOLD,2026-05-11,6,0,0,True,,
ONE_RETEST_HOLD,2026-05-12,21,6,6,False,1.136666666666666666666666667,0.660000000000
ONE_RETEST_HOLD,2026-05-13,9,1,1,False,0.030000000000,1.180000000000
ONE_RETEST_HOLD,2026-05-14,3,0,0,True,,
ONE_RETEST_HOLD,2026-05-15,16,1,1,False,1.780000000000,0.145000000000
ONE_RETEST_HOLD,2026-05-18,28,3,3,False,1.511666666666666666666666667,1.210000000000
ONE_RETEST_HOLD,2026-05-19,28,6,6,False,0.7633333333333333333333333333,1.296666666666666666666666667
ONE_RETEST_HOLD,2026-05-20,19,1,1,False,1.530000000000,0.980000000000
ONE_RETEST_HOLD,2026-05-21,28,3,3,False,1.761666666666666666666666667,0.8384333333333333333333333333
ONE_RETEST_HOLD,2026-05-22,13,3,3,False,0.8333333333333333333333333333,0.6683333333333333333333333333
ONE_RETEST_HOLD,2026-05-26,29,7,7,False,0.5992857142857142857142857143,0.5364285714285714285714285714
ONE_RETEST_HOLD,2026-05-27,24,7,7,False,0.8400142857142857142857142857,0.7035571428571428571428571429
ONE_RETEST_HOLD,2026-05-28,7,1,1,False,1.690000000000,0.240000000000
ONE_RETEST_HOLD,2026-05-29,12,3,3,False,0.520000000000,0.9333333333333333333333333333
ONE_RETEST_HOLD,2026-06-01,13,0,0,True,,
ONE_RETEST_HOLD,2026-06-02,8,3,3,False,0.3466666666666666666666666667,0.670000000000
ONE_RETEST_HOLD,2026-06-03,12,2,2,False,0.210000000000,1.090000000000
ONE_RETEST_HOLD,2026-06-04,19,6,6,False,0.841500000000,0.595000000000
ONE_RETEST_HOLD,2026-06-05,32,3,2,False,2.305000000000,0.515000000000
ONE_RETEST_HOLD,2026-06-08,27,7,7,False,1.272142857142857142857142857,1.285000000000
ONE_RETEST_HOLD,2026-06-09,52,3,3,False,2.136666666666666666666666667,1.261666666666666666666666667
ONE_RETEST_HOLD,2026-06-10,34,4,4,False,2.707000000000,1.542000000000
ONE_RETEST_HOLD,2026-06-11,42,3,3,False,5.250000000000,1.228333333333333333333333333
ONE_RETEST_HOLD,2026-06-12,57,8,8,False,1.439500000000,1.492987500000
ONE_RETEST_HOLD,2026-06-15,14,4,4,False,0.410000000000,0.772500000000
ONE_RETEST_HOLD,2026-06-16,18,5,5,False,1.030600000000,0.611000000000
ONE_RETEST_HOLD,2026-06-17,55,6,6,False,2.521666666666666666666666667,0.9016666666666666666666666667
ONE_RETEST_HOLD,2026-06-18,39,8,8,False,1.313125000000,0.574750000000
ONE_RETEST_HOLD,2026-06-22,44,5,5,False,0.929000000000,0.595980000000
ONE_RETEST_HOLD,2026-06-23,43,6,6,False,1.290266666666666666666666667,0.8038666666666666666666666667
ONE_RETEST_HOLD,2026-06-24,58,10,10,False,1.446000000000,1.010000000000
ONE_RETEST_HOLD,2026-06-25,60,6,6,False,2.254900000000,2.096766666666666666666666667
ONE_RETEST_HOLD,2026-06-26,44,10,10,False,2.432950000000,2.422500000000
ONE_RETEST_HOLD,2026-06-29,49,11,11,False,1.258636363636363636363636364,0.7481818181818181818181818182
ONE_RETEST_HOLD,2026-06-30,20,3,3,False,1.157033333333333333333333333,0.488300000000
ONE_RETEST_HOLD,2026-07-01,37,3,3,False,0.400000000000,1.091666666666666666666666667
ONE_RETEST_HOLD,2026-07-02,59,7,7,False,0.8053571428571428571428571429,2.386428571428571428571428571
ONE_RETEST_HOLD,2026-07-06,39,7,7,False,1.048571428571428571428571429,0.3325714285714285714285714286
ONE_RETEST_HOLD,2026-07-07,37,7,7,False,0.260000000000,1.251414285714285714285714286
ONE_RETEST_HOLD,2026-07-08,50,13,13,False,0.5007692307692307692307692308,1.636846153846153846153846154
ONE_RETEST_HOLD,2026-07-09,44,12,12,False,0.4982583333333333333333333333,0.6679083333333333333333333333
ONE_RETEST_HOLD,2026-07-10,44,5,5,False,0.682020000000,1.853580000000
ONE_RETEST_HOLD,2026-07-13,47,10,10,False,0.808160000000,0.477480000000
ONE_RETEST_HOLD,2026-07-14,42,7,7,False,1.151457142857142857142857143,0.9314285714285714285714285714
ONE_RETEST_HOLD,2026-07-15,47,6,6,False,0.4121666666666666666666666667,1.152333333333333333333333333
ONE_RETEST_HOLD,2026-07-16,55,11,11,False,0.9591090909090909090909090909,0.8063636363636363636363636364
ONE_RETEST_HOLD,2026-07-17,39,8,8,False,0.896237500000,1.597250000000
ONE_RETEST_HOLD,2026-07-20,48,9,9,False,0.9872222222222222222222222222,1.093333333333333333333333333
ONE_RETEST_HOLD,2026-07-21,53,17,15,False,0.469920000000,0.494000000000
ONE_RETEST_HOLD,2026-07-22,65,15,15,False,0.3734733333333333333333333333,0.5071933333333333333333333333
ONE_RETEST_HOLD,2026-07-23,70,5,5,False,1.076000000000,1.422000000000
ONE_RETEST_HOLD,2026-07-24,79,16,16,False,1.024956250000,0.958431250000
ONE_RETEST_HOLD,2026-07-27,73,16,16,False,1.150806250000,1.827943750000
ONE_RETEST_HOLD,2026-07-28,61,14,14,False,0.7048142857142857142857142857,1.428042857142857142857142857
ONE_RETEST_HOLD,2026-07-29,113,11,11,False,1.490436363636363636363636364,2.074109090909090909090909091
ONE_RETEST_HOLD,2026-07-30,70,11,10,False,1.231290000000,0.902100000000
ONE_RETEST_HOLD,2026-07-31,95,16,16,False,1.804343750000,0.902187500000
ONE_RETEST_HOLD,2026-08-03,36,3,3,False,0.548400000000,0.306600000000
ONE_RETEST_HOLD,2026-08-04,1,0,0,True,,
ONE_RETEST_HOLD,2026-08-05,5,0,0,True,,
ONE_RETEST_HOLD,2026-08-06,17,3,3,False,0.8916666666666666666666666667,0.7483333333333333333333333333
ONE_RETEST_HOLD,2026-08-07,14,1,1,False,0.500000000000,0.230000000000
ONE_RETEST_HOLD,2026-08-10,18,3,3,False,0.8816666666666666666666666667,0.2333333333333333333333333333
ONE_RETEST_HOLD,2026-08-11,14,3,2,False,0.320000000000,0.650000000000
ONE_RETEST_HOLD,2026-08-12,12,3,3,False,0.6616666666666666666666666667,0.4683333333333333333333333333
ONE_RETEST_HOLD,2026-08-13,16,0,0,True,,
ONE_RETEST_HOLD,2026-08-14,7,1,1,False,1.070000000000,0.350000000000
ONE_RETEST_HOLD,2026-08-17,19,7,7,False,0.332800000000,0.5129285714285714285714285714
ONE_RETEST_HOLD,2026-08-18,17,4,4,False,1.051250000000,0.202500000000
ONE_RETEST_HOLD,2026-08-19,35,7,7,False,0.5734285714285714285714285714,1.131571428571428571428571429
ONE_RETEST_HOLD,2026-08-20,13,1,1,False,1.020000000000,1.070000000000
ONE_RETEST_HOLD,2026-08-21,11,2,2,False,1.140000000000,0.297500000000
ONE_RETEST_HOLD,2026-08-24,18,3,3,False,0.4783333333333333333333333333,0.6066666666666666666666666667
ONE_RETEST_HOLD,2026-08-25,15,0,0,True,,
ONE_RETEST_HOLD,2026-08-26,30,5,5,False,0.388000000000,0.696000000000
ONE_RETEST_HOLD,2026-08-27,20,6,6,False,1.509150000000,0.6858333333333333333333333333
ONE_RETEST_HOLD,2026-08-28,44,5,5,False,1.787000000000,0.663000000000
ONE_RETEST_HOLD,2026-08-31,32,6,5,False,0.801000000000,0.372000000000
ONE_RETEST_HOLD,2026-09-01,34,7,7,False,0.5814285714285714285714285714,0.664000000000
ONE_RETEST_HOLD,2026-09-02,38,3,3,False,0.710400000000,1.081266666666666666666666667
ONE_RETEST_HOLD,2026-09-03,27,4,4,False,0.931325000000,0.350000000000
ONE_RETEST_HOLD,2026-09-04,19,4,3,False,0.4899666666666666666666666667,0.8533666666666666666666666667
